smiles0,smiles1,charge0,charge1,natoms0,natoms1,system_id,group_orig,group_id,k_index,geom_id,cc_basis,cc_HF,cc_MP2_os,cc_MP2_ss,cc_CCSD_os,cc_CCSD_ss,cc_(T),cc_[T],cc_MP2_all,cc_CCSD(T)_all,cc_delta_CCSD(T),qz_HF,qz_MP2_os,qz_MP2_ss,qz_MP2_all,tz_HF,tz_MP2_os,tz_MP2_ss,tz_MP2_all,cbs_MP2_os,cbs_MP2_ss,cbs_MP2_all,cbs_CCSD(T)_all,espx_HF_es,espx_HF_hl,espx_HF_ovl,espx_MP2_es,espx_MP2_ovl,sapt_es,sapt_ex,sapt_exs2,sapt_ind,sapt_exind,sapt_disp,sapt_exdisp_os,sapt_exdisp_ss,sapt_delta_HF,sapt_all,nn_CCSD(T)_all,nn_CCSD(T)_all_05,nn_CCSD(T)_all_95,xyz,elements,reference,system_name
O,O,0,0,3,3,11056,S66x8,3057617,-10,66871604,avqz,-2.8887400000000003,-0.5653100000000001,-1.07954,-0.19479,-1.17001,-0.30229,-0.30071,-4.53359,-4.55583,-0.02224,-2.8887400000000003,-0.5653100000000001,-1.07954,-4.53359,-2.85029,-0.42074,-1.04614,-4.31717,-0.67082,-1.10392,-4.6634699999999984,-4.68571,-10.73901,0.77913,0.06795,-10.68529,0.07558,-10.75507,11.01559,10.89698,-2.5512,1.23794,-2.9298900000000003,0.17269,0.21945,-1.89123,-5.48171,-4.6553900000000015,-4.72031,-4.58798,-0.7022 -0.05606 0.00994 -1.02219 0.84678 -0.01149 0.25752 0.04212 0.00522 2.06777 0.02792 0.00098 2.44439 -0.41046 0.7671 2.44004 -0.44829 -0.74442,O H H O H H,-4.61,1_WaterWater
O,O,0,0,3,3,11056,S66x8,3057617,-5,66871605,avqz,-3.49798,-0.45142,-0.8829299999999999,-0.15442,-0.9654,-0.25384,-0.25208,-4.83234,-4.87165,-0.039310000000000005,-3.49798,-0.45142,-0.8829299999999999,-4.83234,-3.4595300000000004,-0.33608000000000005,-0.8558399999999999,-4.65145,-0.5355800000000001,-0.90271,-4.93627,-4.97558,-8.853660000000003,-0.88279,0.04987,-8.75915,0.05626,-8.87278,7.57828,7.51927,-1.76506,0.74353,-2.32305,0.11982,0.16134,-1.2224700000000002,-5.58039,-4.94562,-4.99999,-4.88928,-0.7022 -0.05606 0.00994 -1.02219 0.84678 -0.01149 0.25752 0.04212 0.00522 2.16841 0.02713 0.00074 2.54503 -0.41125 0.76687 2.54068 -0.44908 -0.74466,O H H O H H,-4.912,1_WaterWater
O,O,0,0,3,3,11056,S66x8,3057617,0,66871606,avqz,-3.75955,-0.3571,-0.72158,-0.11884000000000003,-0.7957,-0.2115,-0.20965,-4.83823,-4.8855900000000005,-0.04736,-3.75955,-0.3571,-0.72158,-4.83823,-3.72539,-0.26482,-0.69963,-4.68984,-0.42443,-0.7376,-4.92159,-4.96895,-7.39005,-1.87807,0.03648,-7.2648,0.041760000000000005,-7.406630000000002,5.21461,5.18534,-1.253,0.4512,-1.85033,0.08249,0.119,-0.8003100000000001,-5.44297,-4.94326,-4.9875099999999986,-4.89818,-0.7022 -0.05606 0.00994 -1.02219 0.84678 -0.01149 0.25752 0.04212 0.00522 2.26888 0.02634 0.00051 2.6455 -0.41204 0.76663 2.64115 -0.44987 -0.74489,O H H O H H,-4.915,1_WaterWater
O,O,0,0,3,3,11056,S66x8,3057617,5,66871607,avqz,-3.79977,-0.27931,-0.58926,-0.08782000000000001,-0.6551,-0.17488,-0.17299,-4.66834,-4.7175699999999985,-0.04924,-3.79977,-0.27931,-0.58926,-4.66834,-3.77244,-0.20521,-0.5715100000000001,-4.54916,-0.33338,-0.6022,-4.73536,-4.7846,-6.23798,-2.43379,0.02658,-6.09122,0.03089,-6.2507199999999985,3.5893900000000003,3.57491,-0.91055,0.27687,-1.47933,0.05637,0.08761000000000001,-0.5405399999999999,-5.1709,-4.76219,-4.80302,-4.72084,-0.7022 -0.05606 0.00994 -1.02219 0.84678 -0.01149 0.25752 0.04212 0.00522 2.36955 0.02555 0.00027 2.74617 -0.41283 0.7664 2.74181 -0.45066 -0.74513,O H H O H H,-4.739,1_WaterWater
O,O,0,0,3,3,11056,S66x8,3057617,10,66871608,avqz,-3.70337,-0.21566,-0.48134,-0.061120000000000015,-0.53935,-0.14365999999999998,-0.14174,-4.40036,-4.44749,-0.04713,-3.70337,-0.21566,-0.48134,-4.40036,-3.68334,-0.15583,-0.46701,-4.30617,-0.25932,-0.49179,-4.45448,-4.50161,-5.32422,-2.70041,0.01931,-5.163869999999998,0.0228,-5.33367,2.47815,2.47097,-0.6763899999999999,0.17190999999999998,-1.18803,0.038360000000000005,0.06421,-0.38364,-4.82912,-4.4859,-4.52506,-4.44715,-0.7022 -0.05606 0.00994 -1.02219 0.84678 -0.01149 0.25752 0.04212 0.00522 2.47012 0.02476 4e-05 2.84674 -0.41362 0.76616 2.84238 -0.45145 -0.74537,O H H O H H,-4.462,1_WaterWater
O,O,0,0,3,3,11056,S66x8,3057617,25,66871609,avqz,-3.0755,-0.0871,-0.26315,-0.00297,-0.30194,-0.07651000000000001,-0.07454,-3.42575,-3.45692,-0.031160000000000007,-3.0755,-0.0871,-0.26315,-3.42575,-3.07094,-0.054179999999999985,-0.25558000000000003,-3.3807,-0.11113,-0.26867,-3.4553,-3.48647,-3.5058,-2.64862,0.00729,-3.33714,0.00905,-3.51132,0.8391700000000001,0.8382799999999999,-0.30721,0.0425,-0.63216,0.01198,0.02393,-0.18564,-3.71876,-3.4773400000000003,-3.50665,-3.4488300000000005,-0.7022 -0.05606 0.00994 -1.02219 0.84678 -0.01149 0.25752 0.04212 0.00522 2.77182 0.02239 -0.00067 3.14844 -0.41599 0.76545 3.14409 -0.45382 -0.74607,O H H O H H,-3.46,1_WaterWater
O,O,0,0,3,3,11056,S66x8,3057617,50,66871610,avqz,-2.01059,0.00581,-0.09735,0.04113,-0.11783,-0.02242,-0.02032,-2.1021400000000003,-2.10971,-0.00757,-2.01059,0.00581,-0.09735,-2.1021400000000003,-2.01609,0.02121,-0.0942,-2.08908,-0.00544,-0.09965,-2.11568,-2.12325,-2.01309,-1.88066,0.0014,-1.87549,0.00191,-2.01709,0.15442,0.15439,-0.10472,0.00426,-0.24369,0.00178,0.00383,-0.07687000000000001,-2.27809,-2.12053,-2.13641,-2.1052,-0.7022 -0.05606 0.00994 -1.02219 0.84678 -0.01149 0.25752 0.04212 0.00522 3.27466 0.01845 -0.00185 3.65128 -0.41993 0.76428 3.64692 -0.45776 -0.74725,O H H O H H,-2.108,1_WaterWater
O,O,0,0,3,3,11056,S66x8,3057617,100,66871611,avqz,-0.89995,0.03594,-0.01196,0.0457,-0.02024,0.0033,0.00524,-0.87597,-0.8712,0.00477,-0.89995,0.03594,-0.01196,-0.87597,-0.90194,0.04254,-0.01064,-0.87003,0.03113,-0.01293,-0.88176,-0.8769899999999999,-0.88028,-0.8771,5e-05,-0.80504,9e-05,-0.88175,0.0054,0.0054,-0.02021,9e-05,-0.05156,4e-05,0.0001,-0.01376,-0.96165,-0.87536,-0.8821100000000001,-0.86851,-0.7022 -0.05606 0.00994 -1.02219 0.84678 -0.01149 0.25752 0.04212 0.00522 4.28034 0.01056 -0.0042 4.65696 -0.42782 0.76192 4.6526 -0.46566 -0.74961,O H H O H H,-0.871,1_WaterWater
CO,O,0,0,6,3,15449,S66x8,3057611,-10,66871556,avtz,-2.71659,-0.80581,-1.4505,-0.29016,-1.5065,-0.39079,-0.39765,-4.97291,-4.90404,0.06887,-2.75589,-0.97594,-1.49072,-5.22255,-2.71659,-0.80581,-1.4505,-4.97291,-1.10008,-1.52007,-5.37605,-5.307180000000002,-12.18504,1.76741,0.08064,-12.32818,0.09059,-12.21811,13.49474,13.3262,-3.55462,1.93717,-3.9658,0.23807,0.31846,-2.4904,-6.2405,-5.32178,-5.4033,-5.23358,2.62978 -0.425 -1.20185 2.16478 0.04663 0.06031 2.19897 0.2261 -1.95496 3.71575 -0.3742 -1.27616 2.30144 -1.44486 -1.40093 2.53276 -0.52544 0.73784 -0.52533 -0.05097 -0.31452 -0.94201 0.7479 0.01125 0.4037 0.05979 -0.07357,C O H H H H O H H,-5.232,2_WaterMeOH
CO,O,0,0,6,3,15449,S66x8,3057611,-5,66871557,avtz,-3.44905,-0.68053,-1.21182,-0.25881,-1.26519,-0.33585,-0.34195,-5.3414,-5.3089,0.0325,-3.48998,-0.8175100000000001,-1.24469,-5.55219,-3.44905,-0.68053,-1.21182,-5.3414,-0.91747,-1.26869,-5.67614,-5.64364,-9.99096,-0.23272,0.059779999999999986,-10.07084,0.06817999999999999,-10.0311,9.40761,9.32173,-2.48464,1.22412,-3.19469,0.1689,0.23527,-1.66375,-6.33828,-5.6497199999999985,-5.7165599999999985,-5.57915,2.72762 -0.42573 -1.19441 2.26261 0.0459 0.06775 2.2968 0.22537 -1.94752 3.81358 -0.37493 -1.26872 2.39927 -1.4456 -1.39349 2.63059 -0.52617 0.74528 -0.52533 -0.05097 -0.31452 -0.94201 0.7479 0.01125 0.4037 0.05979 -0.07357,C O H H H H O H H,-5.5779999999999985,2_WaterMeOH
CO,O,0,0,6,3,15449,S66x8,3057611,0,66871558,avtz,-3.79562,-0.57143,-1.01159,-0.22661,-1.06121,-0.28653,-0.29203,-5.37864,-5.36996,0.00868,-3.83392,-0.68209,-1.0385,-5.55451,-3.79562,-0.57143,-1.01159,-5.37864,-0.76284,-1.05813,-5.65489,-5.64621,-8.28771,-1.46917,0.04417,-8.315380000000001,0.05117,-8.32586,6.55595,6.51233,-1.7732,0.7794,-2.58484,0.11901,0.17372,-1.11801,-6.1738300000000015,-5.64564,-5.70771,-5.58041,2.82535 -0.42646 -1.18698 2.36034 0.04517 0.07518 2.39453 0.22464 -1.94009 3.91131 -0.37566 -1.26129 2.49701 -1.44632 -1.38606 2.72833 -0.5269 0.75271 -0.52533 -0.05097 -0.31452 -0.94201 0.7479 0.01125 0.4037 0.05979 -0.07357,C O H H H H O H H,-5.589,2_WaterMeOH
CO,O,0,0,6,3,15449,S66x8,3057611,5,66871559,avtz,-3.89297,-0.47716,-0.84401,-0.1949,-0.8892,-0.24282,-0.24781,-5.21414,-5.21988,-0.00574,-3.92531,-0.56692,-0.86603,-5.35826,-3.89297,-0.47716,-0.84401,-5.21414,-0.63241,-0.8821,-5.4398300000000015,-5.44556,-6.95017,-2.19423,0.032510000000000004,-6.9363600000000005,0.03828,-6.98255,4.56787,4.54579,-1.28997,0.49997,-2.0993,0.08331000000000001,0.12793,-0.7659999999999999,-5.85874,-5.44461,-5.50126,-5.3855900000000005,2.92328 -0.42719 -1.17953 2.45827 0.04444 0.08263 2.49246 0.22391 -1.93265 4.00924 -0.37639 -1.25384 2.59494 -1.44706 -1.37861 2.82626 -0.52763 0.76015 -0.52533 -0.05097 -0.31452 -0.94201 0.7479 0.01125 0.4037 0.05979 -0.07357,C O H H H H O H H,-5.396,2_WaterMeOH
CO,O,0,0,6,3,15449,S66x8,3057611,10,66871560,avtz,-3.83263,-0.39655,-0.70467,-0.1647,-0.74515,-0.20468,-0.20921,-4.93385,-4.94716,-0.01331,-3.8576,-0.46975,-0.72268,-5.0500300000000005,-3.83263,-0.39655,-0.70467,-4.93385,-0.52317,-0.73582,-5.11659,-5.1299,-5.89277,-2.57727,0.02386,-5.84748,0.02858,-5.91902,3.18987,3.17869,-0.95598,0.32321,-1.7126,0.05809,0.09389,-0.54347,-5.46601,-5.12794,-5.17733,-5.07602,3.02111 -0.42792 -1.1721 2.55611 0.04371 0.09006 2.5903 0.22318 -1.92521 4.10708 -0.37712 -1.24641 2.69277 -1.44779 -1.37118 2.92409 -0.52836 0.76759 -0.52533 -0.05097 -0.31452 -0.94201 0.7479 0.01125 0.4037 0.05979 -0.07357,C O H H H H O H H,-5.086,2_WaterMeOH
CO,O,0,0,6,3,15449,S66x8,3057611,25,66871561,avtz,-3.2336400000000003,-0.22026,-0.41281,-0.08782000000000001,-0.4402100000000001,-0.11916,-0.12244,-3.86671,-3.88084,-0.014130000000000004,-3.24075,-0.26151,-0.42265,-3.9249,-3.2336400000000003,-0.22026,-0.41281,-3.86671,-0.29161,-0.42984,-3.96219,-3.97632,-3.80681,-2.68725,0.00931,-3.71193,0.01176,-3.820780000000001,1.11103,1.10955,-0.42588,0.08887,-0.95464,0.019430000000000003,0.0359,-0.2486,-4.19467,-3.97005,-4.0028,-3.93755,3.31461 -0.43011 -1.14978 2.8496 0.04152 0.11238 2.88379 0.22098 -1.9029 4.40057 -0.37932 -1.22409 2.98627 -1.44998 -1.34886 3.21759 -0.53056 0.7899 -0.52533 -0.05097 -0.31452 -0.94201 0.7479 0.01125 0.4037 0.05979 -0.07357,C O H H H H O H H,-3.947,2_WaterMeOH
CO,O,0,0,6,3,15449,S66x8,3057611,50,66871562,avtz,-2.12245,-0.06885,-0.17445,-0.00982,-0.1882,-0.04427,-0.04564,-2.36575,-2.36475,0.001,-2.11822,-0.08793,-0.17845999999999998,-2.38461,-2.12245,-0.06885,-0.17445,-2.36575,-0.10185,-0.18139,-2.40146,-2.40046,-2.13184,-1.94894,0.0019,-2.031,0.00263,-2.13822,0.20946,0.2094,-0.13982,0.01018,-0.39506,0.00312,0.00643,-0.09882,-2.54273,-2.39741,-2.4163900000000003,-2.37894,3.80377 -0.43376 -1.1126 3.33877 0.03787 0.14956 3.37295 0.21733 -1.86571 4.88973 -0.38297 -1.18691 3.47543 -1.45363 -1.31168 3.70675 -0.53421 0.82709 -0.52533 -0.05097 -0.31452 -0.94201 0.7479 0.01125 0.4037 0.05979 -0.07357,C O H H H H O H H,-2.385,2_WaterMeOH
CO,O,0,0,6,3,15449,S66x8,3057611,100,66871563,avtz,-0.93153,0.012819999999999998,-0.03451,0.030080000000000006,-0.03964,-0.00224,-0.0016,-0.95322,-0.94333,0.00989,-0.92948,0.00517,-0.03592,-0.96023,-0.93153,0.012819999999999998,-0.03451,-0.95322,-0.00041,-0.03696,-0.96684,-0.95695,-0.90528,-0.9005,8e-05,-0.8431700000000001,0.00013000000000000002,-0.90694,0.00685,0.00685,-0.02644,0.00015,-0.09296,8e-05,0.00019,-0.016130000000000002,-1.0352,-0.95809,-0.96802,-0.94794,4.78209 -0.44107 -1.03822 4.31709 0.03056 0.22394 4.35128 0.21003 -1.79133 5.86806 -0.39027 -1.11253 4.45375 -1.46094 -1.2373 4.68507 -0.54152 0.90147 -0.52533 -0.05097 -0.31452 -0.94201 0.7479 0.01125 0.4037 0.05979 -0.07357,C O H H H H O H H,-0.952,2_WaterMeOH
CN,O,0,0,7,3,15235,S66x8,3057579,-10,66871300,avtz,-3.55291,-1.10183,-1.7143400000000002,-0.45081,-1.72293,-0.4898,-0.5071,-6.36908,-6.21645,0.15264,-3.56215,-1.29631,-1.75247,-6.6109300000000015,-3.55291,-1.10183,-1.7143400000000002,-6.36908,-1.43822,-1.7802900000000002,-6.780660000000001,-6.62803,-16.25695,3.12352,0.11861,-16.50984,0.12802,-16.22684,18.67078,18.30748,-5.32764,3.14239,-4.66208,0.32054,0.46654,-3.91262,-7.5289199999999985,-6.58822,-6.71628,-6.4507900000000005,2.74282 1.40561 -0.03511 2.08348 0.09724 0.00514 2.43227 1.98733 0.82941 3.83413 1.36631 -0.04406 2.4161 1.94153 -0.92293 2.37885 -0.45539 -0.78966 2.39356 -0.41348 0.822 -0.68746 -0.11174 -0.01963 -1.04612 0.77594 0.01271 0.27404 0.02585 -0.0035,C N H H H H H O H H,-6.53,3_WaterMeNH2
CN,O,0,0,7,3,15235,S66x8,3057579,-5,66871301,avtz,-4.36851,-0.93145,-1.44182,-0.39109,-1.45805,-0.42654,-0.44041,-6.74178,-6.644189999999999,0.0976,-4.38011,-1.08819,-1.47262,-6.940919999999998,-4.36851,-0.93145,-1.44182,-6.74178,-1.20256,-1.49509,-7.07777,-6.980169999999998,-13.4058,0.56153,0.09033,-13.60579,0.09878,-13.401270000000002,13.43549,13.23875,-3.86718,2.13249,-3.75542,0.23607,0.34464,-2.7557,-7.630889999999999,-6.95478,-7.0622,-6.8412,2.84334 1.40957 -0.03463 2.184 0.10121 0.00562 2.53279 1.9913 0.82989 3.93464 1.37028 -0.04358 2.51662 1.94549 -0.92245 2.47936 -0.45143 -0.78918 2.49408 -0.40951 0.82247 -0.68746 -0.11174 -0.01963 -1.04612 0.77594 0.01271 0.27404 0.02585 -0.0035,C N H H H H H O H H,-6.897,3_WaterMeNH2
CN,O,0,0,7,3,15235,S66x8,3057579,0,66871302,avtz,-4.75135,-0.78551,-1.21119,-0.3376,-1.23139,-0.36906,-0.38028,-6.74804,-6.6894,0.05865,-4.76517,-0.91174,-1.23607,-6.91298,-4.75135,-0.78551,-1.21119,-6.74804,-1.00386,-1.25422,-7.02325,-6.96461,-11.14946,-1.09007,0.06856,-11.30076,0.07602,-11.15774,9.66287,9.55665,-2.84939,1.45039,-3.03727,0.1724,0.25502,-1.9326,-7.4363199999999985,-6.9474800000000005,-7.03215,-6.85554,2.94375 1.41354 -0.03415 2.28442 0.10517 0.00609 2.63321 1.99526 0.83037 4.03506 1.37424 -0.0431 2.61704 1.94945 -0.92197 2.57978 -0.44747 -0.7887 2.5945 -0.40555 0.82295 -0.68746 -0.11174 -0.01963 -1.04612 0.77594 0.01271 0.27404 0.02585 -0.0035,C N H H H H H O H H,-6.894,3_WaterMeNH2
CN,O,0,0,7,3,15235,S66x8,3057579,5,66871303,avtz,-4.84981,-0.66091,-1.01649,-0.28983000000000003,-1.03796,-0.31737,-0.32654,-6.5272,-6.49497,0.03223,-4.86415,-0.76268,-1.03662,-6.66345,-4.84981,-0.66091,-1.01649,-6.5272,-0.83695,-1.05131,-6.7524,-6.72017,-9.34914,-2.11528,0.05184,-9.4577,0.0583,-9.36156,6.94463,6.88748,-2.1253,0.98797,-2.46481,0.12484,0.18937,-1.3596,-7.06446,-6.70741,-6.776610000000002,-6.631939999999998,3.04437 1.41751 -0.03367 2.38504 0.10914 0.00657 2.73383 1.99923 0.83085 4.13568 1.37821 -0.04262 2.71766 1.95342 -0.92149 2.6804 -0.4435 -0.78822 2.69512 -0.40158 0.82343 -0.68746 -0.11174 -0.01963 -1.04612 0.77594 0.01271 0.27404 0.02585 -0.0035,C N H H H H H O H H,-6.66,3_WaterMeNH2
CN,O,0,0,7,3,15235,S66x8,3057579,10,66871304,avtz,-4.76556,-0.5553100000000001,-0.8532700000000001,-0.24745,-0.8741899999999999,-0.27157,-0.27912,-6.17414,-6.15876,0.01538,-4.7786300000000015,-0.63763,-0.8696,-6.28586,-4.76556,-0.5553100000000001,-0.8532700000000001,-6.17414,-0.6977,-0.8815200000000001,-6.35785,-6.34247,-7.90769,-2.70779,0.03909,-7.9801600000000015,0.04462,-7.91936,4.9966800000000005,4.96594,-1.60345,0.67478,-2.00823,0.08982000000000001,0.14131,-0.96933,-6.59778,-6.33102,-6.39085,-6.26387,3.14489 1.42147 -0.03319 2.48556 0.11311 0.00705 2.83435 2.0032 0.83133 4.2362 1.38218 -0.04214 2.81818 1.95739 -0.92101 2.78092 -0.43953 -0.78774 2.79564 -0.39761 0.82391 -0.68746 -0.11174 -0.01963 -1.04612 0.77594 0.01271 0.27404 0.02585 -0.0035,C N H H H H H O H H,-6.291,3_WaterMeNH2
CN,O,0,0,7,3,15235,S66x8,3057579,25,66871305,avtz,-4.01593,-0.32675,-0.50726,-0.14782,-0.52162,-0.1659,-0.17035,-4.84994,-4.85126,-0.00132,-4.02159,-0.37148,-0.5161,-4.90917,-4.01593,-0.32675,-0.50726,-4.84994,-0.40413,-0.52254,-4.9482599999999985,-4.94959,-5.01911,-3.09374,0.01651,-5.019819999999998,0.01975,-5.0229599999999985,1.88513,1.88031,-0.72941,0.21764,-1.1107200000000002,0.03253,0.05913,-0.4056,-5.0742699999999985,-4.93677,-4.9806300000000014,-4.89254,3.44645 1.43337 -0.03175 2.78711 0.12501 0.00849 3.13591 2.0151 0.83277 4.53776 1.39408 -0.0407 3.11974 1.96929 -0.91957 3.08248 -0.42763 -0.7863 3.09719 -0.38571 0.82535 -0.68746 -0.11174 -0.01963 -1.04612 0.77594 0.01271 0.27404 0.02585 -0.0035,C N H H H H H O H H,-4.916,3_WaterMeNH2
CN,O,0,0,7,3,15235,S66x8,3057579,50,66871306,avtz,-2.61022,-0.12955,-0.22026,-0.0497,-0.2243,-0.06859,-0.07049,-2.96003,-2.95281,0.007229999999999999,-2.60843,-0.14833,-0.22369,-2.98045,-2.61022,-0.12955,-0.22026,-2.96003,-0.16203,-0.22619,-2.99666,-2.98943,-2.68738,-2.32094,0.00379,-2.6472900000000004,0.00494,-2.68838,0.39636,0.39612,-0.23405,0.03444,-0.44742,0.00585,0.01249,-0.14351,-3.0642400000000003,-2.98851,-3.01095,-2.96652,3.94904 1.4532 -0.02935 3.28971 0.14484 0.01089 3.6385 2.03493 0.83516 5.04035 1.41391 -0.03831 3.62233 1.98912 -0.91717 3.58507 -0.4078 -0.7839 3.59979 -0.36588 0.82775 -0.68746 -0.11174 -0.01963 -1.04612 0.77594 0.01271 0.27404 0.02585 -0.0035,C N H H H H H O H H,-2.9730000000000003,3_WaterMeNH2
CN,O,0,0,7,3,15235,S66x8,3057579,100,66871307,avtz,-1.08854,-0.01184,-0.04854,0.01163,-0.04765,-0.00926,-0.00911,-1.1489200000000002,-1.13382,0.0151,-1.08668,-0.01813,-0.04955,-1.15436,-1.08854,-0.01184,-0.04854,-1.1489200000000002,-0.02272,-0.05029,-1.15969,-1.14459,-1.0542200000000002,-1.04081,0.00019,-1.01988,0.0003,-1.05516,0.01812,0.01812,-0.04033,0.00095,-0.09883,0.00019,0.00043,-0.02223,-1.19687,-1.15008,-1.16169,-1.13885,4.95423 1.49286 -0.02456 4.2949 0.1845 0.01569 4.64369 2.07459 0.83996 6.04554 1.45357 -0.03351 4.62752 2.02878 -0.91238 4.59026 -0.36814 -0.7791 4.60498 -0.32622 0.83255 -0.68746 -0.11174 -0.01963 -1.04612 0.77594 0.01271 0.27404 0.02585 -0.0035,C N H H H H H O H H,-1.14,3_WaterMeNH2
CNC(=O)C,O,0,0,12,3,15038,S66x8,3057413,-10,66869972,avdz,-4.57876,-0.19517,-1.52643,0.4501600000000001,-1.77417,-0.36357,-0.36272,-6.30036,-6.2663400000000005,0.03402,-4.72165,-0.91176,-1.8311,-7.4645100000000015,-4.69162,-0.68583,-1.777,-7.15445,-1.07663,-1.87058,-7.66886,-7.63484,-16.93573,1.94672,0.11109,-16.37787,0.1235,-16.94502,18.18526,17.92953,-5.37792,2.79736,-5.74406,0.36334,0.50163,-3.4832300000000003,-9.70264,-7.68993,-7.80577,-7.561439999999998,5.0251 0.09156 -0.05039 4.15686 -1.06041 -0.15984 2.80623 -0.9629 -0.09522 2.22951 0.11239 0.06137 2.0515 -2.26092 -0.22781 4.38861 0.95986 0.08439 5.69069 0.00011 0.8057 5.61957 0.22098 -0.95265 4.55781 -1.97094 -0.28935 2.70146 -3.12203 -0.36073 1.37052 -2.18345 -1.07168 1.43848 -2.39971 0.65919 -0.39202 -0.38472 0.07607 -0.91146 0.41381 0.17765 0.5249 -0.06848 0.09051,C N C O C H H H H H H H O H H,-7.666,4_WaterPeptide
CNC(=O)C,O,0,0,12,3,15038,S66x8,3057413,-5,66869973,avdz,-5.44485,-0.17639000000000002,-1.3056,0.35944,-1.53211,-0.32267,-0.32062,-6.9268399999999986,-6.9402,-0.01336,-5.54131,-0.76949,-1.56245,-7.87325,-5.5084800000000005,-0.58304,-1.5171,-7.608619999999998,-0.90555,-1.59554,-8.04239,-8.05575,-14.17808,-0.5909300000000001,0.08471000000000001,-13.63986,0.09555,-14.20269,13.06546,12.92959,-3.924830000000001,1.86871,-4.7450800000000015,0.26794,0.38196,-2.42955,-9.71807,-8.0716,-8.17337,-7.9612,5.1198 0.10161 -0.05201 4.25156 -1.05036 -0.16146 2.90092 -0.95286 -0.09684 2.32421 0.12244 0.05975 2.14619 -2.25087 -0.22943 4.4833 0.96991 0.08277 5.78539 0.01016 0.80408 5.71426 0.23103 -0.95427 4.65251 -1.96089 -0.29097 2.79615 -3.11198 -0.36235 1.46522 -2.1734 -1.0733 1.53317 -2.38967 0.65758 -0.39202 -0.38472 0.07607 -0.91146 0.41381 0.17765 0.5249 -0.06848 0.09051,C N C O C H H H H H H H O H H,-8.076,4_WaterPeptide
CNC(=O)C,O,0,0,12,3,15038,S66x8,3057413,0,66869974,avdz,-5.8568,-0.1514,-1.11516,0.29316,-1.32165,-0.28355,-0.28103,-7.12335,-7.1688399999999985,-0.04549,-5.91527,-0.64361,-1.33159,-7.89047,-5.8827300000000005,-0.48924,-1.29348,-7.66545,-0.75626,-1.35941,-8.03094,-8.07643,-11.99064,-2.20715,0.06446,-11.46673,0.07381,-12.01968,9.39973,9.32752,-2.91903,1.26111,-3.93701,0.19662,0.29058,-1.70392,-9.4316,-8.06627,-8.170869999999999,-7.95211,5.21439 0.11165 -0.05363 4.34615 -1.04032 -0.16307 2.99552 -0.94282 -0.09846 2.4188 0.13248 0.05813 2.24079 -2.24083 -0.23105 4.5779 0.97995 0.08115 5.87998 0.02019 0.80246 5.80886 0.24107 -0.95589 4.7471 -1.95086 -0.29259 2.89075 -3.10194 -0.36397 1.55981 -2.16336 -1.07492 1.62777 -2.37963 0.65596 -0.39202 -0.38472 0.07607 -0.91146 0.41381 0.17765 0.5249 -0.06848 0.09051,C N C O C H H H H H H H O H H,-8.089,4_WaterPeptide
CNC(=O)C,O,0,0,12,3,15038,S66x8,3057413,5,66869975,avdz,-5.96879,-0.12424,-0.95156,0.24473000000000006,-1.13915,-0.24711,-0.24457,-7.044580000000002,-7.11032,-0.06573999999999999,-5.99494,-0.53338,-1.13368,-7.662000000000001,-5.96611,-0.40508,-1.10159,-7.47278,-0.6269899999999999,-1.1571,-7.77903,-7.84477,-10.23694,-3.19296,0.04892,-9.72596,0.056879999999999986,-10.26459,6.77217,6.73377,-2.2073400000000003,0.85935,-3.2786,0.1436,0.22064,-1.21232,-8.9671,-7.825639999999999,-7.920960000000001,-7.722289999999999,5.30919 0.12171 -0.05525 4.44095 -1.03026 -0.16469 3.09031 -0.93276 -0.10008 2.5136 0.14253 0.05651 2.33558 -2.23077 -0.23267 4.67269 0.99001 0.07953 5.97478 0.03025 0.80084 5.90365 0.25113 -0.95751 4.8419 -1.9408 -0.29421 2.98554 -3.09189 -0.36559 1.65461 -2.1533 -1.07654 1.72256 -2.36957 0.65434 -0.39202 -0.38472 0.07607 -0.91146 0.41381 0.17765 0.5249 -0.06848 0.09051,C N C O C H H H H H H H O H H,-7.851,4_WaterPeptide
CNC(=O)C,O,0,0,12,3,15038,S66x8,3057413,10,66869976,avdz,-5.88468,-0.09738,-0.81212,0.20966,-0.9821,-0.214,-0.21169,-6.79418,-6.87112,-0.07694,-5.8848699999999985,-0.43805,-0.96521,-7.2881300000000016,-5.86194,-0.33088,-0.93814,-7.130960000000001,-0.51626,-0.98497,-7.3861,-7.463030000000002,-8.82366,-3.74569,0.03708,-8.32617,0.0438,-8.84803,4.89731,4.87677,-1.69541,0.59138,-2.74195,0.10464,0.16727,-0.88454,-8.40933,-7.434839999999999,-7.521660000000002,-7.343669999999999,5.40384 0.13175 -0.05687 4.53559 -1.02022 -0.16631 3.18496 -0.92272 -0.1017 2.60825 0.15258 0.05489 2.43023 -2.22073 -0.23429 4.76734 1.00005 0.07791 6.06943 0.04029 0.79922 5.9983 0.26117 -0.95913 4.93655 -1.93075 -0.29583 3.08019 -3.08184 -0.3672 1.74925 -2.14326 -1.07815 1.81721 -2.35953 0.65272 -0.39202 -0.38472 0.07607 -0.91146 0.41381 0.17765 0.5249 -0.06848 0.09051,C N C O C H H H H H H H O H H,-7.465,4_WaterPeptide
CNC(=O)C,O,0,0,12,3,15038,S66x8,3057413,25,66869977,avdz,-5.07036,-0.02705,-0.50555,0.15424000000000002,-0.6309100000000001,-0.13465,-0.13345,-5.60296,-5.68168,-0.07872,-5.03627,-0.22548,-0.59607,-5.85783,-5.03046,-0.16105,-0.57976,-5.77128,-0.27249,-0.60798,-5.91674,-5.99546,-5.93746,-4.02513,0.016030000000000003,-5.48934,0.01986,-5.95366,1.90211,1.89882,-0.82458,0.19878,-1.64084,0.04018,0.07157000000000001,-0.41184,-6.618289999999999,-5.97125,-6.03186,-5.90841,5.68797 0.1619 -0.06173 4.81973 -0.99007 -0.17117 3.46909 -0.89257 -0.10655 2.89238 0.18273 0.05004 2.71436 -2.19058 -0.23915 5.05147 1.0302 0.07306 6.35356 0.07044 0.79437 6.28243 0.29132 -0.96399 5.22068 -1.90061 -0.30069 3.36432 -3.05169 -0.37206 2.03339 -2.11311 -1.08301 2.10134 -2.32938 0.64786 -0.39202 -0.38472 0.07607 -0.91146 0.41381 0.17765 0.5249 -0.06848 0.09051,C N C O C H H H H H H H O H H,-5.9910000000000005,4_WaterPeptide
CNC(=O)C,O,0,0,12,3,15038,S66x8,3057413,50,66869978,avdz,-3.46966,0.04879,-0.22878,0.13213,-0.3056,-0.056,-0.05541,-3.64964,-3.69913,-0.04949,-3.4477300000000004,-0.038860000000000006,-0.26823,-3.75482,-3.4523900000000003,-0.0076,-0.26079,-3.72078,-0.06168,-0.27365,-3.78306,-3.83255,-3.4842,-3.10066,0.00393,-3.13437,0.00526,-3.49426,0.42978,0.42959,-0.29561,0.0331,-0.7505,0.0082,0.01629,-0.16287,-4.21587,-3.81159,-3.84623,-3.7764,6.16144 0.21214 -0.06982 5.2932 -0.93983 -0.17927 3.94257 -0.84233 -0.11465 3.36585 0.23297 0.04194 3.18784 -2.14034 -0.24724 5.52495 1.08044 0.06496 6.82703 0.12068 0.78627 6.75591 0.34156 -0.97208 5.69415 -1.85037 -0.30878 3.8378 -3.00145 -0.38016 2.50686 -2.06287 -1.09111 2.57482 -2.27914 0.63977 -0.39202 -0.38472 0.07607 -0.91146 0.41381 0.17765 0.5249 -0.06848 0.09051,C N C O C H H H H H H H O H H,-3.828,4_WaterPeptide
CNC(=O)C,O,0,0,12,3,15038,S66x8,3057413,100,66869979,avdz,-1.4471,0.08016000000000001,-0.03103,0.10025,-0.06166,-0.0008,0.00143,-1.39798,-1.40931,-0.01134,-1.43714,0.059029999999999985,-0.0379,-1.41601,-1.43934,0.06928,-0.03596,-1.40602,0.05155,-0.039310000000000005,-1.4249,-1.43624,-1.39476,-1.38594,0.00014,-1.21889,0.00022,-1.3978,0.01082,0.01082,-0.04796,0.00042,-0.16301,0.00019,0.00047,-0.01888,-1.61575,-1.42647,-1.44164,-1.41242,7.26981 0.32975 -0.08877 6.40157 -0.82222 -0.19821 5.05093 -0.72472 -0.1336 4.47422 0.35057 0.02299 4.2962 -2.02273 -0.26619 6.63331 1.19805 0.04601 7.9354 0.23829 0.76732 7.86427 0.45917 -0.99103 6.80252 -1.73276 -0.32773 4.94616 -2.88385 -0.39911 3.61522 -1.94526 -1.11006 3.68318 -2.16153 0.62082 -0.39202 -0.38472 0.07607 -0.91146 0.41381 0.17765 0.5249 -0.06848 0.09051,C N C O C H H H H H H H O H H,-1.4369999999999998,4_WaterPeptide
CO,CO,0,0,6,6,11197,S66x8,3057555,-10,66871108,avtz,-2.32855,-1.01205,-1.70745,-0.40457,-1.7568,-0.48554,-0.49684,-5.04805,-4.97546,0.07259,-2.37023,-1.18212,-1.74868,-5.30103,-2.32855,-1.01205,-1.70745,-5.04805,-1.30623,-1.77876,-5.45522,-5.382619999999998,-12.66465,2.56762,0.08693,-12.90122,0.09783,-12.6837,14.73618,14.53682,-3.96516,2.29891,-4.60773,0.28449,0.36781,-2.85319,-6.42239,-5.35884,-5.4512800000000015,-5.2574,-1.15207 -1.31129 0.01526 -0.63613 -0.02328 0.2806 -2.20995 -1.29627 0.26396 -1.05661 -1.59267 -1.03619 -0.67484 -2.08627 0.62051 0.3081 -0.04708 0.07646 2.55686 0.0413 1.31718 2.04803 -0.11572 -0.00454 2.00329 -0.64689 1.94731 3.61586 -0.20914 1.3739 2.40442 1.052 1.69507 2.51682 0.49867 -0.57421,C O H H H H C O H H H H,-5.3279999999999985,5_MeOHMeOH
CO,CO,0,0,6,6,11197,S66x8,3057555,-5,66871109,avtz,-3.1673,-0.8640899999999999,-1.43552,-0.36465,-1.48471,-0.42023,-0.43014,-5.46692,-5.43689,0.03003,-3.21065,-1.00051,-1.46917,-5.68032,-3.1673,-0.8640899999999999,-1.43552,-5.46692,-1.10005,-1.4937200000000002,-5.80442,-5.77439,-10.35711,0.36131,0.06486,-10.50288,0.07412,-10.38666,10.33317,10.23043,-2.7610900000000003,1.4534200000000002,-3.74653,0.20419,0.27416,-1.92685,-6.5562,-5.75254,-5.82687,-5.6721,-1.15207 -1.31129 0.01526 -0.63613 -0.02328 0.2806 -2.20995 -1.29627 0.26396 -1.05661 -1.59267 -1.03619 -0.67484 -2.08627 0.62051 0.3081 -0.04708 0.07646 2.65352 0.03749 1.31267 2.14469 -0.11953 -0.00904 2.09995 -0.65071 1.94281 3.71252 -0.21295 1.3694 2.50108 1.04818 1.69057 2.61348 0.49486 -0.57871,C O H H H H C O H H H H,-5.727,5_MeOHMeOH
CO,CO,0,0,6,6,11197,S66x8,3057555,0,66871110,avtz,-3.59526,-0.7346,-1.20652,-0.32393,-1.2538,-0.36156,-0.37034,-5.53638,-5.53455,0.00183,-3.63637,-0.8442799999999999,-1.23402,-5.71467,-3.59526,-0.7346,-1.20652,-5.53638,-0.92432,-1.25409,-5.814780000000002,-5.81295,-8.567260000000001,-1.03195,0.04824,-8.6398,0.05601,-8.597660000000001,7.24166,7.1889,-1.96365,0.92421,-3.06032,0.14553,0.20431,-1.306,-6.4119199999999985,-5.78693,-5.85263,-5.71028,-1.15207 -1.31129 0.01526 -0.63613 -0.02328 0.2806 -2.20995 -1.29627 0.26396 -1.05661 -1.59267 -1.03619 -0.67484 -2.08627 0.62051 0.3081 -0.04708 0.07646 2.75008 0.03368 1.30818 2.24124 -0.12334 -0.01354 2.19651 -0.65452 1.93831 3.80907 -0.21676 1.3649 2.59764 1.04438 1.68607 2.71003 0.49105 -0.5832,C O H H H H C O H H H H,-5.773,5_MeOHMeOH
CO,CO,0,0,6,6,11197,S66x8,3057555,5,66871111,avtz,-3.754680000000001,-0.62212,-1.01403,-0.28399,-1.0582,-0.30943000000000004,-0.31727,-5.39082,-5.4063,-0.01547,-3.79019,-0.7105600000000001,-1.0365,-5.53726,-3.754680000000001,-0.62212,-1.01403,-5.39082,-0.7751100000000001,-1.0529,-5.6182,-5.63367,-7.16409,-1.87593,0.03574,-7.1794,0.04219,-7.19066,5.07256,5.04556,-1.42488,0.5914,-2.50979,0.10302,0.15192999999999998,-0.8990600000000001,-6.10548,-5.6078199999999985,-5.67116,-5.54121,-1.15207 -1.31129 0.01526 -0.63613 -0.02328 0.2806 -2.20995 -1.29627 0.26396 -1.05661 -1.59267 -1.03619 -0.67484 -2.08627 0.62051 0.3081 -0.04708 0.07646 2.84684 0.02986 1.30367 2.338 -0.12715 -0.01804 2.29327 -0.65833 1.93381 3.90583 -0.22057 1.3604 2.6944 1.04056 1.68157 2.80679 0.48723 -0.58771,C O H H H H C O H H H H,-5.599,5_MeOHMeOH
CO,CO,0,0,6,6,11197,S66x8,3057555,10,66871112,avtz,-3.74115,-0.5254,-0.8532299999999999,-0.24602,-0.8935799999999999,-0.26376,-0.27079000000000003,-5.11978,-5.14451,-0.02474,-3.76943,-0.59702,-0.8715700000000001,-5.23802,-3.74115,-0.5254,-0.8532299999999999,-5.11978,-0.6492899999999999,-0.88495,-5.3036699999999986,-5.3284,-6.05734,-2.34822,0.026410000000000003,-6.0294300000000005,0.03171,-6.07908,3.55966,3.54584,-1.05466,0.38117,-2.06787,0.07261000000000001,0.11267,-0.6378199999999999,-5.71332,-5.30023,-5.35838,-5.24046,-1.15207 -1.31129 0.01526 -0.63613 -0.02328 0.2806 -2.20995 -1.29627 0.26396 -1.05661 -1.59267 -1.03619 -0.67484 -2.08627 0.62051 0.3081 -0.04708 0.07646 2.94349 0.02605 1.29917 2.43466 -0.13097 -0.02254 2.38992 -0.66215 1.92931 4.00249 -0.22439 1.3559 2.79105 1.03675 1.67707 2.90345 0.48342 -0.59221,C O H H H H C O H H H H,-5.299,5_MeOHMeOH
CO,CO,0,0,6,6,11197,S66x8,3057555,25,66871113,avtz,-3.22147,-0.31133,-0.5131399999999999,-0.14886,-0.54138,-0.16028,-0.16529000000000002,-4.04595,-4.072,-0.02605,-3.2314,-0.35047,-0.523,-4.10487,-3.22147,-0.31133,-0.5131399999999999,-4.04595,-0.37902,-0.5301899999999999,-4.14061,-4.16666,-3.88541,-2.61058,0.01051,-3.78904,0.01331,-3.89692,1.25363,1.25175,-0.47169,0.10357,-1.18828,0.02502,0.04457,-0.28572,-4.41582,-4.14271,-4.17505,-4.11032,-1.15207 -1.31129 0.01526 -0.63613 -0.02328 0.2806 -2.20995 -1.29627 0.26396 -1.05661 -1.59267 -1.03619 -0.67484 -2.08627 0.62051 0.3081 -0.04708 0.07646 3.23351 0.01461 1.28567 2.72467 -0.14241 -0.03604 2.67994 -0.67359 1.9158 4.2925 -0.23583 1.3424 3.08107 1.0253 1.66357 3.19346 0.47198 -0.60571,C O H H H H C O H H H H,-4.147,5_MeOHMeOH
CO,CO,0,0,6,6,11197,S66x8,3057555,50,66871114,avtz,-2.1454,-0.12123,-0.22907,-0.04665,-0.24312,-0.06688,-0.06928,-2.4957,-2.50204,-0.00634,-2.14299,-0.13824,-0.23282,-2.51405,-2.1454,-0.12123,-0.22907,-2.4957,-0.15065,-0.23555,-2.5291900000000003,-2.53554,-2.16338,-1.94926,0.0022,-2.05474,0.00307,-2.16859,0.23834,0.23827,-0.1584,0.01131,-0.51752,0.00419,0.00847,-0.11209,-2.69429,-2.52316,-2.54232,-2.50348,-1.15207 -1.31129 0.01526 -0.63613 -0.02328 0.2806 -2.20995 -1.29627 0.26396 -1.05661 -1.59267 -1.03619 -0.67484 -2.08627 0.62051 0.3081 -0.04708 0.07646 3.71675 -0.00445 1.26317 3.20792 -0.16147 -0.05854 3.16318 -0.69265 1.8933 4.77575 -0.25489 1.3199 3.56431 1.00624 1.64107 3.67671 0.45291 -0.62821,C O H H H H C O H H H H,-2.526,5_MeOHMeOH
CO,CO,0,0,6,6,11197,S66x8,3057555,100,66871115,avtz,-0.95069,-0.00644,-0.053320000000000006,0.01655,-0.05782,-0.00974,-0.00946,-1.01044,-1.0017,0.008740000000000001,-0.9487,-0.01297,-0.05455,-1.01623,-0.95069,-0.00644,-0.053320000000000006,-1.01044,-0.01775,-0.05546,-1.0219,-1.01316,-0.91981,-0.91395,0.0001,-0.8543200000000001,0.00016,-0.92126,0.00784,0.00784,-0.031760000000000004,0.00017,-0.13338,0.00011,0.00028,-0.02062,-1.09863,-1.01171,-1.022,-1.00116,-1.15207 -1.31129 0.01526 -0.63613 -0.02328 0.2806 -2.20995 -1.29627 0.26396 -1.05661 -1.59267 -1.03619 -0.67484 -2.08627 0.62051 0.3081 -0.04708 0.07646 4.68332 -0.04258 1.21817 4.17449 -0.1996 -0.10354 4.12976 -0.73078 1.8483 5.74232 -0.29302 1.2749 4.53088 0.96811 1.59607 4.64328 0.41478 -0.67321,C O H H H H C O H H H H,-1.01,5_MeOHMeOH
CN,CO,0,0,7,6,26557,S66x8,3057595,-10,66871428,avtz,-2.66936,-1.72517,-2.42688,-0.8360200000000001,-2.40663,-0.71504,-0.73559,-6.82141,-6.62705,0.19436,-2.68229,-1.94251,-2.4753700000000003,-7.10018,-2.66936,-1.72517,-2.42688,-6.82141,-2.10112,-2.51075,-7.2941600000000015,-7.0998,-17.7102,5.108630000000002,0.13926,-18.129,0.15075999999999998,-17.669320000000006,22.00995,21.53332,-6.4387300000000005,4.01989,-6.37747,0.42574,0.60013,-4.72179,-8.1516,-6.89257,-7.09691,-6.66368,2.51314 -1.41319 0.03452 2.03538 -0.02715 -0.00294 2.12125 -1.94721 -0.82767 3.59985 -1.51992 0.03756 2.12101 -1.89992 0.92416 2.406 0.48062 0.79019 2.40613 0.43718 -0.8222 -1.07667 -1.31392 0.00161 -0.70692 0.04583 0.00639 -2.16292 -1.3632 0.00587 -0.72341 -1.84465 -0.88774 -0.71608 -1.85282 0.88308 0.26562 0.07171 0.00134,C N H H H H H C O H H H H,-7.006,6_MeOHMeNH2
CN,CO,0,0,7,6,26557,S66x8,3057595,-5,66871429,avtz,-3.78201,-1.47245,-2.05896,-0.7276600000000001,-2.05368,-0.6267699999999999,-0.64349,-7.31342,-7.1901100000000016,0.12331,-3.79625,-1.64713,-2.09827,-7.54165,-3.78201,-1.47245,-2.05896,-7.31342,-1.7746,-2.12696,-7.6978,-7.5745,-14.54818,2.0024,0.10666,-14.87449,0.117,-14.5374,15.94292,15.68038,-4.68319,2.75952,-5.20484,0.31775,0.44967,-3.3794800000000005,-8.33506,-7.41553,-7.58241,-7.19002,2.61145 -1.41868 0.03429 2.1337 -0.03265 -0.00318 2.21957 -1.9527 -0.82791 3.69816 -1.52541 0.03732 2.21932 -1.90541 0.92392 2.50432 0.47513 0.78996 2.50444 0.43169 -0.82243 -1.07667 -1.31392 0.00161 -0.70692 0.04583 0.00639 -2.16292 -1.3632 0.00587 -0.72341 -1.84465 -0.88774 -0.71608 -1.85282 0.88308 0.26562 0.07171 0.00134,C N H H H H H C O H H H H,-7.497000000000001,6_MeOHMeNH2
CN,CO,0,0,7,6,26557,S66x8,3057595,0,66871430,avtz,-4.37971,-1.25509,-1.74537,-0.63212,-1.74997,-0.54673,-0.56047,-7.38017,-7.30853,0.07163,-4.39621,-1.39513,-1.77719,-7.568519999999999,-4.37971,-1.25509,-1.74537,-7.38017,-1.49732,-1.8004099999999998,-7.69394,-7.6223,-12.0505,-0.05454,0.08143,-12.29668,0.09056,-12.05659,11.53861,11.39449,-3.45908,1.89838,-4.26491,0.23522,0.33701,-2.403,-8.17435,-7.487719999999999,-7.62506,-7.31842,2.70967 -1.42417 0.03405 2.23191 -0.03813 -0.00341 2.31778 -1.95819 -0.82814 3.79638 -1.5309 0.03708 2.31754 -1.9109 0.92368 2.60253 0.46964 0.78972 2.60266 0.42621 -0.82267 -1.07667 -1.31392 0.00161 -0.70692 0.04583 0.00639 -2.16292 -1.3632 0.00587 -0.72341 -1.84465 -0.88774 -0.71608 -1.85282 0.88308 0.26562 0.07171 0.00134,C N H H H H H C O H H H H,-7.558,6_MeOHMeNH2
CN,CO,0,0,7,6,26557,S66x8,3057595,5,66871431,avtz,-4.63274,-1.06851,-1.47856,-0.54781,-1.4891,-0.47469,-0.48609,-7.179810000000002,-7.14434,0.03547,-4.65025,-1.18066,-1.50431,-7.33523,-4.63274,-1.06851,-1.47856,-7.179810000000002,-1.26251,-1.52311,-7.435860000000001,-7.40039,-10.06299,-1.38174,0.06194,-10.24139,0.06988,-10.07599,8.34167,8.262880000000001,-2.58796,1.30774,-3.50675,0.17269,0.25305,-1.7080799999999998,-7.80362,-7.2956699999999985,-7.4039100000000015,-7.16759,2.80808 -1.42966 0.03381 2.33033 -0.04363 -0.00365 2.4162 -1.96369 -0.82838 3.89479 -1.5364 0.03685 2.41595 -1.91639 0.92344 2.70095 0.46415 0.78948 2.70107 0.42071 -0.82291 -1.07667 -1.31392 0.00161 -0.70692 0.04583 0.00639 -2.16292 -1.3632 0.00587 -0.72341 -1.84465 -0.88774 -0.71608 -1.85282 0.88308 0.26562 0.07171 0.00134,C N H H H H H C O H H H H,-7.346,6_MeOHMeNH2
CN,CO,0,0,7,6,26557,S66x8,3057595,10,66871432,avtz,-4.65822,-0.90939,-1.25307,-0.47373,-1.26661,-0.41063,-0.4202,-6.82068,-6.809189999999999,0.01149,-4.67489,-0.99932,-1.27393,-6.94815,-4.65822,-0.90939,-1.25307,-6.82068,-1.06495,-1.28915,-7.0289899999999985,-7.0175,-8.47747,-2.19748,0.04699,-8.60033,0.05381,-8.49078,6.03419,5.99116,-1.9595,0.90285,-2.89498,0.12598,0.19067,-1.22476,-7.316319999999998,-6.9314800000000005,-7.020460000000001,-6.82695,2.90639 -1.43516 0.03357 2.42864 -0.04912 -0.00389 2.51451 -1.96918 -0.82862 3.99311 -1.54189 0.03661 2.51427 -1.92189 0.92321 2.79926 0.45865 0.78924 2.79939 0.41522 -0.82315 -1.07667 -1.31392 0.00161 -0.70692 0.04583 0.00639 -2.16292 -1.3632 0.00587 -0.72341 -1.84465 -0.88774 -0.71608 -1.85282 0.88308 0.26562 0.07171 0.00134,C N H H H H H C O H H H H,-6.971,6_MeOHMeNH2
CN,CO,0,0,7,6,26557,S66x8,3057595,25,66871433,avtz,-4.07375,-0.5602600000000001,-0.76731,-0.30137,-0.78013,-0.26118,-0.26715,-5.40132,-5.41643,-0.015119999999999996,-4.08271,-0.60735,-0.7783899999999999,-5.46844,-4.07375,-0.5602600000000001,-0.76731,-5.40132,-0.64171,-0.78647,-5.51088,-5.526,-5.323919999999998,-2.95489,0.02021,-5.33935,0.02427,-5.32833,2.30442,2.2974,-0.90126,0.29862,-1.66613,0.04753,0.08199999999999999,-0.5078199999999999,-5.67097,-5.48372,-5.53254,-5.43011,3.20134 -1.45163 0.03286 2.72359 -0.0656 -0.0046 2.80945 -1.98566 -0.82933 4.28805 -1.55837 0.0359 2.80921 -1.93836 0.92249 3.09421 0.44218 0.78853 3.09433 0.39874 -0.82386 -1.07667 -1.31392 0.00161 -0.70692 0.04583 0.00639 -2.16292 -1.3632 0.00587 -0.72341 -1.84465 -0.88774 -0.71608 -1.85282 0.88308 0.26562 0.07171 0.00134,C N H H H H H C O H H H H,-5.497000000000001,6_MeOHMeNH2
CN,CO,0,0,7,6,26557,S66x8,3057595,50,66871434,avtz,-2.71137,-0.24951,-0.35091999999999995,-0.1313,-0.35536,-0.11874,-0.12164,-3.31179,-3.31675,-0.00496,-2.71193,-0.2675,-0.35492,-3.33435,-2.71137,-0.24951,-0.35091999999999995,-3.31179,-0.28063,-0.35783000000000004,-3.3504,-3.35536,-2.81904,-2.3547700000000003,0.00478,-2.7744,0.00626,-2.81863,0.48829,0.48793,-0.29324,0.04752,-0.71636,0.00907,0.01843,-0.17711,-3.4420300000000004,-3.33731,-3.35945,-3.3147,3.69291 -1.47909 0.03167 3.21516 -0.09306 -0.00579 3.30103 -2.01312 -0.83052 4.77962 -1.58583 0.03471 3.30078 -1.96582 0.9213 3.58578 0.41472 0.78734 3.5859 0.37128 -0.82505 -1.07667 -1.31392 0.00161 -0.70692 0.04583 0.00639 -2.16292 -1.3632 0.00587 -0.72341 -1.84465 -0.88774 -0.71608 -1.85282 0.88308 0.26562 0.07171 0.00134,C N H H H H H C O H H H H,-3.342,6_MeOHMeNH2
CN,CO,0,0,7,6,26557,S66x8,3057595,100,66871435,avtz,-1.14449,-0.04788,-0.08706,-0.01271,-0.08581,-0.02416,-0.02436,-1.2794299999999998,-1.26718,0.01226,-1.14286,-0.05295,-0.08796,-1.28377,-1.14449,-0.04788,-0.08706,-1.2794299999999998,-0.05666,-0.08861000000000001,-1.28813,-1.27587,-1.10154,-1.08364,0.00026000000000000003,-1.06235,0.0004,-1.10208,0.02238,0.02238,-0.05235,0.0013,-0.17602,0.00032,0.00072,-0.03159,-1.33731,-1.2779200000000002,-1.29348,-1.26195,4.67606 -1.53401 0.0293 4.1983 -0.14798 -0.00816 4.28417 -2.06804 -0.83289 5.76277 -1.64075 0.03233 4.28393 -2.02074 0.91893 4.56892 0.3598 0.78497 4.56905 0.31636 -0.82742 -1.07667 -1.31392 0.00161 -0.70692 0.04583 0.00639 -2.16292 -1.3632 0.00587 -0.72341 -1.84465 -0.88774 -0.71608 -1.85282 0.88308 0.26562 0.07171 0.00134,C N H H H H H C O H H H H,-1.273,6_MeOHMeNH2
CNC(=O)C,CO,0,0,12,6,15053,S66x8,3057428,-10,66870092,avdz,-3.69785,-0.55362,-1.98391,0.27116,-2.23828,-0.53509,-0.54604,-6.23539,-6.200069999999998,0.03532,-3.84632,-1.29799,-2.31339,-7.45771,-3.80412,-1.06906,-2.25726,-7.130439999999999,-1.46504,-2.35436,-7.6657199999999985,-7.6304,-17.65956,3.5295,0.12465,-17.5205,0.14049,-17.641270000000006,20.37493,20.06525,-6.07528,3.41969,-6.838889999999999,0.44634,0.59638,-4.05791,-9.77601,-7.607360000000001,-7.8268,-7.353210000000002,5.04428 -0.03144 -0.10009 4.06188 1.00867 0.12265 2.73574 0.74695 0.06345 2.31155 -0.37296 -0.22163 1.82011 1.90189 0.37937 4.68773 -0.68237 -0.89227 5.98465 0.42209 -0.39861 5.2038 -0.63596 0.79198 4.35989 1.9191 0.42034 2.32651 2.86334 0.3445 1.40957 1.75575 1.37724 0.99046 1.89238 -0.32214 -1.02217 -0.74117 -0.00545 -0.20878 -0.21687 -1.03241 -2.05749 -0.53871 -0.2686 -0.90774 -1.82183 0.10854 -0.82463 -0.27549 0.96465 0.71113 -0.38689 -0.77396,C N C O C H H H H H H H C O H H H H,-7.689,7_MeOHPeptide
CNC(=O)C,CO,0,0,12,6,15053,S66x8,3057428,-5,66870093,avdz,-4.72791,-0.51385,-1.71613,0.17778,-1.94818,-0.47976,-0.48908,-6.957889999999999,-6.97808,-0.02018,-4.82951,-1.12746,-1.99348,-7.95045,-4.78546,-0.93999,-1.9468,-7.67225,-1.26426,-2.02755,-8.121319999999999,-8.1415,-14.71416,0.67609,0.09605,-14.52666,0.10999,-14.7175,14.76598,14.59906,-4.41711,2.28571,-5.7009300000000005,0.33288,0.45879,-2.85861,-9.85078,-8.10347,-8.25587,-7.93325,5.13319 -0.03066 -0.06941 4.15079 1.00945 0.15333 2.82465 0.74772 0.09413 2.40045 -0.37219 -0.19095 1.90902 1.90266 0.41005 4.77663 -0.6816 -0.86159 6.07356 0.42286 -0.36792 5.2927 -0.63519 0.82267 4.4488 1.91988 0.45102 2.41541 2.86411 0.37518 1.49847 1.75653 1.40793 1.07937 1.89315 -0.29145 -1.02217 -0.74117 -0.00545 -0.20878 -0.21687 -1.03241 -2.05749 -0.53871 -0.2686 -0.90774 -1.82183 0.10854 -0.82463 -0.27549 0.96465 0.71113 -0.38689 -0.77396,C N C O C H H H H H H H C O H H H H,-8.186,7_MeOHPeptide
CNC(=O)C,CO,0,0,12,6,15053,S66x8,3057428,0,66870094,avdz,-5.266,-0.46864,-1.48373,0.11106,-1.69463,-0.42722,-0.4356600000000001,-7.21836,-7.27678,-0.058420000000000014,-5.33007,-0.97516,-1.71702,-8.02225,-5.28695,-0.82142,-1.67812,-7.78649,-1.08735,-1.74541,-8.16282,-8.22125,-12.37511,-1.18579,0.07388,-12.1467,0.086,-12.38773,10.71688,10.62684,-3.27456,1.54145,-4.77301,0.2471,0.35273000000000004,-2.02112,-9.59827,-8.156939999999999,-8.29371,-8.00966,5.222 -0.02989 -0.03876 4.2396 1.01022 0.18398 2.91346 0.7485 0.12479 2.48927 -0.37141 -0.1603 1.99783 1.90344 0.4407 4.86545 -0.68083 -0.83094 6.16237 0.42363 -0.33727 5.38151 -0.63442 0.85332 4.53761 1.92065 0.48167 2.50422 2.86488 0.40583 1.58729 1.7573 1.43858 1.16818 1.89392 -0.2608 -1.02217 -0.74117 -0.00545 -0.20878 -0.21687 -1.03241 -2.05749 -0.53871 -0.2686 -0.90774 -1.82183 0.10854 -0.82463 -0.27549 0.96465 0.71113 -0.38689 -0.77396,C N C O C H H H H H H H C O H H H H,-8.255,7_MeOHPeptide
CNC(=O)C,CO,0,0,12,6,15053,S66x8,3057428,5,66870095,avdz,-5.47501,-0.42207,-1.28255,0.06405,-1.47338,-0.37827,-0.3863,-7.17963,-7.26262,-0.08299,-5.50742,-0.84034,-1.4785,-7.82627,-5.46865,-0.71402,-1.44607,-7.62874,-0.93252,-1.50217,-7.94212,-8.02511,-10.49892,-2.36237,0.0567,-10.23851,0.06711,-10.51377,7.79012,7.74149,-2.47039,1.04906,-4.01083,0.1826,0.27081,-1.44687,-9.14927,-7.96776,-8.084539999999999,-7.8418199999999985,5.31101 -0.02912 -0.00804 4.3286 1.011 0.2147 3.00246 0.74927 0.1555 2.57827 -0.37064 -0.12958 2.08683 1.90421 0.47142 4.95445 -0.68005 -0.80022 6.25138 0.42441 -0.30656 5.47052 -0.63364 0.88403 4.62661 1.92142 0.51239 2.59323 2.86566 0.43655 1.67629 1.75807 1.46929 1.25718 1.8947 -0.23009 -1.02217 -0.74117 -0.00545 -0.20878 -0.21687 -1.03241 -2.05749 -0.53871 -0.2686 -0.90774 -1.82183 0.10854 -0.82463 -0.27549 0.96465 0.71113 -0.38689 -0.77396,C N C O C H H H H H H H C O H H H H,-8.051,7_MeOHPeptide
CNC(=O)C,CO,0,0,12,6,15053,S66x8,3057428,10,66870096,avdz,-5.465330000000002,-0.37677,-1.10959,0.03182,-1.28158,-0.33358000000000004,-0.34146,-6.9516800000000005,-7.048660000000001,-0.09698,-5.47192,-0.72231,-1.27399,-7.46822,-5.4398,-0.61817,-1.24693,-7.3049,-0.7983100000000001,-1.2937299999999998,-7.56395,-7.66093,-8.986880000000003,-3.06225,0.043460000000000006,-8.703560000000001,0.052320000000000005,-9.0009,5.6832699999999985,5.65684,-1.89465,0.72091,-3.38429,0.13460999999999998,0.20772,-1.0603,-8.593630000000001,-7.609269999999999,-7.70604,-7.51125,5.39991 -0.02834 0.02264 4.41751 1.01177 0.24538 3.09137 0.75005 0.18618 2.66718 -0.36987 -0.0989 2.17574 1.90498 0.5021 5.04336 -0.67928 -0.76954 6.34028 0.42518 -0.27587 5.55942 -0.63287 0.91472 4.71552 1.9222 0.54307 2.68213 2.86643 0.46723 1.7652 1.75885 1.49998 1.34609 1.89547 -0.1994 -1.02217 -0.74117 -0.00545 -0.20878 -0.21687 -1.03241 -2.05749 -0.53871 -0.2686 -0.90774 -1.82183 0.10854 -0.82463 -0.27549 0.96465 0.71113 -0.38689 -0.77396,C N C O C H H H H H H H C O H H H H,-7.68,7_MeOHPeptide
CNC(=O)C,CO,0,0,12,6,15053,S66x8,3057428,25,66870097,avdz,-4.7860000000000005,-0.2577,-0.72344,-0.0097,-0.84715,-0.22485,-0.23281,-5.76714,-5.8677,-0.10056,-4.75586,-0.45202,-0.81981,-6.02769,-4.74355,-0.3924,-0.80418,-5.94013,-0.49553,-0.83121,-6.0826,-6.18316,-5.9109099999999986,-3.60744,0.01945,-5.60377,0.02467,-5.92048,2.26927,2.2648,-0.92195,0.24178,-2.07985,0.05353,0.09244,-0.50049,-6.76576,-6.12832,-6.20061,-6.05469,5.66663 -0.02602 0.11469 4.68423 1.01409 0.33743 3.35809 0.75237 0.27823 2.9339 -0.36754 -0.00685 2.44246 1.90731 0.59415 5.31008 -0.67696 -0.67749 6.607 0.4275 -0.18382 5.82614 -0.63055 1.00677 4.98224 1.92452 0.63512 2.94885 2.86876 0.55928 2.03192 1.76117 1.59203 1.61281 1.89779 -0.10735 -1.02217 -0.74117 -0.00545 -0.20878 -0.21687 -1.03241 -2.05749 -0.53871 -0.2686 -0.90774 -1.82183 0.10854 -0.82463 -0.27549 0.96465 0.71113 -0.38689 -0.77396,C N C O C H H H H H H H C O H H H H,-6.19,7_MeOHPeptide
CNC(=O)C,CO,0,0,12,6,15053,S66x8,3057428,50,66870098,avdz,-3.05665,-0.103,-0.3255,0.0033,-0.39006,-0.09998,-0.10645,-3.48515,-3.54339,-0.05824,-3.03914,-0.1694,-0.36086,-3.5694,-3.04125,-0.14626,-0.35522,-3.54273,-0.18628,-0.36498,-3.5904,-3.64864,-3.07848,-2.69681,0.004079999999999999,-2.82334,0.00571,-3.08435,0.43219,0.4320000000000001,-0.28844000000000003,0.02962,-0.8880299999999999,0.00906,0.01782,-0.18281,-3.95496,-3.61749,-3.65269,-3.58171,6.18221 -0.02153 0.29262 5.19981 1.01858 0.51537 3.87367 0.75686 0.45617 3.44947 -0.36306 0.17109 2.95804 1.91179 0.77209 5.82565 -0.67247 -0.49955 7.12258 0.43199 -0.00589 6.34172 -0.62606 1.1847 5.49782 1.92901 0.81306 3.46443 2.87324 0.73721 2.54749 1.76566 1.76996 2.12839 1.90228 0.07058 -1.02217 -0.74117 -0.00545 -0.20878 -0.21687 -1.03241 -2.05749 -0.53871 -0.2686 -0.90774 -1.82183 0.10854 -0.82463 -0.27549 0.96465 0.71113 -0.38689 -0.77396,C N C O C H H H H H H H C O H H H H,-3.649,7_MeOHPeptide
CNC(=O)C,CO,0,0,12,6,15053,S66x8,3057428,100,66870099,avdz,-1.03549,0.01051,-0.05296,0.033460000000000004,-0.07026,-0.01254,-0.01319,-1.07794,-1.08483,-0.00688,-1.0315299999999998,0.00268,-0.05678,-1.08563,-1.03221,0.00795,-0.0558,-1.08007,-0.00116,-0.05749,-1.09018,-1.09707,-0.99551,-0.99122,8e-05,-0.8887700000000001,0.00014,-0.99683,0.005220000000000001,0.005220000000000001,-0.03846,0.00015,-0.16432,9e-05,0.00027,-0.01834,-1.21221,-1.08158,-1.09424,-1.06856,7.45172 -0.01048 0.73075 6.46932 1.02963 0.9535 5.14318 0.76791 0.8943 4.71899 -0.352 0.60922 4.22755 1.92284 1.21021 7.09517 -0.66142 -0.06142 8.39209 0.44304 0.43224 7.61123 -0.61501 1.62283 6.76733 1.94006 1.25119 4.73394 2.88429 1.17534 3.81701 1.77671 2.20809 3.3979 1.91333 0.50871 -1.02217 -0.74117 -0.00545 -0.20878 -0.21687 -1.03241 -2.05749 -0.53871 -0.2686 -0.90774 -1.82183 0.10854 -0.82463 -0.27549 0.96465 0.71113 -0.38689 -0.77396,C N C O C H H H H H H H C O H H H H,-1.099,7_MeOHPeptide
CO,O,0,0,6,3,15449,S66x8,3057608,-10,66871532,avtz,-2.49237,-0.58153,-1.25142,-0.13086,-1.34449,-0.35698,-0.3603,-4.32532,-4.3247,0.00063,-2.53041,-0.72653,-1.28629,-4.54322,-2.49237,-0.58153,-1.25142,-4.32532,-0.8323299999999999,-1.3117299999999998,-4.67447,-4.67385,-11.02133,1.48486,0.07293,-11.02214,0.08123,-11.01916,11.96867,11.82966,-2.86728,1.49225,-3.42224,0.20703,0.2552,-2.17751,-5.56306,-4.6458900000000005,-4.7153,-4.57366,-1.24799 -1.29028 0.00108 -0.78656 0.04517 -0.00719 -2.33428 -1.2589 0.00022 -0.92597 -1.84977 -0.88045 -0.92703 -1.83846 0.89008 0.17771 0.0127 -0.00684 1.96353 -0.04591 -0.00492 2.40274 0.34224 -0.76479 2.40142 0.35669 0.74817,C O H H H H O H H,-4.629,8_MeOHWater
CO,O,0,0,6,3,15449,S66x8,3057608,-5,66871533,avtz,-3.20044,-0.47654,-1.0314,-0.11365,-1.11758,-0.30316,-0.30544,-4.70838,-4.73484,-0.02646,-3.23941,-0.59172,-1.05959,-4.89072,-3.20044,-0.47654,-1.0314,-4.70838,-0.67577,-1.08016,-4.9953400000000014,-5.02179,-9.06061,-0.35973,0.05383,-9.002130000000003,0.06083,-9.06562,8.27786,8.20797,-1.97931,0.8993899999999999,-2.74054,0.14542,0.18905,-1.42749,-5.70125,-4.98531,-5.04707,-4.9212099999999985,-1.24799 -1.29028 0.00108 -0.78656 0.04517 -0.00719 -2.33428 -1.2589 0.00022 -0.92597 -1.84977 -0.88045 -0.92703 -1.83846 0.89008 0.17771 0.0127 -0.00684 2.06274 -0.04917 -0.00481 2.50195 0.33899 -0.76468 2.50063 0.35344 0.74828,C O H H H H O H H,-4.985,8_MeOHWater
CO,O,0,0,6,3,15449,S66x8,3057608,0,66871534,avtz,-3.54114,-0.38746,-0.8499,-0.0949,-0.9284,-0.25589,-0.25741,-4.7785,-4.82033,-0.04183,-3.57683,-0.47908,-0.87265,-4.92857,-3.54114,-0.38746,-0.8499,-4.7785,-0.54594,-0.88926,-5.01203,-5.05386,-7.540589999999999,-1.49342,0.0396,-7.43774,0.04542,-7.54632,5.72331,5.688280000000002,-1.40256,0.54599,-2.20491,0.10129,0.14047,-0.94447,-5.5872,-5.02199,-5.07435,-4.9683199999999985,-1.24799 -1.29028 0.00108 -0.78656 0.04517 -0.00719 -2.33428 -1.2589 0.00022 -0.92597 -1.84977 -0.88045 -0.92703 -1.83846 0.89008 0.17771 0.0127 -0.00684 2.16185 -0.05242 -0.00471 2.60105 0.33573 -0.76458 2.59973 0.35019 0.74838,C O H H H H O H H,-5.023,8_MeOHWater
CO,O,0,0,6,3,15449,S66x8,3057608,5,66871535,avtz,-3.64445,-0.31235,-0.70035,-0.07587,-0.77089,-0.21476,-0.2157,-4.65715,-4.70597,-0.04881,-3.67403,-0.38538,-0.71865,-4.77807,-3.64445,-0.31235,-0.70035,-4.65715,-0.43867,-0.73201,-4.84471,-4.89353,-6.34751,-2.15298,0.02901,-6.21314,0.03379,-6.35174,3.95681,3.93932,-1.01875,0.33436,-1.78113,0.07002,0.10424,-0.6410399999999999,-5.32723,-4.86586,-4.91098,-4.81992,-1.24799 -1.29028 0.00108 -0.78656 0.04517 -0.00719 -2.33428 -1.2589 0.00022 -0.92597 -1.84977 -0.88045 -0.92703 -1.83846 0.89008 0.17771 0.0127 -0.00684 2.26116 -0.05568 -0.0046 2.70036 0.33247 -0.76447 2.69904 0.34693 0.74849,C O H H H H O H H,-4.867,8_MeOHWater
CO,O,0,0,6,3,15449,S66x8,3057608,10,66871536,avtz,-3.59726,-0.2496,-0.57776,-0.05748,-0.6405,-0.17942,-0.17992,-4.4246300000000005,-4.47466,-0.05003,-3.61986,-0.30802,-0.59245,-4.52033,-3.59726,-0.2496,-0.57776,-4.4246300000000005,-0.35065,-0.60316,-4.57367,-4.6237,-5.40421,-2.49682,0.0212,-5.24911,0.02508,-5.40687,2.74224,2.7335,-0.75761,0.20679,-1.44565,0.04817,0.07707,-0.45403,-4.98988,-4.59997,-4.63952,-4.55975,-1.24799 -1.29028 0.00108 -0.78656 0.04517 -0.00719 -2.33428 -1.2589 0.00022 -0.92597 -1.84977 -0.88045 -0.92703 -1.83846 0.89008 0.17771 0.0127 -0.00684 2.36036 -0.05893 -0.00449 2.79957 0.32922 -0.76437 2.79825 0.34367 0.7486,C O H H H H O H H,-4.601,8_MeOHWater
CO,O,0,0,6,3,15449,S66x8,3057608,25,66871537,avtz,-3.05466,-0.11778,-0.32712,-0.01054,-0.36972,-0.10201,-0.10162,-3.49956,-3.53692,-0.03736,-3.06163,-0.14869000000000002,-0.33463000000000004,-3.54495,-3.05466,-0.11778,-0.32712,-3.49956,-0.17125,-0.34011,-3.5729900000000003,-3.61035,-3.53895,-2.57551,0.008140000000000001,-3.3652,0.01014,-3.5407300000000004,0.93509,0.93397,-0.3482,0.05,-0.79503,0.01549,0.02969,-0.21249,-3.86619,-3.59479,-3.62249,-3.56686,-1.24799 -1.29028 0.00108 -0.78656 0.04517 -0.00719 -2.33428 -1.2589 0.00022 -0.92597 -1.84977 -0.88045 -0.92703 -1.83846 0.89008 0.17771 0.0127 -0.00684 2.65798 -0.0687 -0.00417 3.09719 0.31945 -0.76405 3.09587 0.3339 0.74892,C O H H H H O H H,-3.595,8_MeOHWater
CO,O,0,0,6,3,15449,S66x8,3057608,50,66871538,avtz,-2.0303,-0.01346,-0.13076,0.03405,-0.15298,-0.03656,-0.03528,-2.17452,-2.1857900000000003,-0.01127,-2.0263400000000003,-0.02694,-0.1336,-2.18689,-2.0303,-0.01346,-0.13076,-2.17452,-0.03678,-0.13568,-2.19881,-2.21007,-2.02571,-1.87388,0.0016,-1.88157,0.00219,-2.02832,0.17144,0.1714,-0.12297,0.00457,-0.32406,0.00238,0.00508,-0.0859,-2.37778,-2.20247,-2.221,-2.18443,-1.24799 -1.29028 0.00108 -0.78656 0.04517 -0.00719 -2.33428 -1.2589 0.00022 -0.92597 -1.84977 -0.88045 -0.92703 -1.83846 0.89008 0.17771 0.0127 -0.00684 3.15402 -0.08498 -0.00364 3.59322 0.30317 -0.76351 3.5919 0.31763 0.74945,C O H H H H O H H,-2.201,8_MeOHWater
CO,O,0,0,6,3,15449,S66x8,3057608,100,66871539,avtz,-0.91477,0.03035,-0.02218,0.04495,-0.03045,-0.00124,0.0005200000000000001,-0.9066,-0.90151,0.00509,-0.91279,0.02474,-0.02335,-0.91141,-0.91477,0.03035,-0.02218,-0.9066,0.02064,-0.02421,-0.91636,-0.91127,-0.88805,-0.88431,6e-05,-0.81109,0.0001,-0.8892899999999999,0.00572,0.00572,-0.02562,0.00011,-0.07571,6e-05,0.00014,-0.01581,-1.00041,-0.90972,-0.91724,-0.902,-1.24799 -1.29028 0.00108 -0.78656 0.04517 -0.00719 -2.33428 -1.2589 0.00022 -0.92597 -1.84977 -0.88045 -0.92703 -1.83846 0.89008 0.17771 0.0127 -0.00684 4.14609 -0.11754 -0.00258 4.5853 0.27062 -0.76245 4.58398 0.28507 0.75051,C O H H H H O H H,-0.908,8_MeOHWater
CN,CO,0,0,7,6,26557,S66x8,3057592,-10,66871404,avtz,0.0433,-1.18047,-1.45821,-0.74866,-1.4701799999999998,-0.44208,-0.45053,-2.59538,-2.61762,-0.02224,0.01243,-1.28133,-1.48909,-2.75798,0.0433,-1.18047,-1.45821,-2.59538,-1.35493,-1.51162,-2.85411,-2.87635,-5.85078,1.75738,0.05498,-6.14039,0.06267,-5.86301,7.21432,7.1653,-1.32395,0.8187800000000001,-3.55716,0.15818,0.24352,-0.89497,-3.2042900000000003,-2.85465,-2.94482,-2.75894,-1.17578 0.75791 1.14524 -0.89345 -0.04384 -0.043 -2.24163 0.97222 1.19502 -0.88079 0.30425 2.09721 -0.66301 1.71433 1.06081 0.09695 -0.25606 -0.07107 -1.36844 -0.93339 0.03384 2.50803 0.84863 1.03992 2.12212 -0.06296 0.02049 2.18485 0.419 1.98299 3.58909 0.98771 1.07896 2.02956 1.82223 0.92475 2.40415 0.30699 -0.81938,C N H H H H H C O H H H H,-2.813,9_MeNH2MeOH
CN,CO,0,0,7,6,26557,S66x8,3057592,-5,66871405,avtz,-0.67889,-0.97526,-1.19749,-0.6289600000000001,-1.21266,-0.3698,-0.37752,-2.85164,-2.89032,-0.03868,-0.70229,-1.05252,-1.22182,-2.97663,-0.67889,-0.97526,-1.19749,-2.85164,-1.1089,-1.23957,-3.05076,-3.08944,-4.56597,0.50554,0.0389,-4.76888,0.04514,-4.5760000000000005,4.79004,4.76735,-0.8969,0.48773,-2.84134,0.10667,0.17277,-0.5704,-3.32743,-3.07083,-3.14163,-2.99553,-1.17578 0.75791 1.14524 -0.89345 -0.04384 -0.043 -2.24163 0.97222 1.19502 -0.88079 0.30425 2.09721 -0.66301 1.71433 1.06081 0.09695 -0.25606 -0.07107 -1.36844 -0.93339 0.03384 2.62054 0.85936 1.04501 2.23462 -0.05223 0.02557 2.29736 0.42972 1.98807 3.70159 0.99844 1.08405 2.14206 1.83295 0.92983 2.51665 0.31772 -0.81429,C N H H H H H C O H H H H,-3.037,9_MeNH2MeOH
CN,CO,0,0,7,6,26557,S66x8,3057592,0,66871406,avtz,-1.08213,-0.80718,-0.98629,-0.52781,-1.00209,-0.309,-0.31601,-2.87561,-2.92103,-0.04542,-1.09838,-0.86645,-1.00538,-2.97021,-1.08213,-0.80718,-0.98629,-2.87561,-0.9097,-1.01931,-3.02739,-3.07281,-3.62719,-0.24893,0.02743,-3.76316,0.03242,-3.63522,3.19036,3.17983,-0.6249399999999999,0.29061,-2.28309,0.07164,0.12184,-0.38616,-3.25496,-3.05031,-3.10954,-2.98808,-1.17578 0.75791 1.14524 -0.89345 -0.04384 -0.043 -2.24163 0.97222 1.19502 -0.88079 0.30425 2.09721 -0.66301 1.71433 1.06081 0.09695 -0.25606 -0.07107 -1.36844 -0.93339 0.03384 2.73294 0.87007 1.05009 2.34703 -0.04151 0.03065 2.40976 0.44044 1.99316 3.814 1.00916 1.08913 2.25447 1.84367 0.93491 2.62906 0.32844 -0.80921,C N H H H H H C O H H H H,-3.029,9_MeNH2MeOH
CN,CO,0,0,7,6,26557,S66x8,3057592,5,66871407,avtz,-1.2806799999999998,-0.66895,-0.81455,-0.44213,-0.8295,-0.25791,-0.26425,-2.76418,-2.81022,-0.04603,-1.29127,-0.7144699999999999,-0.8294600000000001,-2.8352,-1.2806799999999998,-0.66895,-0.81455,-2.76418,-0.74769,-0.84034,-2.87929,-2.92533,-2.93128,-0.6841,0.01927,-3.01666,0.0232,-2.93774,2.13273,2.12783,-0.44607,0.17190999999999998,-1.84454,0.04794,0.08525,-0.28109,-3.0716,-2.90159,-2.95298,-2.84747,-1.17578 0.75791 1.14524 -0.89345 -0.04384 -0.043 -2.24163 0.97222 1.19502 -0.88079 0.30425 2.09721 -0.66301 1.71433 1.06081 0.09695 -0.25606 -0.07107 -1.36844 -0.93339 0.03384 2.84555 0.88081 1.05518 2.45963 -0.03077 0.03574 2.52236 0.45118 1.99825 3.9266 1.01989 1.09422 2.36707 1.85441 0.94 2.74166 0.33918 -0.80412,C N H H H H H C O H H H H,-2.889,9_MeNH2MeOH
CN,CO,0,0,7,6,26557,S66x8,3057592,10,66871408,avtz,-1.35009,-0.55533,-0.67501,-0.36978,-0.68835,-0.21523,-0.22093,-2.5804400000000003,-2.62346,-0.04302,-1.35663,-0.59042,-0.68662,-2.63367,-1.35009,-0.55533,-0.67501,-2.5804400000000003,-0.61602,-0.69509,-2.66774,-2.71076,-2.40957,-0.91496,0.0135,-2.45762,0.01658,-2.415,1.43399,1.43169,-0.32579,0.10057,-1.4993299999999998,0.03203,0.05922,-0.21866,-2.83297,-2.69077,-2.73308,-2.64614,-1.17578 0.75791 1.14524 -0.89345 -0.04384 -0.043 -2.24163 0.97222 1.19502 -0.88079 0.30425 2.09721 -0.66301 1.71433 1.06081 0.09695 -0.25606 -0.07107 -1.36844 -0.93339 0.03384 2.95805 0.89154 1.06027 2.57214 -0.02005 0.04083 2.63487 0.46191 2.00333 4.03911 1.03062 1.09931 2.47958 1.86514 0.94509 2.85416 0.3499 -0.79903,C N H H H H H C O H H H H,-2.68,9_MeNH2MeOH
CN,CO,0,0,7,6,26557,S66x8,3057592,25,66871409,avtz,-1.21058,-0.32037,-0.39195,-0.21396,-0.39976,-0.12527,-0.12922999999999998,-1.9229,-1.94958,-0.02668,-1.21059,-0.33715,-0.39749,-1.94524,-1.21058,-0.32037,-0.39195,-1.9229,-0.3494,-0.40153,-1.96153,-1.98821,-1.46236,-1.02315,0.0046,-1.45121,0.00601,-1.46585,0.45025,0.45001,-0.14381,0.01835,-0.83441,0.00951,0.01907,-0.12331,-2.07019,-1.97659,-2.0016,-1.9508,-1.17578 0.75791 1.14524 -0.89345 -0.04384 -0.043 -2.24163 0.97222 1.19502 -0.88079 0.30425 2.09721 -0.66301 1.71433 1.06081 0.09695 -0.25606 -0.07107 -1.36844 -0.93339 0.03384 3.29556 0.92372 1.07553 2.90965 0.01214 0.05609 2.97238 0.49409 2.01859 4.37662 1.0628 1.11457 2.81709 1.89732 0.96035 3.19168 0.38209 -0.78377,C N H H H H H C O H H H H,-1.97,9_MeNH2MeOH
CN,CO,0,0,7,6,26557,S66x8,3057592,50,66871410,avtz,-0.7863100000000001,-0.13169,-0.16956,-0.08319,-0.1719,-0.05199,-0.05378,-1.08756,-1.09338,-0.0058200000000000005,-0.78359,-0.13815,-0.17155,-1.0933,-0.7863100000000001,-0.13169,-0.16956,-1.08756,-0.14287,-0.17301,-1.0994700000000002,-1.10529,-0.78178,-0.7248600000000001,0.0007599999999999999,-0.75097,0.0011,-0.78308,0.06756000000000001,0.06755,-0.05038,0.00094,-0.35181,0.00122,0.00273,-0.04369,-1.15651,-1.10215,-1.1197,-1.08377,-1.17578 0.75791 1.14524 -0.89345 -0.04384 -0.043 -2.24163 0.97222 1.19502 -0.88079 0.30425 2.09721 -0.66301 1.71433 1.06081 0.09695 -0.25606 -0.07107 -1.36844 -0.93339 0.03384 3.85808 0.97736 1.10096 3.47217 0.06577 0.08152 3.5349 0.54773 2.04402 4.93914 1.11644 1.14 3.37961 1.95096 0.98578 3.7542 0.43572 -0.75834,C N H H H H H C O H H H H,-1.097,9_MeNH2MeOH
CN,CO,0,0,7,6,26557,S66x8,3057592,100,66871411,avtz,-0.32952,-0.02445,-0.04017,-0.01037,-0.04045,-0.01039,-0.01045,-0.39414,-0.39073,0.0034,-0.32905,-0.02648,-0.04065,-0.39619,-0.32952,-0.02445,-0.04017,-0.39414,-0.02797,-0.041010000000000005,-0.39803,-0.39462,-0.31914000000000003,-0.3183,2e-05,-0.29913,3e-05,-0.3195,0.0009,0.0009,-0.01033,0.0,-0.08715,2e-05,6e-05,-0.00921,-0.42521,-0.39382,-0.4014,-0.38602,-1.17578 0.75791 1.14524 -0.89345 -0.04384 -0.043 -2.24163 0.97222 1.19502 -0.88079 0.30425 2.09721 -0.66301 1.71433 1.06081 0.09695 -0.25606 -0.07107 -1.36844 -0.93339 0.03384 4.98312 1.08463 1.15182 4.59721 0.17305 0.13238 4.65994 0.655 2.09488 6.06418 1.22372 1.19086 4.50465 2.05823 1.03664 4.87924 0.543 -0.70748,C N H H H H H C O H H H H,-0.394,9_MeNH2MeOH
CN,CN,0,0,7,7,11188,S66x8,3057547,-10,66871044,avtz,0.76472,-2.05268,-2.3214,-1.31714,-2.22193,-0.66438,-0.67369,-3.60936,-3.43872,0.17063,0.75013,-2.19911,-2.36293,-3.81191,0.76472,-2.05268,-2.3214,-3.60936,-2.30597,-2.39324,-3.94908,-3.77844,-8.69753,3.69075,0.09641,-9.14583,0.10564,-8.70772,11.98634,11.87539,-2.50077,1.61467,-5.55232,0.28239000000000003,0.43486,-1.7059099999999998,-4.14847,-3.60474,-3.87152,-3.34764,-1.19866 0.3914 1.39195 -0.63864 0.47092 0.04457 -2.09274 1.00924 1.45317 -1.46275 -0.61584 1.72945 -0.48028 0.79867 2.10109 0.18995 -0.11394 -0.00577 -1.30047 0.08126 -0.61367 2.36687 0.70942 1.09307 2.20664 -0.42579 0.17939 2.09668 0.39472 2.09872 3.37428 1.1312 1.13004 1.67433 1.49519 0.80041 2.50291 -0.15125 -0.74859 2.83019 -1.17348 0.45459,C N H H H H H C N H H H H H,-3.671,10_MeNH2MeNH2
CN,CN,0,0,7,7,11188,S66x8,3057547,-5,66871045,avtz,-0.3777,-1.70393,-1.91969,-1.1063,-1.84677,-0.56098,-0.56913,-4.00133,-3.89175,0.10958,-0.39132,-1.81657,-1.95242,-4.16031,-0.3777,-1.70393,-1.91969,-4.00133,-1.89876,-1.97631,-4.26639,-4.15681,-6.79517,1.67882,0.06998,-7.14721,0.07773,-6.809819999999998,8.20427,8.15056,-1.7189599999999998,1.01716,-4.46087,0.19877,0.31516,-1.13812,-4.39242,-4.01043,-4.24713,-3.77859,-1.19866 0.3914 1.39195 -0.63864 0.47092 0.04457 -2.09274 1.00924 1.45317 -1.46275 -0.61584 1.72945 -0.48028 0.79867 2.10109 0.18995 -0.11394 -0.00577 -1.30047 0.08126 -0.61367 2.47891 0.69209 1.10335 2.31868 -0.44312 0.18968 2.20872 0.3774 2.10901 3.48632 1.11387 1.14033 1.78637 1.47787 0.8107 2.61494 -0.16858 -0.73831 2.94223 -1.19081 0.46487,C N H H H H H C N H H H H H,-4.0680000000000005,10_MeNH2MeNH2
CN,CN,0,0,7,7,11188,S66x8,3057547,0,66871046,avtz,-1.0566799999999998,-1.41655,-1.59018,-0.92948,-1.53589,-0.47289,-0.48009,-4.06342,-3.99496,0.06847,-1.06797,-1.50332,-1.61599,-4.18728,-1.0566799999999998,-1.41655,-1.59018,-4.06342,-1.56663,-1.6348200000000002,-4.269430000000002,-4.20097,-5.38405,0.40464,0.05059,-5.65653,0.057,-5.3987,5.61573,5.58978,-1.20294,0.63964,-3.6000400000000004,0.13879,0.22767,-0.76957,-4.3494199999999985,-4.0773,-4.27641,-3.87713,-1.19866 0.3914 1.39195 -0.63864 0.47092 0.04457 -2.09274 1.00924 1.45317 -1.46275 -0.61584 1.72945 -0.48028 0.79867 2.10109 0.18995 -0.11394 -0.00577 -1.30047 0.08126 -0.61367 2.59084 0.67478 1.11363 2.43061 -0.46043 0.19996 2.32065 0.36009 2.11929 3.59825 1.09656 1.1506 1.8983 1.46056 0.82097 2.72688 -0.18589 -0.72803 3.05416 -1.20812 0.47515,C N H H H H H C N H H H H H,-4.127,10_MeNH2MeNH2
CN,CN,0,0,7,7,11188,S66x8,3057547,5,66871047,avtz,-1.42951,-1.17907,-1.3193,-0.78079,-1.2780200000000002,-0.39798,-0.40435,-3.927880000000001,-3.8863,0.04158,-1.43799,-1.24604,-1.33965,-4.0236800000000015,-1.42951,-1.17907,-1.3193,-3.927880000000001,-1.29491,-1.3545,-4.0874,-4.04582,-4.3252,-0.37918,0.036410000000000005,-4.53335,0.04163,-4.33786,3.844030000000001,3.83152,-0.8555,0.40062,-2.91712,0.09617,0.16379000000000002,-0.53322,-4.13909,-3.95693,-4.1128300000000015,-3.79243,-1.19866 0.3914 1.39195 -0.63864 0.47092 0.04457 -2.09274 1.00924 1.45317 -1.46275 -0.61584 1.72945 -0.48028 0.79867 2.10109 0.18995 -0.11394 -0.00577 -1.30047 0.08126 -0.61367 2.70297 0.65745 1.12393 2.54274 -0.47777 0.21025 2.43278 0.34275 2.12958 3.71038 1.07922 1.1609 2.01043 1.44322 0.83127 2.83901 -0.20323 -0.71773 3.16629 -1.22546 0.48545,C N H H H H H C N H H H H H,-3.985,10_MeNH2MeNH2
CN,CN,0,0,7,7,11188,S66x8,3057547,10,66871048,avtz,-1.60189,-0.98322,-1.09715,-0.65604,-1.06492,-0.33468000000000003,-0.34033,-3.68226,-3.65752,0.02473,-1.60777,-1.03509,-1.11323,-3.75609,-1.60189,-0.98322,-1.09715,-3.68226,-1.07295,-1.12496,-3.80568,-3.78094,-3.5243900000000004,-0.83693,0.02612,-3.68158,0.030330000000000006,-3.53467,2.63607,2.63004,-0.61873,0.25013,-2.37495,0.06627000000000001,0.11739,-0.38179,-3.84027,-3.71992,-3.83432,-3.5955800000000004,-1.19866 0.3914 1.39195 -0.63864 0.47092 0.04457 -2.09274 1.00924 1.45317 -1.46275 -0.61584 1.72945 -0.48028 0.79867 2.10109 0.18995 -0.11394 -0.00577 -1.30047 0.08126 -0.61367 2.815 0.64012 1.13421 2.65477 -0.49509 0.22054 2.54481 0.32543 2.13987 3.82241 1.0619 1.17119 2.12246 1.4259 0.84156 2.95104 -0.22055 -0.70745 3.27832 -1.24278 0.49573,C N H H H H H C N H H H H H,-3.73,10_MeNH2MeNH2
CN,CN,0,0,7,7,11188,S66x8,3057547,25,66871049,avtz,-1.53764,-0.5766,-0.64088,-0.38949,-0.62261,-0.19874,-0.20267,-2.75513,-2.74848,0.00665,-1.53862,-0.60148,-0.64894,-2.78905,-1.53764,-0.5766,-0.64088,-2.75513,-0.61963,-0.65483,-2.81308,-2.80643,-2.06164,-1.21761,0.00949,-2.1248,0.01156,-2.0668,0.86064,0.8599600000000001,-0.25877,0.06011,-1.31828,0.02116,0.04198,-0.16816,-2.82812,-2.79488,-2.84155,-2.74471,-1.19866 0.3914 1.39195 -0.63864 0.47092 0.04457 -2.09274 1.00924 1.45317 -1.46275 -0.61584 1.72945 -0.48028 0.79867 2.10109 0.18995 -0.11394 -0.00577 -1.30047 0.08126 -0.61367 3.1511 0.58815 1.16507 2.99087 -0.54706 0.2514 2.88091 0.27345 2.17073 4.15851 1.00992 1.20205 2.45856 1.37392 0.87242 3.28714 -0.27253 -0.67659 3.61442 -1.29475 0.52659,C N H H H H H C N H H H H H,-2.777,10_MeNH2MeNH2
CN,CN,0,0,7,7,11188,S66x8,3057547,50,66871050,avtz,-0.88187,-0.19986,-0.22539,-0.13194,-0.21594,-0.06804,-0.06967999999999999,-1.30713,-1.29779,0.00933,-0.88013,-0.20657,-0.22748,-1.31419,-0.88187,-0.19986,-0.22539,-1.30713,-0.21147,-0.22901,-1.32061,-1.31128,-0.8810399999999999,-0.8095600000000001,0.00107,-0.88538,0.00145,-0.8825,0.08167999999999999,0.08167999999999999,-0.06214,0.00314,-0.4380600000000001,0.00176,0.0042,-0.03952,-1.33143,-1.31237,-1.33302,-1.28971,-1.19866 0.3914 1.39195 -0.63864 0.47092 0.04457 -2.09274 1.00924 1.45317 -1.46275 -0.61584 1.72945 -0.48028 0.79867 2.10109 0.18995 -0.11394 -0.00577 -1.30047 0.08126 -0.61367 3.86128 0.47833 1.23028 3.70105 -0.65688 0.3166 3.59108 0.16363 2.23593 4.86869 0.9001 1.26725 3.16873 1.2641 0.93762 3.99731 -0.38234 -0.61138 4.32459 -1.40457 0.5918,C N H H H H H C N H H H H H,-1.3019999999999998,10_MeNH2MeNH2
CN,CN,0,0,7,7,11188,S66x8,3057547,100,66871051,avtz,-0.308,-0.03866,-0.04691,-0.02195,-0.04315,-0.01235,-0.01252,-0.39357,-0.38544,0.00813,-0.30779,-0.04012,-0.04719,-0.39511,-0.308,-0.03866,-0.04691,-0.39357,-0.04119,-0.04739,-0.39638,-0.38825,-0.29837,-0.2977,2e-05,-0.2949,3e-05,-0.2986,0.00048,0.00048,-0.00983,1e-05,-0.08992,1e-05,6e-05,-0.00596,-0.40375,-0.38823,-0.39771,-0.37801,-1.19866 0.3914 1.39195 -0.63864 0.47092 0.04457 -2.09274 1.00924 1.45317 -1.46275 -0.61584 1.72945 -0.48028 0.79867 2.10109 0.18995 -0.11394 -0.00577 -1.30047 0.08126 -0.61367 5.1505 0.27897 1.34865 4.99027 -0.85624 0.43498 4.88031 -0.03573 2.35431 6.15791 0.70074 1.38562 4.45796 1.06474 1.05599 5.28654 -0.58171 -0.49301 5.61382 -1.60393 0.71017,C N H H H H H C N H H H H H,-0.388,10_MeNH2MeNH2
CN,CNC(=O)C,0,0,7,12,15236,S66x8,3057455,-10,66870308,avdz,0.28043,-1.7237900000000002,-2.53327,-0.83767,-2.52577,-0.6775800000000001,-0.71767,-3.97662,-3.76059,0.21603000000000006,0.23276,-2.38864,-2.8425700000000003,-4.99845,0.26541,-2.21198,-2.78935,-4.73592,-2.51756,-2.8814,-5.16621,-4.9501800000000005,-10.19458,3.43065,0.1047,-10.06594,0.11477,-10.18862,13.123679999999998,13.04385,-3.0148200000000003,1.83981,-7.12867,0.34969,0.52409,-1.62156,-6.1164,-4.7071,-5.02905,-4.43193,-0.30551 0.06571 1.32879 -0.56971 0.81437 0.1011 -1.05715 0.31427 2.07596 -0.28802 -1.02229 1.21485 0.66046 0.36851 1.73024 0.13088 0.56141 -0.58761 -1.46125 0.52691 -0.28043 4.1594 -0.30721 0.84808 3.57095 1.01238 0.77058 2.58447 1.28541 -0.12175 2.12449 0.41968 -0.86093 2.07248 2.70321 -0.12405 3.37122 -1.04854 0.75506 4.88066 -0.47921 0.04953 4.65405 -0.42308 1.80802 3.97071 1.76731 1.29593 2.19709 3.11439 -1.12309 2.57905 3.3442 0.59374 1.00606 2.67668 0.09438,C N H H H H H C N C O C H H H H H H H,-4.922,11_MeNH2Peptide
CN,CNC(=O)C,0,0,7,12,15236,S66x8,3057455,-5,66870309,avdz,-0.94606,-1.47508,-2.15111,-0.73844,-2.15789,-0.58333,-0.61641,-4.57225,-4.4257300000000015,0.14653,-0.96456,-2.00388,-2.40135,-5.3698,-0.93939,-1.8633,-2.35825,-5.1609300000000005,-2.10648,-2.43281,-5.50385,-5.35732,-8.18341,1.38766,0.07806,-8.03476,0.08672,-8.18021,9.21505,9.17602,-2.16207,1.18836,-5.89291,0.25127,0.38996,-1.11648,-6.30704,-5.18757,-5.49985,-4.9269300000000005,-0.30551 0.06571 1.32879 -0.56971 0.81437 0.1011 -1.05715 0.31427 2.07596 -0.28802 -1.02229 1.21485 0.66046 0.36851 1.73024 0.13088 0.56141 -0.58761 -1.46125 0.52691 -0.28043 4.27015 -0.31508 0.8329 3.6817 1.00451 0.7554 2.69522 1.27754 -0.13693 2.23524 0.4118 -0.87611 2.18323 2.69534 -0.13923 3.48197 -1.05641 0.73988 4.99141 -0.48708 0.03435 4.7648 -0.43095 1.79284 4.08146 1.75944 1.28075 2.30785 3.10651 -1.13827 2.6898 3.33633 0.57856 1.11682 2.66881 0.07919,C N H H H H H C N C O C H H H H H H H,-5.334,11_MeNH2Peptide
CN,CNC(=O)C,0,0,7,12,15236,S66x8,3057455,0,66870310,avdz,-1.68189,-1.26274,-1.82978,-0.64846,-1.84546,-0.50176,-0.5292899999999999,-4.77441,-4.6775699999999985,0.09684,-1.6823099999999998,-1.6827900000000002,-2.03187,-5.39698,-1.6642400000000002,-1.57074,-1.99703,-5.23201,-1.76456,-2.0573,-5.5041699999999985,-5.40733,-6.6597,0.06985,0.05804,-6.49284,0.06538,-6.65857,6.49044,6.47111,-1.58048,0.77254,-4.89167,0.17997,0.28947,-0.79518,-6.19348,-5.24077,-5.48377,-5.02714,-0.30551 0.06571 1.32879 -0.56971 0.81437 0.1011 -1.05715 0.31427 2.07596 -0.28802 -1.02229 1.21485 0.66046 0.36851 1.73024 0.13088 0.56141 -0.58761 -1.46125 0.52691 -0.28043 4.3808 -0.32295 0.81773 3.79235 0.99664 0.74023 2.80587 1.26967 -0.1521 2.34589 0.40394 -0.89128 2.29388 2.68747 -0.1544 3.59262 -1.06428 0.72471 5.10206 -0.49495 0.01918 4.87545 -0.43882 1.77767 4.19211 1.75157 1.26558 2.4185 3.09865 -1.15344 2.80045 3.32846 0.56339 1.22747 2.66094 0.06402,C N H H H H H C N C O C H H H H H H H,-5.3870000000000005,11_MeNH2Peptide
CN,CNC(=O)C,0,0,7,12,15236,S66x8,3057455,5,66870311,avdz,-2.08683,-1.08057,-1.55837,-0.56682,-1.57923,-0.43107,-0.45414,-4.72577,-4.66394,0.06183,-2.07833,-1.41386,-1.72131,-5.2135,-2.06609,-1.32443,-1.6932200000000002,-5.08374,-1.47911,-1.74182,-5.2992599999999985,-5.237430000000002,-5.48965,-0.75831,0.04302,-5.30848,0.04914,-5.49021,4.58418,4.57447,-1.17355,0.5039600000000001,-4.075069999999998,0.12847999999999998,0.21417,-0.58934,-5.89737,-5.07175,-5.28324,-4.88655,-0.30551 0.06571 1.32879 -0.56971 0.81437 0.1011 -1.05715 0.31427 2.07596 -0.28802 -1.02229 1.21485 0.66046 0.36851 1.73024 0.13088 0.56141 -0.58761 -1.46125 0.52691 -0.28043 4.49165 -0.33083 0.80253 3.9032 0.98876 0.72503 2.91672 1.26179 -0.1673 2.45674 0.39606 -0.90648 2.40473 2.67959 -0.16959 3.70347 -1.07216 0.70951 5.21291 -0.50283 0.00399 4.9863 -0.4467 1.76247 4.30296 1.74369 1.25038 2.52935 3.09077 -1.16864 2.9113 3.32058 0.54819 1.33832 2.65306 0.04883,C N H H H H H C N C O C H H H H H H H,-5.221,11_MeNH2Peptide
CN,CNC(=O)C,0,0,7,12,15236,S66x8,3057455,10,66870312,avdz,-2.27126,-0.92433,-1.32928,-0.49309,-1.35276,-0.37002,-0.3895,-4.52487,-4.48714,0.03773,-2.25995,-1.18897,-1.46068,-4.9096,-2.25205,-1.11741,-1.43802,-4.80748,-1.24119,-1.47721,-4.97836,-4.9406300000000005,-4.58298,-1.25418,0.031830000000000004,-4.39214,0.03687,-4.58504,3.25061,3.24565,-0.8841600000000001,0.32978,-3.40832,0.09155,0.15804,-0.45437,-5.50191,-4.7563,-4.89709,-4.62744,-0.30551 0.06571 1.32879 -0.56971 0.81437 0.1011 -1.05715 0.31427 2.07596 -0.28802 -1.02229 1.21485 0.66046 0.36851 1.73024 0.13088 0.56141 -0.58761 -1.46125 0.52691 -0.28043 4.6024 -0.3387 0.78735 4.01395 0.98089 0.70985 3.02747 1.25392 -0.18248 2.56749 0.38818 -0.92166 2.51548 2.67172 -0.18478 3.81422 -1.08003 0.69433 5.32366 -0.5107 -0.0112 5.09705 -0.45457 1.74729 4.41371 1.73582 1.2352 2.6401 3.08289 -1.18382 3.02205 3.31271 0.53301 1.44907 2.64519 0.03364,C N H H H H H C N C O C H H H H H H H,-4.926,11_MeNH2Peptide
CN,CNC(=O)C,0,0,7,12,15236,S66x8,3057455,25,66870313,avdz,-1.95581,-0.44246,-0.6469699999999999,-0.24149,-0.66832,-0.18038,-0.18956,-3.04523,-3.0460000000000003,-0.0007599999999999999,-1.94963,-0.53674,-0.69655,-3.18292,-1.95018,-0.50943,-0.68788,-3.1474900000000003,-0.5566800000000001,-0.7028800000000001,-3.20918,-3.20994,-2.27985,-1.62804,0.0076900000000000015,-2.09266,0.0095,-2.28338,0.68337,0.68311,-0.27909,0.04692,-1.56261,0.01864,0.03712,-0.17536,-3.5144,-3.09295,-3.21618,-2.98232,-0.30551 0.06571 1.32879 -0.56971 0.81437 0.1011 -1.05715 0.31427 2.07596 -0.28802 -1.02229 1.21485 0.66046 0.36851 1.73024 0.13088 0.56141 -0.58761 -1.46125 0.52691 -0.28043 5.1157 -0.3752 0.71698 4.52726 0.94439 0.63948 3.54077 1.21743 -0.25285 3.08079 0.35169 -0.99203 3.02878 2.63522 -0.25515 4.32753 -1.11653 0.62396 5.83696 -0.54719 -0.08157 5.61036 -0.49107 1.67692 4.92702 1.69933 1.16483 3.1534 3.0464 -1.25419 3.53535 3.27622 0.46264 1.96237 2.60869 -0.03673,C N H H H H H C N C O C H H H H H H H,-3.204,11_MeNH2Peptide
CN,CNC(=O)C,0,0,7,12,15236,S66x8,3057455,50,66870314,avdz,-1.02672,-0.12517,-0.21117,-0.05793,-0.22324,-0.055070000000000015,-0.057220000000000014,-1.36307,-1.36296,0.00011,-1.02467,-0.14677,-0.22229,-1.39373,-1.02579,-0.1387,-0.22006,-1.38455,-0.15266,-0.22391,-1.40124,-1.40114,-0.9966,-0.95483,0.0006900000000000001,-0.87287,0.00094,-0.99773,0.04799,0.04799,-0.06504,0.00176,-0.5081899999999999,0.00122,0.00302,-0.03724,-1.5542200000000002,-1.36668,-1.41341,-1.3192,-0.30551 0.06571 1.32879 -0.56971 0.81437 0.1011 -1.05715 0.31427 2.07596 -0.28802 -1.02229 1.21485 0.66046 0.36851 1.73024 0.13088 0.56141 -0.58761 -1.46125 0.52691 -0.28043 5.96091 -0.43529 0.6011 5.37246 0.8843 0.5236 4.38598 1.15734 -0.36873 3.926 0.2916 -1.1079 3.87399 2.57513 -0.37102 5.17273 -1.17662 0.50808 6.68217 -0.60728 -0.19744 6.45556 -0.55115 1.56104 5.77222 1.63924 1.04896 3.99861 2.98631 -1.37007 4.38056 3.21613 0.34676 2.80758 2.5486 -0.1526,C N H H H H H C N C O C H H H H H H H,-1.402,11_MeNH2Peptide
CN,CNC(=O)C,0,0,7,12,15236,S66x8,3057455,100,66870315,avdz,-0.40096,-0.00934,-0.04086,0.00606,-0.04677,-0.00835,-0.007809999999999998,-0.4511600000000001,-0.45002,0.00114,-0.39981,-0.0131,-0.04184,-0.45474,-0.40027,-0.01077,-0.0415,-0.45254,-0.0148,-0.04209,-0.4567,-0.45556,-0.38801,-0.38771,1e-05,-0.33092,1e-05,-0.38844,0.00012,0.00012,-0.01198,0.0,-0.1145,1e-05,4e-05,-0.00707,-0.52181,-0.45383,-0.46268,-0.44481,-0.30551 0.06571 1.32879 -0.56971 0.81437 0.1011 -1.05715 0.31427 2.07596 -0.28802 -1.02229 1.21485 0.66046 0.36851 1.73024 0.13088 0.56141 -0.58761 -1.46125 0.52691 -0.28043 7.34194 -0.53347 0.41177 6.7535 0.78612 0.33427 5.76702 1.05915 -0.55806 5.30704 0.19342 -1.29723 5.25502 2.47695 -0.56035 6.55377 -1.2748 0.31875 8.0632 -0.70547 -0.38677 7.8366 -0.64934 1.37171 7.15326 1.54105 0.85963 5.37964 2.88813 -1.5594 5.7616 3.11794 0.15743 4.18861 2.45042 -0.34193,C N H H H H H C N C O C H H H H H H H,-0.457,11_MeNH2Peptide
CN,O,0,0,7,3,15235,S66x8,3057576,-10,66871276,avtz,-3.19491,-1.42401,-2.06518,-0.65514,-2.02241,-0.55692,-0.5754199999999999,-6.6841,-6.42938,0.25472,-3.19975,-1.6411099999999998,-2.11271,-6.95357,-3.19491,-1.42401,-2.06518,-6.6841,-1.79954,-2.1474,-7.14669,-6.89197,-16.827479999999998,3.95734,0.12630999999999998,-17.02923,0.13601,-16.80246,20.16275,19.76211,-6.00319,3.58008,-5.46645,0.35466,0.51632,-4.2415699999999985,-7.89986,-6.8381300000000005,-7.0133,-6.6379100000000015,-1.01691 0.58849 1.18737 -0.53346 -0.27959 0.107 -0.91276 1.62555 0.87952 -2.05474 0.41508 1.4785 -0.38502 0.4488 2.06061 -0.62915 -1.24842 0.38285 -1.1226 -0.16616 -0.70776 1.94454 0.85972 0.21769 1.12702 0.36344 0.04454 2.52644 0.60122 -0.49805,C N H H H H H O H H,-6.777,12_MeNH2Water
CN,O,0,0,7,3,15235,S66x8,3057576,-5,66871277,avtz,-4.1694900000000015,-1.21169,-1.74588,-0.5697,-1.71863,-0.48618,-0.50131,-7.12707,-6.9440100000000005,0.18306,-4.17738,-1.38721,-1.7845799999999998,-7.34918,-4.1694900000000015,-1.21169,-1.74588,-7.12707,-1.5153,-1.81281,-7.5055,-7.3224399999999985,-13.85095,1.11695,0.09613,-14.016370000000002,0.1048,-13.85655,14.52978,14.31239,-4.34848,2.44772,-4.43322,0.26275,0.38578,-3.03693,-8.04916,-7.2936,-7.4296,-7.15083,-1.01691 0.58849 1.18737 -0.53346 -0.27959 0.107 -0.91276 1.62555 0.87952 -2.05474 0.41508 1.4785 -0.38502 0.4488 2.06061 -0.62915 -1.24842 0.38285 -1.1226 -0.16616 -0.70776 2.03679 0.89544 0.21422 1.21927 0.39917 0.04107 2.61869 0.63694 -0.50152,C N H H H H H O H H,-7.224,12_MeNH2Water
CN,O,0,0,7,3,15235,S66x8,3057576,0,66871278,avtz,-4.65981,-1.02867,-1.47397,-0.49352,-1.45745,-0.42183,-0.43432,-7.16245,-7.0326,0.12985,-4.67133,-1.17051,-1.50549,-7.34733,-4.65981,-1.02867,-1.47397,-7.16245,-1.27401,-1.5284799999999998,-7.47383,-7.34398,-11.49986,-0.7308100000000001,0.07292,-11.62882,0.08052000000000001,-11.52215,10.46146,10.34392,-3.1948,1.67682,-3.6085,0.19294,0.28801,-2.16323,-7.86945,-7.312239999999999,-7.419910000000002,-7.19183,-1.01691 0.58849 1.18737 -0.53346 -0.27959 0.107 -0.91276 1.62555 0.87952 -2.05474 0.41508 1.4785 -0.38502 0.4488 2.06061 -0.62915 -1.24842 0.38285 -1.1226 -0.16616 -0.70776 2.12894 0.93112 0.21076 1.31142 0.43485 0.0376 2.71084 0.67263 -0.50499,C N H H H H H O H H,-7.258999999999999,12_MeNH2Water
CN,O,0,0,7,3,15235,S66x8,3057576,5,66871279,avtz,-4.8295,-0.87145,-1.24302,-0.42574,-1.23354,-0.36386,-0.37428,-6.9439600000000015,-6.85263,0.09133,-4.84307,-0.98618,-1.26872,-7.09797,-4.8295,-0.87145,-1.24302,-6.9439600000000015,-1.0699,-1.28748,-7.20045,-7.10912,-9.62825,-1.89367,0.05509,-9.72345,0.06165,-9.65678,7.52385,7.460560000000001,-2.37533,1.15008,-2.94633,0.14045,0.21509,-1.54218,-7.49115,-7.08513,-7.17922,-6.98112,-1.01691 0.58849 1.18737 -0.53346 -0.27959 0.107 -0.91276 1.62555 0.87952 -2.05474 0.41508 1.4785 -0.38502 0.4488 2.06061 -0.62915 -1.24842 0.38285 -1.1226 -0.16616 -0.70776 2.22127 0.96688 0.20728 1.40376 0.47061 0.03413 2.80318 0.70838 -0.50846,C N H H H H H O H H,-7.0360000000000005,12_MeNH2Water
CN,O,0,0,7,3,15235,S66x8,3057576,10,66871280,avtz,-4.79101,-0.7374,-1.04828,-0.36585,-1.04311,-0.31238,-0.32116,-6.5767,-6.51235,0.06435,-4.8044699999999985,-0.8305,-1.0693,-6.704280000000002,-4.79101,-0.7374,-1.04828,-6.5767,-0.89844,-1.08464,-6.787560000000001,-6.723210000000001,-8.1334,-2.58144,0.0415,-8.19898,0.0471,-8.16164,5.41474,5.38069,-1.78633,0.7904399999999999,-2.41465,0.10158,0.16089,-1.1098,-7.00478,-6.7032300000000005,-6.7836300000000005,-6.613389999999999,-1.01691 0.58849 1.18737 -0.53346 -0.27959 0.107 -0.91276 1.62555 0.87952 -2.05474 0.41508 1.4785 -0.38502 0.4488 2.06061 -0.62915 -1.24842 0.38285 -1.1226 -0.16616 -0.70776 2.31352 1.0026 0.20381 1.496 0.50633 0.03066 2.89542 0.74411 -0.51193,C N H H H H H O H H,-6.659,12_MeNH2Water
CN,O,0,0,7,3,15235,S66x8,3057576,25,66871281,avtz,-4.09422,-0.44435,-0.63135,-0.22597,-0.62989,-0.19313,-0.19863,-5.1699199999999985,-5.1432,0.02672,-4.1008,-0.49541,-0.64295,-5.23916,-4.09422,-0.44435,-0.63135,-5.1699199999999985,-0.53267,-0.65141,-5.28488,-5.25816,-5.15007,-3.1049,0.01746,-5.1538900000000005,0.02072,-5.1662,2.03718,2.03186,-0.8047,0.25793,-1.35777,0.03733,0.06704,-0.46261,-5.39181,-5.24996,-5.30491,-5.18497,-1.01691 0.58849 1.18737 -0.53346 -0.27959 0.107 -0.91276 1.62555 0.87952 -2.05474 0.41508 1.4785 -0.38502 0.4488 2.06061 -0.62915 -1.24842 0.38285 -1.1226 -0.16616 -0.70776 2.59025 1.10977 0.1934 1.77273 0.6135 0.02025 3.17215 0.85127 -0.52234,C N H H H H H O H H,-5.2170000000000005,12_MeNH2Water
CN,O,0,0,7,3,15235,S66x8,3057576,50,66871282,avtz,-2.67719,-0.18752,-0.27976,-0.08941,-0.27628,-0.08211,-0.08474,-3.14447,-3.12499,0.01948,-2.67565,-0.20917,-0.28434,-3.16915,-2.67719,-0.18752,-0.27976,-3.14447,-0.22496,-0.28768,-3.1882900000000003,-3.16882,-2.7538,-2.36879,0.00399,-2.72052,0.00513,-2.7589,0.42079,0.42053,-0.25394,0.04038,-0.56045,0.0068,0.01414,-0.15274,-3.24391,-3.1756900000000003,-3.1985,-3.15177,-1.01691 0.58849 1.18737 -0.53346 -0.27959 0.107 -0.91276 1.62555 0.87952 -2.05474 0.41508 1.4785 -0.38502 0.4488 2.06061 -0.62915 -1.24842 0.38285 -1.1226 -0.16616 -0.70776 3.05147 1.28838 0.17606 2.23395 0.79211 0.0029 3.63337 1.02988 -0.53969,C N H H H H H O H H,-3.149,12_MeNH2Water
CN,O,0,0,7,3,15235,S66x8,3057576,100,66871283,avtz,-1.11313,-0.02905,-0.0648,-0.00056,-0.0613,-0.01284,-0.01302,-1.20698,-1.18784,0.01914,-1.1114700000000002,-0.03601,-0.06601,-1.21349,-1.11313,-0.02905,-0.0648,-1.20698,-0.04109,-0.06688999999999999,-1.21945,-1.20031,-1.0768799999999998,-1.06328,0.0002,-1.04765,0.0003,-1.07818,0.01771,0.01771,-0.04298,0.00101,-0.12746,0.00022,0.00049,-0.02143,-1.25062,-1.20675,-1.21888,-1.19508,-1.01691 0.58849 1.18737 -0.53346 -0.27959 0.107 -0.91276 1.62555 0.87952 -2.05474 0.41508 1.4785 -0.38502 0.4488 2.06061 -0.62915 -1.24842 0.38285 -1.1226 -0.16616 -0.70776 3.97391 1.64561 0.14136 3.1564 1.14933 -0.03179 4.55581 1.38711 -0.57439,C N H H H H H O H H,-1.195,12_MeNH2Water
CNC(=O)C,CO,0,0,12,6,15053,S66x8,3057432,-10,66870124,avdz,-1.5384,-1.26016,-2.05214,-0.47745,-2.04642,-0.5303,-0.54683,-4.8507099999999985,-4.5925699999999985,0.25813,-1.63287,-1.84357,-2.30082,-5.77726,-1.60364,-1.67287,-2.25838,-5.53489,-1.96815,-2.33178,-5.9328,-5.67466,-11.22131,2.362,0.08861000000000001,-11.30835,0.09977,-11.23128,13.02415,12.88327,-3.2892900000000003,1.86889,-5.7133699999999985,0.28819,0.40031,-2.15092,-6.8033199999999985,-5.61531,-5.84101,-5.3694,-1.38535 -0.00235 -1.23414 -0.80165 -0.02735 0.08834 -1.56403 -0.35332 1.15948 -2.74953 -0.65154 1.05676 -0.84932 -0.3395 2.49172 -1.89162 -0.9428 -1.4401 -2.11997 0.79621 -1.33088 -0.59465 0.14957 -1.96313 0.16119 0.24036 0.21871 0.18434 -0.01105 2.41619 -0.8825 -1.34205 2.9127 -1.3908 0.31688 3.16843 2.48097 -1.05438 0.66677 1.96189 0.25098 0.43288 1.6484 -1.74317 0.56119 3.24711 -1.32337 -0.06012 2.88907 -1.15583 1.6724 2.68274 0.87828 0.5233,C N C O C H H H H H H H C O H H H H,-5.725,13_PeptideMeOH
CNC(=O)C,CO,0,0,12,6,15053,S66x8,3057432,-5,66870125,avdz,-2.61027,-1.08277,-1.73784,-0.43769,-1.74503,-0.45725,-0.4719600000000001,-5.43088,-5.25024,0.18064,-2.67101,-1.55195,-1.94119,-6.16416,-2.64359,-1.4146,-1.90659,-5.96478,-1.65218,-1.96644,-6.289630000000002,-6.10899,-9.25564,0.23671,0.06585,-9.26756,0.07529,-9.27593,9.08622,9.01586,-2.34228,1.19344,-4.71659,0.20778,0.29944,-1.46224,-7.01015,-6.13058,-6.28837,-5.879580000000002,-1.38535 -0.00235 -1.23414 -0.80165 -0.02735 0.08834 -1.56403 -0.35332 1.15948 -2.74953 -0.65154 1.05676 -0.84932 -0.3395 2.49172 -1.89162 -0.9428 -1.4401 -2.11997 0.79621 -1.33088 -0.59465 0.14957 -1.96313 0.16119 0.24036 0.21871 0.18434 -0.01105 2.41619 -0.8825 -1.34205 2.9127 -1.3908 0.31688 3.16843 2.581 -1.05379 0.67866 2.06192 0.25157 0.44478 1.74843 -1.74258 0.57309 3.34714 -1.32278 -0.04822 2.9891 -1.15524 1.6843 2.78278 0.87887 0.5352,C N C O C H H H H H H H C O H H H H,-6.149,13_PeptideMeOH
CNC(=O)C,CO,0,0,12,6,15053,S66x8,3057432,0,66870126,avdz,-3.22645,-0.92813,-1.47469,-0.39388,-1.48994,-0.3934,-0.40654,-5.6292800000000005,-5.50367,0.12561,-3.25887,-1.30597,-1.64073,-6.20556,-3.23592,-1.19486,-1.61247,-6.04324,-1.38705,-1.66135,-6.30727,-6.18166,-7.7461,-1.11294,0.0488,-7.6981600000000014,0.05669,-7.77082,6.35238,6.31722,-1.71082,0.7680899999999999,-3.91286,0.14901,0.22341,-1.01627,-6.91788,-6.2289400000000015,-6.3619900000000005,-6.02283,-1.38535 -0.00235 -1.23414 -0.80165 -0.02735 0.08834 -1.56403 -0.35332 1.15948 -2.74953 -0.65154 1.05676 -0.84932 -0.3395 2.49172 -1.89162 -0.9428 -1.4401 -2.11997 0.79621 -1.33088 -0.59465 0.14957 -1.96313 0.16119 0.24036 0.21871 0.18434 -0.01105 2.41619 -0.8825 -1.34205 2.9127 -1.3908 0.31688 3.16843 2.68094 -1.0532 0.69055 2.16185 0.25216 0.45667 1.84837 -1.74199 0.58497 3.44708 -1.32219 -0.03633 3.08904 -1.15465 1.69618 2.88271 0.87946 0.54708,C N C O C H H H H H H H C O H H H H,-6.212999999999999,13_PeptideMeOH
CNC(=O)C,CO,0,0,12,6,15053,S66x8,3057432,5,66870127,avdz,-3.53607,-0.79359,-1.25369,-0.34878000000000003,-1.27357,-0.33774,-0.34949,-5.58335,-5.4961699999999984,0.08718,-3.5459400000000003,-1.09816,-1.38894,-6.03304,-3.5287300000000004,-1.00778,-1.36587,-5.90238,-1.1641,-1.40578,-6.11583,-6.02864,-6.57097,-1.93986,0.03605,-6.4770900000000005,0.04257,-6.59685,4.45178,4.43419,-1.27774,0.49663,-3.26008,0.10634,0.16601,-0.7307100000000001,-6.644610000000001,-6.05431,-6.17012,-5.8753199999999985,-1.38535 -0.00235 -1.23414 -0.80165 -0.02735 0.08834 -1.56403 -0.35332 1.15948 -2.74953 -0.65154 1.05676 -0.84932 -0.3395 2.49172 -1.89162 -0.9428 -1.4401 -2.11997 0.79621 -1.33088 -0.59465 0.14957 -1.96313 0.16119 0.24036 0.21871 0.18434 -0.01105 2.41619 -0.8825 -1.34205 2.9127 -1.3908 0.31688 3.16843 2.78107 -1.05261 0.70246 2.26199 0.25275 0.46858 1.9485 -1.7414 0.59688 3.54721 -1.3216 -0.02442 3.18917 -1.15406 1.70809 2.98284 0.88005 0.55899,C N C O C H H H H H H H C O H H H H,-6.053,13_PeptideMeOH
CNC(=O)C,CO,0,0,12,6,15053,S66x8,3057432,10,66870128,avdz,-3.64042,-0.67711,-1.06836,-0.30439,-1.09056,-0.28955,-0.30005,-5.38589,-5.32492,0.06097,-3.63429,-0.92316,-1.17839,-5.7358400000000005,-3.62262,-0.84919,-1.15956,-5.63136,-0.97714,-1.19214,-5.80356,-5.7426,-5.64806,-2.41343,0.02658,-5.52051,0.03192,-5.67331,3.13397,3.12512,-0.97418,0.32197,-2.72921,0.0757,0.12289,-0.5474899999999999,-6.26966,-5.74865,-5.8529300000000015,-5.60217,-1.38535 -0.00235 -1.23414 -0.80165 -0.02735 0.08834 -1.56403 -0.35332 1.15948 -2.74953 -0.65154 1.05676 -0.84932 -0.3395 2.49172 -1.89162 -0.9428 -1.4401 -2.11997 0.79621 -1.33088 -0.59465 0.14957 -1.96313 0.16119 0.24036 0.21871 0.18434 -0.01105 2.41619 -0.8825 -1.34205 2.9127 -1.3908 0.31688 3.16843 2.8811 -1.05202 0.71436 2.36202 0.25334 0.48047 2.04853 -1.74081 0.60878 3.64724 -1.32101 -0.01252 3.2892 -1.15347 1.71999 3.08288 0.88064 0.57089,C N C O C H H H H H H H C O H H H H,-5.7620000000000005,13_PeptideMeOH
CNC(=O)C,CO,0,0,12,6,15053,S66x8,3057432,25,66870129,avdz,-3.3403,-0.41263,-0.66913,-0.18464,-0.69134,-0.18073,-0.18798,-4.42207,-4.39701,0.02505,-3.31726,-0.54601,-0.72872,-4.59199,-3.31589,-0.50351,-0.71829,-4.53769,-0.57703,-0.73633,-4.63061,-4.60556,-3.83462,-2.73055,0.01055,-3.65859,0.01334,-3.854,1.12523,1.12405,-0.47842,0.08644,-1.6448900000000002,0.02709,0.04842,-0.27953,-4.96967,-4.59825,-4.6710400000000005,-4.505,-1.38535 -0.00235 -1.23414 -0.80165 -0.02735 0.08834 -1.56403 -0.35332 1.15948 -2.74953 -0.65154 1.05676 -0.84932 -0.3395 2.49172 -1.89162 -0.9428 -1.4401 -2.11997 0.79621 -1.33088 -0.59465 0.14957 -1.96313 0.16119 0.24036 0.21871 0.18434 -0.01105 2.41619 -0.8825 -1.34205 2.9127 -1.3908 0.31688 3.16843 3.1812 -1.05025 0.75005 2.66212 0.25512 0.51617 2.34863 -1.73904 0.64447 3.94734 -1.31924 0.02317 3.5893 -1.1517 1.75568 3.38298 0.88241 0.60658,C N C O C H H H H H H H C O H H H H,-4.615,13_PeptideMeOH
CNC(=O)C,CO,0,0,12,6,15053,S66x8,3057432,50,66870130,avdz,-2.40323,-0.16252,-0.31604,-0.04929,-0.33274000000000004,-0.07943,-0.08233,-2.88178,-2.86469,0.01709,-2.38417,-0.22054,-0.34022,-2.94493,-2.38863,-0.19935,-0.33546,-2.92343,-0.23602,-0.34369,-2.96387,-2.94678,-2.34896,-2.16305,0.00223,-2.17749,0.00307,-2.35744,0.21558,0.21553000000000005,-0.19122,0.0091,-0.76961,0.0048,0.00955,-0.10934,-3.18858,-2.90973,-2.95638,-2.86113,-1.38535 -0.00235 -1.23414 -0.80165 -0.02735 0.08834 -1.56403 -0.35332 1.15948 -2.74953 -0.65154 1.05676 -0.84932 -0.3395 2.49172 -1.89162 -0.9428 -1.4401 -2.11997 0.79621 -1.33088 -0.59465 0.14957 -1.96313 0.16119 0.24036 0.21871 0.18434 -0.01105 2.41619 -0.8825 -1.34205 2.9127 -1.3908 0.31688 3.16843 3.68137 -1.0473 0.80954 3.16229 0.25807 0.57566 2.8488 -1.73609 0.70396 4.44751 -1.31629 0.08266 4.08947 -1.14875 1.81517 3.88314 0.88537 0.66607,C N C O C H H H H H H H C O H H H H,-2.952,13_PeptideMeOH
CNC(=O)C,CO,0,0,12,6,15053,S66x8,3057432,100,66870131,avdz,-1.21617,0.00054,-0.07647000000000001,0.03768,-0.08684,-0.01267,-0.01143,-1.29211,-1.27801,0.0141,-1.2085,-0.01914,-0.08249,-1.31013,-1.21098,-0.01019,-0.08089,-1.30207,-0.02567,-0.08365,-1.31782,-1.30372,-1.15964,-1.15449,0.0001,-1.04692,0.00015,-1.16141,0.00598,0.00598,-0.05097,0.00013000000000000002,-0.21799,0.00013000000000000002,0.00036,-0.02106,-1.44482,-1.29723,-1.33216,-1.26085,-1.38535 -0.00235 -1.23414 -0.80165 -0.02735 0.08834 -1.56403 -0.35332 1.15948 -2.74953 -0.65154 1.05676 -0.84932 -0.3395 2.49172 -1.89162 -0.9428 -1.4401 -2.11997 0.79621 -1.33088 -0.59465 0.14957 -1.96313 0.16119 0.24036 0.21871 0.18434 -0.01105 2.41619 -0.8825 -1.34205 2.9127 -1.3908 0.31688 3.16843 4.68171 -1.0414 0.92851 4.16262 0.26397 0.69463 3.84913 -1.73019 0.82294 5.44784 -1.31039 0.20163 5.0898 -1.14285 1.93415 4.88348 0.89127 0.78505,C N C O C H H H H H H H C O H H H H,-1.308,13_PeptideMeOH
CN,CNC(=O)C,0,0,7,12,15236,S66x8,3057459,-10,66870340,avdz,-1.53033,-1.84568,-2.65414,-0.7997,-2.55884,-0.71997,-0.73839,-6.03015,-5.60883,0.42132,-1.52748,-2.58231,-2.9419,-7.05169,-1.51978,-2.37853,-2.8967400000000003,-6.79505,-2.73102,-2.97485,-7.23335,-6.81203,-15.423370000000002,4.85055,0.13768,-15.90385,0.15137,-15.41329,19.44453,19.06447,-5.69079,3.72161,-7.227889999999999,0.42199,0.62913,-3.73378,-7.848489999999999,-6.7800600000000015,-7.0267300000000015,-6.49709,2.42163 -1.16667 0.42891 2.04933 0.24451 0.27516 1.99535 -1.7377 -0.39246 3.49703 -1.35336 0.4547 1.98716 -1.55108 1.34875 2.453 0.78443 1.03036 2.46734 0.61189 -0.57048 -1.3978 -0.05608 -1.21132 -0.79195 -0.06964 0.10059 -1.5205 -0.45663 1.17232 -2.70084 -0.78359 1.0896 -0.77857 -0.46332 2.49039 -2.31493 0.52889 -1.19971 -0.6988 0.38726 -1.91537 -1.65298 -1.06153 -1.54543 0.19411 0.14571 0.20292 0.22474 -0.05095 2.41348 -0.72248 -1.48709 2.85458 -1.35191 0.11082 3.21368,C N H H H H H C N C O C H H H H H H H,-6.86,14_PeptideMeNH2
CN,CNC(=O)C,0,0,7,12,15236,S66x8,3057459,-5,66870341,avdz,-2.8199400000000003,-1.60055,-2.26366,-0.7305,-2.19861,-0.63162,-0.6479199999999999,-6.68415,-6.38066,0.30349,-2.8072,-2.19321,-2.49905,-7.499460000000001,-2.79758,-2.03009,-2.46268,-7.2903600000000015,-2.31224,-2.52559,-7.64503,-7.341539999999998,-12.64036,1.91614,0.10453,-13.01586,0.11663,-12.65732,13.96568,13.76156,-4.17209,2.58488,-5.96502,0.31519,0.47623,-2.65761,-8.11007,-7.23337,-7.4809199999999985,-6.9633,2.5247 -1.16118 0.43293 2.15239 0.25 0.27917 2.09841 -1.73222 -0.38845 3.6001 -1.34787 0.45871 2.09022 -1.54559 1.35276 2.55606 0.78992 1.03437 2.5704 0.61738 -0.56647 -1.3978 -0.05608 -1.21132 -0.79195 -0.06964 0.10059 -1.5205 -0.45663 1.17232 -2.70084 -0.78359 1.0896 -0.77857 -0.46332 2.49039 -2.31493 0.52889 -1.19971 -0.6988 0.38726 -1.91537 -1.65298 -1.06153 -1.54543 0.19411 0.14571 0.20292 0.22474 -0.05095 2.41348 -0.72248 -1.48709 2.85458 -1.35191 0.11082 3.21368,C N H H H H H C N C O C H H H H H H H,-7.379,14_PeptideMeNH2
CN,CNC(=O)C,0,0,7,12,15236,S66x8,3057459,0,66870342,avdz,-3.58476,-1.38803,-1.93291,-0.66369,-1.88977,-0.5526399999999999,-0.56728,-6.905710000000001,-6.690860000000002,0.21485,-3.56244,-1.86305,-2.12411,-7.5495899999999985,-3.55189,-1.7324400000000002,-2.09484,-7.3791699999999985,-1.95836,-2.14547,-7.66626,-7.45142,-10.47834,-0.03236,0.0791,-10.76141,0.08961000000000001,-10.50771,10.03501,9.92545,-3.1039,1.79665,-4.94343,0.23354,0.35991,-1.89837,-8.028310000000001,-7.353569999999999,-7.57147,-7.09938,2.62766 -1.1557 0.43694 2.25536 0.25548 0.28318 2.20137 -1.72673 -0.38444 3.70306 -1.34239 0.46272 2.19319 -1.54011 1.35677 2.65902 0.7954 1.03838 2.67336 0.62286 -0.56246 -1.3978 -0.05608 -1.21132 -0.79195 -0.06964 0.10059 -1.5205 -0.45663 1.17232 -2.70084 -0.78359 1.0896 -0.77857 -0.46332 2.49039 -2.31493 0.52889 -1.19971 -0.6988 0.38726 -1.91537 -1.65298 -1.06153 -1.54543 0.19411 0.14571 0.20292 0.22474 -0.05095 2.41348 -0.72248 -1.48709 2.85458 -1.35191 0.11082 3.21368,C N H H H H H C N C O C H H H H H H H,-7.478,14_PeptideMeNH2
CN,CNC(=O)C,0,0,7,12,15236,S66x8,3057459,5,66870343,avdz,-3.98983,-1.20379,-1.65229,-0.5998600000000001,-1.62464,-0.48227,-0.49554,-6.845910000000001,-6.6966,0.14932,-3.95825,-1.58268,-1.8064,-7.34733,-3.94855,-1.47796,-1.78286,-7.20937,-1.6591,-1.82357,-7.440930000000002,-7.29162,-8.78218,-1.2960200000000002,0.05962000000000001,-8.98638,0.06862,-8.81462,7.21289,7.154139999999999,-2.33727,1.24734,-4.1116800000000016,0.17175,0.27154,-1.37149,-7.73153,-7.21415,-7.40375,-6.97662,2.73082 -1.15021 0.44095 2.35852 0.26098 0.2872 2.30453 -1.72124 -0.38042 3.80622 -1.33689 0.46674 2.29635 -1.53461 1.36079 2.76218 0.8009 1.0424 2.77652 0.62836 -0.55845 -1.3978 -0.05608 -1.21132 -0.79195 -0.06964 0.10059 -1.5205 -0.45663 1.17232 -2.70084 -0.78359 1.0896 -0.77857 -0.46332 2.49039 -2.31493 0.52889 -1.19971 -0.6988 0.38726 -1.91537 -1.65298 -1.06153 -1.54543 0.19411 0.14571 0.20292 0.22474 -0.05095 2.41348 -0.72248 -1.48709 2.85458 -1.35191 0.11082 3.21368,C N H H H H H C N C O C H H H H H H H,-7.31,14_PeptideMeNH2
CN,CNC(=O)C,0,0,7,12,15236,S66x8,3057459,10,66870344,avdz,-4.14902,-1.04438,-1.41477,-0.53932,-1.39775,-0.41999,-0.43212,-6.6081699999999985,-6.50608,0.10209,-4.10982,-1.34545,-1.53825,-6.993519999999998,-4.10217,-1.26122,-1.51931,-6.8827,-1.40691,-1.55207,-7.0688,-6.966710000000001,-7.4447100000000015,-2.08074,0.04482,-7.58339,0.05244,-7.47486,5.19476,5.1631800000000005,-1.78065,0.8651399999999999,-3.43401,0.12567,0.20458,-1.0103,-7.30969,-6.89732,-7.05587,-6.68301,2.83388 -1.14472 0.44497 2.46158 0.26647 0.29121 2.4076 -1.71575 -0.37641 3.90928 -1.33141 0.47075 2.39941 -1.52912 1.3648 2.86525 0.80639 1.04641 2.87958 0.63385 -0.55443 -1.3978 -0.05608 -1.21132 -0.79195 -0.06964 0.10059 -1.5205 -0.45663 1.17232 -2.70084 -0.78359 1.0896 -0.77857 -0.46332 2.49039 -2.31493 0.52889 -1.19971 -0.6988 0.38726 -1.91537 -1.65298 -1.06153 -1.54543 0.19411 0.14571 0.20292 0.22474 -0.05095 2.41348 -0.72248 -1.48709 2.85458 -1.35191 0.11082 3.21368,C N H H H H H C N C O C H H H H H H H,-6.978,14_PeptideMeNH2
CN,CNC(=O)C,0,0,7,12,15236,S66x8,3057459,25,66870345,avdz,-3.8612,-0.6796399999999999,-0.8961100000000001,-0.37702,-0.8936,-0.27393,-0.28332,-5.43695,-5.40574,0.03121,-3.81471,-0.8294100000000001,-0.95854,-5.60266,-3.813180000000001,-0.78415,-0.94852,-5.54585,-0.86245,-0.96585,-5.6430099999999985,-5.6118,-4.82442,-2.85506,0.01878,-4.83398,0.02312,-4.84121,1.9682,1.96321,-0.83985,0.28533000000000003,-2.04787,0.0482,0.0857,-0.46273,-5.80422,-5.59158,-5.653980000000002,-5.48462,3.14307 -1.12825 0.45701 2.77077 0.28293 0.30325 2.71678 -1.69928 -0.36437 4.21847 -1.31494 0.48279 2.7086 -1.51266 1.37684 3.17443 0.82285 1.05845 3.18877 0.65031 -0.54239 -1.3978 -0.05608 -1.21132 -0.79195 -0.06964 0.10059 -1.5205 -0.45663 1.17232 -2.70084 -0.78359 1.0896 -0.77857 -0.46332 2.49039 -2.31493 0.52889 -1.19971 -0.6988 0.38726 -1.91537 -1.65298 -1.06153 -1.54543 0.19411 0.14571 0.20292 0.22474 -0.05095 2.41348 -0.72248 -1.48709 2.85458 -1.35191 0.11082 3.21368,C N H H H H H C N C O C H H H H H H H,-5.6110000000000015,14_PeptideMeNH2
CN,CNC(=O)C,0,0,7,12,15236,S66x8,3057459,50,66870346,avdz,-2.75966,-0.32105,-0.43045,-0.17853,-0.43115,-0.12930999999999998,-0.13482,-3.51116,-3.49864,0.01252,-2.72372,-0.37328,-0.45179,-3.5487800000000003,-2.72674,-0.35378000000000004,-0.4477600000000001,-3.52828,-0.38751,-0.45472,-3.56595,-3.55343,-2.75526,-2.38491,0.00428,-2.68781,0.00576,-2.76106,0.40523,0.40499,-0.29698,0.04427,-0.93485,0.00946,0.01822,-0.16575,-3.68147,-3.52849,-3.56311,-3.4848,3.65838 -1.10081 0.47707 3.28608 0.31038 0.32332 3.23209 -1.67184 -0.34431 4.73378 -1.2875 0.50285 3.22391 -1.48521 1.39691 3.68975 0.8503 1.07852 3.70408 0.67776 -0.52233 -1.3978 -0.05608 -1.21132 -0.79195 -0.06964 0.10059 -1.5205 -0.45663 1.17232 -2.70084 -0.78359 1.0896 -0.77857 -0.46332 2.49039 -2.31493 0.52889 -1.19971 -0.6988 0.38726 -1.91537 -1.65298 -1.06153 -1.54543 0.19411 0.14571 0.20292 0.22474 -0.05095 2.41348 -0.72248 -1.48709 2.85458 -1.35191 0.11082 3.21368,C N H H H H H C N C O C H H H H H H H,-3.552,14_PeptideMeNH2
CN,CNC(=O)C,0,0,7,12,15236,S66x8,3057459,100,66870347,avdz,-1.32662,-0.05947,-0.11131,-0.01487,-0.11227,-0.02674,-0.027160000000000004,-1.4974,-1.4805,0.0169,-1.31221,-0.07312,-0.11503,-1.50037,-1.31426,-0.06629,-0.11404,-1.49459,-0.07811,-0.11575,-1.50608,-1.48918,-1.25345,-1.24052,0.00021,-1.18518,0.00034,-1.25456,0.01441,0.01441,-0.06598,0.00103,-0.25313,0.00032,0.0007099999999999999,-0.02795,-1.58515,-1.47743,-1.51036,-1.4407,4.689 -1.04592 0.5172 4.3167 0.36526 0.36345 4.26272 -1.61695 -0.30418 5.7644 -1.23261 0.54298 4.25453 -1.43033 1.43704 4.72037 0.90518 1.11865 4.73471 0.73265 -0.4822 -1.3978 -0.05608 -1.21132 -0.79195 -0.06964 0.10059 -1.5205 -0.45663 1.17232 -2.70084 -0.78359 1.0896 -0.77857 -0.46332 2.49039 -2.31493 0.52889 -1.19971 -0.6988 0.38726 -1.91537 -1.65298 -1.06153 -1.54543 0.19411 0.14571 0.20292 0.22474 -0.05095 2.41348 -0.72248 -1.48709 2.85458 -1.35191 0.11082 3.21368,C N H H H H H C N C O C H H H H H H H,-1.492,14_PeptideMeNH2
CNC(=O)C,CNC(=O)C,0,0,12,12,11184,S66x8,3057099,-10,66867460,avdz,-2.76094,-1.45201,-2.62487,-0.45111,-2.70903,-0.747,-0.75861,-6.83782,-6.6680899999999985,0.16974,-2.84773,-2.2004,-2.94155,-7.98968,-2.81236,-1.9842,-2.88921,-7.68577,-2.35816,-2.97975,-8.18565,-8.01591,-15.7653,3.32674,0.12615,-15.58439,0.14194,-15.742020000000002,18.23914,17.977629999999994,-5.26857,2.96841,-8.05632,0.4390600000000001,0.63297,-3.23577,-10.02309,-7.889539999999998,-8.213610000000001,-7.54737,-1.22705 0.08979 -1.31997 -0.67006 0.00592 0.00978 -1.44855 -0.24488 1.09182 -2.66045 -0.42848 1.03435 -0.7015 -0.29063 2.40688 -2.29202 -0.1065 -1.24088 -1.0778 1.07994 -1.74854 -0.77663 -0.648 -1.98337 0.32668 0.12256 0.14159 -1.1833 0.39565 3.09887 0.34956 -0.03032 2.30783 -0.79406 -1.29161 2.82404 4.84968 -0.14902 -0.16613 3.96245 -1.25548 0.12282 2.63569 -1.08667 0.33657 2.0905 0.01477 0.2796 1.86805 -2.34108 0.67281 4.23549 0.74179 -0.24595 5.5771 -0.00955 0.63128 5.37467 -0.309 -1.10527 4.33877 -2.18273 0.19958 2.42628 -3.25108 0.4669 0.93936 -2.34761 0.10848 1.60883 -2.31763 1.72975,C N C O C H H H H H H H C N C O C H H H H H H H,-8.085,15_PeptidePeptide
CNC(=O)C,CNC(=O)C,0,0,12,12,11184,S66x8,3057099,-5,66867461,avdz,-3.99331,-1.27468,-2.26675,-0.43336,-2.35782,-0.66063,-0.67087,-7.53475,-7.445119999999998,0.08963,-4.04622,-1.8857,-2.52953,-8.46146,-4.01149,-1.70934,-2.4862900000000003,-8.20712,-2.0144,-2.56109,-8.62171,-8.53207,-13.1617,0.59215,0.09658,-12.93109,0.11049,-13.15709,13.116970000000002,12.97817,-3.91107,2.01492,-6.777830000000002,0.32768,0.48853,-2.2829,-10.18079,-8.34804,-8.65456,-8.01016,-1.22705 0.08979 -1.31997 -0.67006 0.00592 0.00978 -1.44855 -0.24488 1.09182 -2.66045 -0.42848 1.03435 -0.7015 -0.29063 2.40688 -2.29202 -0.1065 -1.24088 -1.0778 1.07994 -1.74854 -0.77663 -0.648 -1.98337 0.32668 0.12256 0.14159 -1.1833 0.39565 3.09887 0.34956 -0.03032 2.30783 -0.79406 -1.29161 2.82404 4.94767 -0.155 -0.15846 4.06043 -1.26147 0.13049 2.73367 -1.09266 0.34424 2.18849 0.00878 0.28726 1.96604 -2.34707 0.68047 4.33348 0.7358 -0.23829 5.67508 -0.01554 0.63894 5.47266 -0.31499 -1.0976 4.43675 -2.18872 0.20724 2.52426 -3.25707 0.47456 1.03734 -2.3536 0.11615 1.70682 -2.32362 1.73741,C N C O C H H H H H H H C N C O C H H H H H H H,-8.59,15_PeptidePeptide
CNC(=O)C,CNC(=O)C,0,0,12,12,11184,S66x8,3057099,0,66867462,avdz,-4.7081800000000005,-1.11597,-1.96034,-0.40684,-2.0540700000000003,-0.58292,-0.59223,-7.78448,-7.752000000000002,0.03248,-4.73347,-1.61487,-2.178,-8.52634,-4.70253,-1.47053,-2.14224,-8.3153,-1.72019,-2.2041,-8.657760000000001,-8.62528,-11.1233,-1.20273,0.07382000000000001,-10.84976,0.08589,-11.1287,9.45879,9.3848,-2.9667,1.3808200000000002,-5.72722,0.24363,0.37614,-1.63703,-10.00026,-8.39995,-8.69934,-8.07521,-1.22705 0.08979 -1.31997 -0.67006 0.00592 0.00978 -1.44855 -0.24488 1.09182 -2.66045 -0.42848 1.03435 -0.7015 -0.29063 2.40688 -2.29202 -0.1065 -1.24088 -1.0778 1.07994 -1.74854 -0.77663 -0.648 -1.98337 0.32668 0.12256 0.14159 -1.1833 0.39565 3.09887 0.34956 -0.03032 2.30783 -0.79406 -1.29161 2.82404 5.04555 -0.16099 -0.1508 4.15832 -1.26745 0.13815 2.83156 -1.09864 0.35189 2.28637 0.0028 0.29492 2.06392 -2.35305 0.68813 4.43136 0.72982 -0.23063 5.77297 -0.02152 0.6466 5.57054 -0.32097 -1.08995 4.53464 -2.1947 0.2149 2.62215 -3.26305 0.48222 1.13523 -2.35958 0.1238 1.8047 -2.3296 1.74507,C N C O C H H H H H H H C N C O C H H H H H H H,-8.673,15_PeptidePeptide
CNC(=O)C,CNC(=O)C,0,0,12,12,11184,S66x8,3057099,5,66867463,avdz,-5.06837,-0.97463,-1.69754,-0.37501,-1.79083,-0.5132800000000001,-0.5219600000000001,-7.740539999999998,-7.7475,-0.006959999999999999,-5.0716199999999985,-1.38176,-1.87744,-8.33082,-5.04663,-1.26319,-1.84788,-8.157689999999999,-1.46829,-1.89902,-8.43892,-8.44588,-9.50853,-2.34918,0.05629,-9.20073,0.06665,-9.51845,6.8403800000000015,6.8007399999999985,-2.29185,0.95283,-4.85749,0.18053,0.28862,-1.20428,-9.60971,-8.27094,-8.503789999999999,-7.989719999999998,-1.22705 0.08979 -1.31997 -0.67006 0.00592 0.00978 -1.44855 -0.24488 1.09182 -2.66045 -0.42848 1.03435 -0.7015 -0.29063 2.40688 -2.29202 -0.1065 -1.24088 -1.0778 1.07994 -1.74854 -0.77663 -0.648 -1.98337 0.32668 0.12256 0.14159 -1.1833 0.39565 3.09887 0.34956 -0.03032 2.30783 -0.79406 -1.29161 2.82404 5.14364 -0.16698 -0.14313 4.2564 -1.27345 0.14582 2.92964 -1.10463 0.35957 2.38446 -0.0032 0.3026 2.16201 -2.35905 0.6958 4.52945 0.72383 -0.22295 5.87105 -0.02752 0.65427 5.66863 -0.32696 -1.08227 4.63272 -2.20069 0.22258 2.72023 -3.26905 0.4899 1.23331 -2.36558 0.13148 1.90279 -2.3356 1.75275,C N C O C H H H H H H H C N C O C H H H H H H H,-8.485,15_PeptidePeptide
CNC(=O)C,CNC(=O)C,0,0,12,12,11184,S66x8,3057099,10,66867464,avdz,-5.18591,-0.8496100000000001,-1.47269,-0.34035,-1.5634,-0.45137,-0.45958,-7.508210000000001,-7.54103,-0.03283,-5.1733400000000005,-1.18192,-1.62117,-7.9764300000000015,-5.15482,-1.08407,-1.59674,-7.83563,-1.25331,-1.639,-8.06565,-8.09848,-8.22,-3.04498,0.04288,-7.8871,0.05168,-8.23196,4.97051,4.94908,-1.79985,0.66109,-4.13673,0.1336,0.22078000000000006,-0.91525,-9.09782,-7.94198,-8.13653,-7.68974,-1.22705 0.08979 -1.31997 -0.67006 0.00592 0.00978 -1.44855 -0.24488 1.09182 -2.66045 -0.42848 1.03435 -0.7015 -0.29063 2.40688 -2.29202 -0.1065 -1.24088 -1.0778 1.07994 -1.74854 -0.77663 -0.648 -1.98337 0.32668 0.12256 0.14159 -1.1833 0.39565 3.09887 0.34956 -0.03032 2.30783 -0.79406 -1.29161 2.82404 5.24162 -0.17297 -0.13546 4.35439 -1.27944 0.15349 3.02763 -1.11062 0.36723 2.48244 -0.00919 0.31026 2.25999 -2.36503 0.70347 4.62743 0.71784 -0.21529 5.96904 -0.0335 0.66194 5.76661 -0.33295 -1.0746 4.73071 -2.20668 0.23024 2.81822 -3.27504 0.49756 1.3313 -2.37156 0.13915 2.00077 -2.34159 1.76041,C N C O C H H H H H H H C N C O C H H H H H H H,-8.131,15_PeptidePeptide
CNC(=O)C,CNC(=O)C,0,0,12,12,11184,S66x8,3057099,25,66867465,avdz,-4.78369,-0.55414,-0.97046,-0.23306,-1.04751,-0.30465,-0.3118,-6.30828,-6.36891,-0.060620000000000014,-4.75562,-0.73652,-1.05409,-6.54623,-4.75051,-0.67998,-1.04031,-6.47079,-0.77777,-1.06415,-6.59755,-6.65817,-5.62827,-3.65778,0.01886,-5.2663400000000005,0.02398,-5.64104,1.96547,1.96187,-0.94203,0.22251,-2.61279,0.05396,0.09659,-0.47598,-7.333310000000001,-6.57005,-6.68615,-6.4062,-1.22705 0.08979 -1.31997 -0.67006 0.00592 0.00978 -1.44855 -0.24488 1.09182 -2.66045 -0.42848 1.03435 -0.7015 -0.29063 2.40688 -2.29202 -0.1065 -1.24088 -1.0778 1.07994 -1.74854 -0.77663 -0.648 -1.98337 0.32668 0.12256 0.14159 -1.1833 0.39565 3.09887 0.34956 -0.03032 2.30783 -0.79406 -1.29161 2.82404 5.53558 -0.19093 -0.11246 4.64834 -1.2974 0.17649 3.32158 -1.12859 0.39023 2.77639 -0.02715 0.33326 2.55395 -2.383 0.72647 4.92139 0.69987 -0.19229 6.26299 -0.05147 0.68494 6.06057 -0.35092 -1.05161 5.02466 -2.22465 0.25324 3.11217 -3.293 0.52056 1.62525 -2.38953 0.16214 2.29473 -2.35955 1.78341,C N C O C H H H H H H H C N C O C H H H H H H H,-6.6770000000000005,15_PeptidePeptide
CNC(=O)C,CNC(=O)C,0,0,12,12,11184,S66x8,3057099,50,66867466,avdz,-3.51385,-0.2505,-0.49517,-0.08702,-0.54879,-0.15463,-0.15925999999999998,-4.259530000000002,-4.30429,-0.04476,-3.49241,-0.32525,-0.52982,-4.34748,-3.4949,-0.29873,-0.52393,-4.31755,-0.34461,-0.5341199999999999,-4.37113,-4.4159,-3.45086,-3.04721,0.00477,-3.12756,0.00661,-3.4588,0.44691,0.4467,-0.3921,0.03609,-1.30091,0.01183,0.02296,-0.19655,-4.83058,-4.2891,-4.38374,-4.2003,-1.22705 0.08979 -1.31997 -0.67006 0.00592 0.00978 -1.44855 -0.24488 1.09182 -2.66045 -0.42848 1.03435 -0.7015 -0.29063 2.40688 -2.29202 -0.1065 -1.24088 -1.0778 1.07994 -1.74854 -0.77663 -0.648 -1.98337 0.32668 0.12256 0.14159 -1.1833 0.39565 3.09887 0.34956 -0.03032 2.30783 -0.79406 -1.29161 2.82404 6.0255 -0.22088 -0.07413 5.13826 -1.32734 0.21482 3.81151 -1.15853 0.42857 3.26632 -0.05709 0.37159 3.04387 -2.41294 0.7648 5.41131 0.66993 -0.15395 6.75292 -0.08141 0.72327 6.55049 -0.38086 -1.01327 5.51458 -2.25459 0.29158 3.60209 -3.32294 0.55889 2.11518 -2.41947 0.20048 2.78465 -2.38949 1.82174,C N C O C H H H H H H H C N C O C H H H H H H H,-4.426,15_PeptidePeptide
CNC(=O)C,CNC(=O)C,0,0,12,12,11184,S66x8,3057099,100,66867467,avdz,-1.6299,-0.00564,-0.10915,0.040060000000000005,-0.13483,-0.02975,-0.02873,-1.7447,-1.7544400000000002,-0.00974,-1.6201,-0.02265,-0.11507,-1.7578200000000002,-1.62171,-0.01399,-0.11378,-1.7494900000000002,-0.028960000000000007,-0.11602,-1.76507,-1.7748099999999998,-1.53539,-1.52591,0.00017,-1.35179,0.00029,-1.53732,0.00971,0.00971,-0.0891,0.00043,-0.33009,0.00027,0.00073,-0.030060000000000007,-1.97543,-1.7443799999999998,-1.79808,-1.68923,-1.22705 0.08979 -1.31997 -0.67006 0.00592 0.00978 -1.44855 -0.24488 1.09182 -2.66045 -0.42848 1.03435 -0.7015 -0.29063 2.40688 -2.29202 -0.1065 -1.24088 -1.0778 1.07994 -1.74854 -0.77663 -0.648 -1.98337 0.32668 0.12256 0.14159 -1.1833 0.39565 3.09887 0.34956 -0.03032 2.30783 -0.79406 -1.29161 2.82404 7.18072 -0.29148 0.01625 6.29349 -1.39794 0.3052 4.96673 -1.22913 0.51895 4.42154 -0.12769 0.46198 4.19909 -2.48354 0.85519 6.56653 0.59933 -0.06357 7.90814 -0.15201 0.81366 7.70572 -0.45146 -0.92289 6.66981 -2.32519 0.38196 4.75732 -3.39355 0.64928 3.2704 -2.49007 0.29086 3.93987 -2.4601 1.91213,C N C O C H H H H H H H C N C O C H H H H H H H,-1.7819999999999998,15_PeptidePeptide
CNC(=O)C,O,0,0,12,3,15038,S66x8,3057409,-10,66869940,avdz,-2.22493,-0.52764,-1.2283,-0.04047,-1.30214,-0.32103000000000004,-0.31947,-3.98087,-3.88857,0.0923,-2.31741,-0.94696,-1.40437,-4.6687400000000014,-2.29193,-0.81484,-1.3735700000000002,-4.48034,-1.04336,-1.42685,-4.78763,-4.69532,-9.50112,0.76603,0.06717999999999999,-9.29611,0.07481,-9.48721,9.73519,9.64568,-2.2077400000000003,1.05444,-3.65513,0.1825,0.25933,-1.51936,-5.63799,-4.7504300000000015,-4.8461,-4.64898,-1.65812 0.25009 -1.25855 -0.95342 -0.0764 -0.04082 -1.61494 -0.38743 1.10407 -2.83732 -0.41502 1.19413 -0.7243 -0.70494 2.28387 -2.72037 0.17694 -1.04665 -1.4303 1.26296 -1.58809 -1.40563 -0.44434 -2.05858 0.05381 -0.07557 -0.03664 0.33532 -0.62994 2.05318 -0.9517 -1.71199 2.62565 -0.96963 -0.02208 3.09377 1.92343 -0.05991 -0.14471 2.48841 -0.77287 -0.44991 2.50318 0.70428 -0.12081,C N C O C H H H H H H H O H H,-4.74,16_PeptideWater
CNC(=O)C,O,0,0,12,3,15038,S66x8,3057409,-5,66869941,avdz,-3.03521,-0.43169,-1.01409,-0.041010000000000005,-1.08805,-0.27047,-0.26846,-4.48099,-4.43475,0.04624,-3.09673,-0.7611100000000001,-1.15535,-5.0132,-3.07325,-0.6559,-1.13046,-4.85961,-0.8378899999999999,-1.17352,-5.1081400000000015,-5.0619,-7.90618,-0.8658399999999999,0.04895,-7.6649699999999985,0.05532,-7.90229,6.658410000000001,6.61523,-1.57672,0.64268,-2.95474,0.1273,0.19146,-1.01498,-5.82889,-5.10829,-5.18038,-5.03201,-1.65812 0.25009 -1.25855 -0.95342 -0.0764 -0.04082 -1.61494 -0.38743 1.10407 -2.83732 -0.41502 1.19413 -0.7243 -0.70494 2.28387 -2.72037 0.17694 -1.04665 -1.4303 1.26296 -1.58809 -1.40563 -0.44434 -2.05858 0.05381 -0.07557 -0.03664 0.33532 -0.62994 2.05318 -0.9517 -1.71199 2.62565 -0.96963 -0.02208 3.09377 2.02737 -0.05904 -0.15072 2.59235 -0.772 -0.45592 2.60712 0.70516 -0.12682,C N C O C H H H H H H H O H H,-5.097,16_PeptideWater
CNC(=O)C,O,0,0,12,3,15038,S66x8,3057409,0,66869942,avdz,-3.46309,-0.34964,-0.8390200000000001,-0.0343,-0.91059,-0.22703,-0.22468,-4.65175,-4.635,0.01675,-3.49778,-0.6086,-0.9521,-5.05848,-3.47893,-0.52432,-0.932,-4.93526,-0.6701,-0.96677,-5.13464,-5.11789,-6.6837300000000015,-1.85753,0.03556,-6.4176,0.04081,-6.68526,4.56629,4.5454300000000005,-1.16367,0.39687,-2.40211,0.08835,0.14076,-0.70208,-5.76086,-5.15566,-5.21575,-5.0932,-1.65812 0.25009 -1.25855 -0.95342 -0.0764 -0.04082 -1.61494 -0.38743 1.10407 -2.83732 -0.41502 1.19413 -0.7243 -0.70494 2.28387 -2.72037 0.17694 -1.04665 -1.4303 1.26296 -1.58809 -1.40563 -0.44434 -2.05858 0.05381 -0.07557 -0.03664 0.33532 -0.62994 2.05318 -0.9517 -1.71199 2.62565 -0.96963 -0.02208 3.09377 2.13114 -0.05817 -0.15672 2.69612 -0.77113 -0.46192 2.71089 0.70602 -0.13282,C N C O C H H H H H H H O H H,-5.146,16_PeptideWater
CNC(=O)C,O,0,0,12,3,15038,S66x8,3057409,5,66869943,avdz,-3.6396,-0.2796,-0.69534,-0.02325,-0.7630399999999999,-0.18981,-0.18719,-4.61455,-4.61569,-0.00114,-3.65248,-0.48324,-0.78556,-4.92128,-3.63902,-0.41535,-0.7693800000000001,-4.82375,-0.53278,-0.79737,-4.98264,-4.98378,-5.73061,-2.4270400000000003,0.02574,-5.44936,0.03,-5.73525,3.1404400000000003,3.13036,-0.88254,0.24695,-1.96248,0.06106,0.10273,-0.5084,-5.53749,-5.00685,-5.060969999999998,-4.9511400000000005,-1.65812 0.25009 -1.25855 -0.95342 -0.0764 -0.04082 -1.61494 -0.38743 1.10407 -2.83732 -0.41502 1.19413 -0.7243 -0.70494 2.28387 -2.72037 0.17694 -1.04665 -1.4303 1.26296 -1.58809 -1.40563 -0.44434 -2.05858 0.05381 -0.07557 -0.03664 0.33532 -0.62994 2.05318 -0.9517 -1.71199 2.62565 -0.96963 -0.02208 3.09377 2.23511 -0.0573 -0.16273 2.80008 -0.77026 -0.46793 2.81486 0.70689 -0.13883,C N C O C H H H H H H H O H H,-5.006,16_PeptideWater
CNC(=O)C,O,0,0,12,3,15038,S66x8,3057409,10,66869944,avdz,-3.65267,-0.22005,-0.57748,-0.00982,-0.64063,-0.15812,-0.15527,-4.4502,-4.4612300000000005,-0.01103,-3.649480000000001,-0.38062,-0.64935,-4.67945,-3.64078,-0.32553000000000004,-0.63634,-4.60264,-0.42081,-0.65884,-4.72914,-4.74017,-4.97898,-2.7179900000000004,0.018580000000000003,-4.69057,0.02201,-4.98538,2.17079,2.16589,-0.68509,0.15411,-1.61218,0.04216,0.07438,-0.3862,-5.22741,-4.75341,-4.79879,-4.70633,-1.65812 0.25009 -1.25855 -0.95342 -0.0764 -0.04082 -1.61494 -0.38743 1.10407 -2.83732 -0.41502 1.19413 -0.7243 -0.70494 2.28387 -2.72037 0.17694 -1.04665 -1.4303 1.26296 -1.58809 -1.40563 -0.44434 -2.05858 0.05381 -0.07557 -0.03664 0.33532 -0.62994 2.05318 -0.9517 -1.71199 2.62565 -0.96963 -0.02208 3.09377 2.33897 -0.05643 -0.16873 2.90395 -0.76939 -0.47393 2.91872 0.70776 -0.14483,C N C O C H H H H H H H O H H,-4.758,16_PeptideWater
CNC(=O)C,O,0,0,12,3,15038,S66x8,3057409,25,66869945,avdz,-3.233,-0.08904,-0.33307,0.033280000000000004,-0.38239,-0.08878,-0.08531,-3.65511,-3.67089,-0.015780000000000002,-3.20873,-0.17159000000000002,-0.3701,-3.75042,-3.20847,-0.14025,-0.36319,-3.71191,-0.19445,-0.37514,-3.77833,-3.79411,-3.48207,-2.7581,0.00691,-3.2032,0.00861,-3.48932,0.7399100000000001,0.73933,-0.35547,0.03611,-0.92285,0.01394,0.02673,-0.20364,-4.15459,-3.794680000000001,-3.82552,-3.76328,-1.65812 0.25009 -1.25855 -0.95342 -0.0764 -0.04082 -1.61494 -0.38743 1.10407 -2.83732 -0.41502 1.19413 -0.7243 -0.70494 2.28387 -2.72037 0.17694 -1.04665 -1.4303 1.26296 -1.58809 -1.40563 -0.44434 -2.05858 0.05381 -0.07557 -0.03664 0.33532 -0.62994 2.05318 -0.9517 -1.71199 2.62565 -0.96963 -0.02208 3.09377 2.65057 -0.05382 -0.18674 3.21555 -0.76678 -0.49194 3.23032 0.71037 -0.16284,C N C O C H H H H H H H O H H,-3.805,16_PeptideWater
CNC(=O)C,O,0,0,12,3,15038,S66x8,3057409,50,66869946,avdz,-2.29478,0.02304,-0.13214,0.08126,-0.16483,-0.02892,-0.02454,-2.40389,-2.40727,-0.00338,-2.2707900000000003,-0.01395,-0.14766,-2.4324,-2.27584,0.0023,-0.14447000000000002,-2.41801,-0.025810000000000003,-0.14998,-2.44658,-2.44996,-2.20667,-2.09798,0.00131,-1.98141,0.00178,-2.2105200000000003,0.13032,0.1303,-0.15045,0.00294,-0.40372,0.00224,0.00436,-0.07808,-2.70291,-2.4517,-2.47271,-2.43063,-1.65812 0.25009 -1.25855 -0.95342 -0.0764 -0.04082 -1.61494 -0.38743 1.10407 -2.83732 -0.41502 1.19413 -0.7243 -0.70494 2.28387 -2.72037 0.17694 -1.04665 -1.4303 1.26296 -1.58809 -1.40563 -0.44434 -2.05858 0.05381 -0.07557 -0.03664 0.33532 -0.62994 2.05318 -0.9517 -1.71199 2.62565 -0.96963 -0.02208 3.09377 3.1699 -0.04947 -0.21676 3.73488 -0.76243 -0.52196 3.74966 0.71472 -0.19286,C N C O C H H H H H H H O H H,-2.458,16_PeptideWater
CNC(=O)C,O,0,0,12,3,15038,S66x8,3057409,100,66869947,avdz,-1.17284,0.0672,-0.014980000000000004,0.08567999999999999,-0.03297,0.00323,0.00759,-1.12061,-1.11689,0.00372,-1.16347,0.05271,-0.01953,-1.13029,-1.16584,0.06041000000000001,-0.01814,-1.1235700000000002,0.04709,-0.02054,-1.1369200000000002,-1.1332,-1.12304,-1.12066,5e-05,-0.98815,7e-05,-1.12427,0.00314,0.00314,-0.04029,7e-05,-0.10535,5e-05,0.00013000000000000002,-0.01464,-1.28117,-1.13141,-1.1404299999999998,-1.12241,-1.65812 0.25009 -1.25855 -0.95342 -0.0764 -0.04082 -1.61494 -0.38743 1.10407 -2.83732 -0.41502 1.19413 -0.7243 -0.70494 2.28387 -2.72037 0.17694 -1.04665 -1.4303 1.26296 -1.58809 -1.40563 -0.44434 -2.05858 0.05381 -0.07557 -0.03664 0.33532 -0.62994 2.05318 -0.9517 -1.71199 2.62565 -0.96963 -0.02208 3.09377 4.20857 -0.04077 -0.2768 4.77355 -0.75373 -0.582 4.78832 0.72342 -0.2529,C N C O C H H H H H H H O H H,-1.136,16_PeptideWater
O=c1cc[nH]c(=O)[nH]1,O=c1cc[nH]c(=O)[nH]1,0,0,12,12,26529,S66x8,3057113,-10,66867572,avdz,-9.54291,0.017240000000000002,-3.73668,2.01452,-4.36232,-1.11245,-1.08097,-13.26235,-13.00316,0.25919000000000003,-9.94209,-1.38478,-4.24307,-15.56994,-9.86889,-0.93936,-4.15371,-14.96195,-1.70983,-4.30828,-15.96019,-15.701,-37.63338,10.67984,0.2614,-36.16293,0.29153,-37.55123,46.31799,45.30333,-15.94725,8.06622,-12.82835,0.84396,1.10907,-11.16598,-21.15559,-15.85056,-16.05194,-15.60677,-0.5941 -2.25352 0.00263 -1.29682 -1.24043 0.0015 -2.74362 -1.26233 0.00048 -3.42202 -0.09591 -0.00092 -2.77484 1.10541 -0.00142 -3.28384 1.97388 -0.00249 -1.39148 1.23702 -0.00053 -0.83984 2.31704 -0.001 -0.73 0.02277 0.00091 0.29842 0.074 0.00162 -3.24959 -2.21184 0.00083 -4.5009 -0.04922 -0.00175 6.04095 -2.03984 -0.00175 4.8315 -2.19155 -0.001 4.11728 -3.45372 -0.00151 2.76711 -3.45754 -0.00055 2.02912 -2.30666 0.0009 1.00278 -2.3281 0.00158 2.60189 -1.06199 0.00146 1.95157 -0.02077 0.00269 3.97545 -1.07693 0.0005 4.4227 -0.17036 0.00089 4.68387 -4.36875 -0.00264 2.19015 -4.3705 -0.00086,O C C C N H C O N H H H O C C C N H C O N H H H,-16.042,17_UracilUracilBP
O=c1cc[nH]c(=O)[nH]1,O=c1cc[nH]c(=O)[nH]1,0,0,12,12,26529,S66x8,3057113,-5,66867573,avdz,-11.64684,0.0149,-3.19652,1.6929,-3.78497,-0.99406,-0.97033,-14.82846,-14.732970000000002,0.09549,-11.93763,-1.12446,-3.61509,-16.67717,-11.85988,-0.76199,-3.54217,-16.16403,-1.38897,-3.6683,-16.994889999999998,-16.8994,-31.650640000000006,3.5843800000000003,0.20122,-30.22161,0.22821,-31.63771,33.69639,33.13252,-11.87839,5.58619,-10.63465,0.64079,0.8564700000000001,-8.00164,-21.37255,-16.95984,-17.14413,-16.741229999999998,-0.5941 -2.25352 0.00263 -1.29682 -1.24043 0.0015 -2.74362 -1.26233 0.00048 -3.42202 -0.09591 -0.00092 -2.77484 1.10541 -0.00142 -3.28384 1.97388 -0.00249 -1.39148 1.23702 -0.00053 -0.83984 2.31704 -0.001 -0.73 0.02277 0.00091 0.29842 0.074 0.00162 -3.24959 -2.21184 0.00083 -4.5009 -0.04922 -0.00175 6.12964 -2.04446 -0.00175 4.92019 -2.19617 -0.001 4.20597 -3.45834 -0.00151 2.8558 -3.46216 -0.00055 2.11781 -2.31128 0.00091 1.09147 -2.33272 0.00158 2.69058 -1.06661 0.00146 2.04026 -0.0254 0.00269 4.06414 -1.08155 0.0005 4.51138 -0.17498 0.00089 4.77255 -4.37337 -0.00264 2.27884 -4.37513 -0.00086,O C C C N H C O N H H H O C C C N H C O N H H H,-17.19,17_UracilUracilBP
O=c1cc[nH]c(=O)[nH]1,O=c1cc[nH]c(=O)[nH]1,0,0,12,12,26529,S66x8,3057113,0,66867574,avdz,-12.7158,0.02683,-2.7328900000000003,1.43582,-3.2830699999999995,-0.8834299999999999,-0.8662200000000001,-15.42185,-15.44648,-0.024630000000000003,-12.92355,-0.89802,-3.07777,-16.89934,-12.84309,-0.60323,-3.0182,-16.46452,-1.11314,-3.12123,-17.15792,-17.18255,-26.839270000000006,-1.15413,0.15446,-25.44338,0.17829,-26.865540000000006,24.50027,24.18732,-8.98067,3.88682,-8.8557,0.4831,0.65967,-5.72285,-20.89491,-17.14742,-17.33086,-16.93985,-0.5941 -2.25352 0.00263 -1.29682 -1.24043 0.0015 -2.74362 -1.26233 0.00048 -3.42202 -0.09591 -0.00092 -2.77484 1.10541 -0.00142 -3.28384 1.97388 -0.00249 -1.39148 1.23702 -0.00053 -0.83984 2.31704 -0.001 -0.73 0.02277 0.00091 0.29842 0.074 0.00162 -3.24959 -2.21184 0.00083 -4.5009 -0.04922 -0.00175 6.21823 -2.04908 -0.00175 5.00878 -2.20079 -0.001 4.29456 -3.46296 -0.0015 2.94439 -3.46678 -0.00054 2.2064 -2.3159 0.00091 1.18006 -2.33734 0.00158 2.77917 -1.07123 0.00146 2.12885 -0.03001 0.00269 4.15273 -1.08617 0.0005 4.59997 -0.17959 0.00089 4.86114 -4.37799 -0.00264 2.36742 -4.37974 -0.00086,O C C C N H C O N H H H O C C C N H C O N H H H,-17.432000000000002,17_UracilUracilBP
O=c1cc[nH]c(=O)[nH]1,O=c1cc[nH]c(=O)[nH]1,0,0,12,12,26529,S66x8,3057113,5,66867575,avdz,-13.08205,0.04525,-2.33645,1.22892,-2.84783,-0.78163,-0.76988,-15.37325,-15.48259,-0.10934,-13.22183,-0.7040000000000001,-2.61942,-16.54524,-13.1442,-0.46417,-2.57072,-16.17909,-0.8790100000000001,-2.65495,-16.75579,-16.865129999999994,-22.93472,-4.23551,0.11817,-21.57127,0.13893,-22.97928,17.8019,17.62849,-6.88018,2.71709,-7.403410000000001,0.36178,0.50692,-4.10858,-19.98377,-16.74544,-16.9651,-16.50788,-0.5941 -2.25352 0.00263 -1.29682 -1.24043 0.0015 -2.74362 -1.26233 0.00048 -3.42202 -0.09591 -0.00092 -2.77484 1.10541 -0.00142 -3.28384 1.97388 -0.00249 -1.39148 1.23702 -0.00053 -0.83984 2.31704 -0.001 -0.73 0.02277 0.00091 0.29842 0.074 0.00162 -3.24959 -2.21184 0.00083 -4.5009 -0.04922 -0.00175 6.30702 -2.05371 -0.00175 5.09756 -2.20541 -0.001 4.38334 -3.46759 -0.0015 3.03318 -3.4714 -0.00054 2.29518 -2.32052 0.00091 1.26885 -2.34197 0.00158 2.86796 -1.07586 0.00146 2.21763 -0.03464 0.00269 4.24152 -1.09079 0.0005 4.68876 -0.18422 0.00089 4.94993 -4.38262 -0.00264 2.45621 -4.38437 -0.00086,O C C C N H C O N H H H O C C C N H C O N H H H,-17.078,17_UracilUracilBP
O=c1cc[nH]c(=O)[nH]1,O=c1cc[nH]c(=O)[nH]1,0,0,12,12,26529,S66x8,3057113,10,66867576,avdz,-12.97812,0.06552000000000001,-2.00021,1.06243,-2.47319,-0.6896100000000001,-0.6824,-14.91281,-15.07848,-0.16567,-13.06066,-0.54042,-2.23141,-15.83249,-12.99159,-0.34486999999999995,-2.19158,-15.52805,-0.68312,-2.26047,-16.00425,-16.16992,-19.755,-6.14174,0.09022,-18.42713,0.10811,-19.80472,12.95371,12.85741,-5.339169999999998,1.91025,-6.21771,0.26972,0.38912,-2.98808,-18.82688,-16.01077,-16.21605,-15.79201,-0.5941 -2.25352 0.00263 -1.29682 -1.24043 0.0015 -2.74362 -1.26233 0.00048 -3.42202 -0.09591 -0.00092 -2.77484 1.10541 -0.00142 -3.28384 1.97388 -0.00249 -1.39148 1.23702 -0.00053 -0.83984 2.31704 -0.001 -0.73 0.02277 0.00091 0.29842 0.074 0.00162 -3.24959 -2.21184 0.00083 -4.5009 -0.04922 -0.00175 6.3957 -2.05833 -0.00175 5.18625 -2.21003 -0.001 4.47203 -3.47221 -0.0015 3.12186 -3.47603 -0.00054 2.38387 -2.32514 0.00091 1.35754 -2.34659 0.00158 2.95664 -1.08048 0.00146 2.30632 -0.03926 0.00269 4.3302 -1.09542 0.0005 4.77745 -0.18884 0.00089 5.03862 -4.38724 -0.00264 2.5449 -4.38899 -0.00086,O C C C N H C O N H H H O C C C N H C O N H H H,-16.352,17_UracilUracilBP
O=c1cc[nH]c(=O)[nH]1,O=c1cc[nH]c(=O)[nH]1,0,0,12,12,26529,S66x8,3057113,25,66867577,avdz,-11.26848,0.12031,-1.27013,0.73145,-1.63688,-0.46904,-0.47135,-12.41829,-12.64295,-0.22465,-11.24394,-0.19577,-1.39249,-12.8322,-11.21192,-0.08797999999999999,-1.37096,-12.67086,-0.27443,-1.40821,-12.92658,-13.151229999999998,-13.17174,-7.9184800000000015,0.03974,-11.97696,0.05059,-13.21051,5.0758199999999984,5.05891,-2.65446,0.67567,-3.7827,0.10993,0.17384000000000002,-1.31903,-14.93144,-13.00215,-13.13041,-12.86719,-0.5941 -2.25352 0.00263 -1.29682 -1.24043 0.0015 -2.74362 -1.26233 0.00048 -3.42202 -0.09591 -0.00092 -2.77484 1.10541 -0.00142 -3.28384 1.97388 -0.00249 -1.39148 1.23702 -0.00053 -0.83984 2.31704 -0.001 -0.73 0.02277 0.00091 0.29842 0.074 0.00162 -3.24959 -2.21184 0.00083 -4.5009 -0.04922 -0.00175 6.66159 -2.07219 -0.00175 5.45214 -2.22389 -0.001 4.73792 -3.48606 -0.0015 3.38775 -3.48988 -0.00054 2.64976 -2.339 0.00091 1.62342 -2.36044 0.00158 3.22253 -1.09433 0.00146 2.57221 -0.05312 0.00269 4.59609 -1.10927 0.0005 5.04334 -0.2027 0.00089 5.30451 -4.40109 -0.00264 2.81079 -4.40285 -0.00086,O C C C N H C O N H H H O C C C N H C O N H H H,-13.263,17_UracilUracilBP
O=c1cc[nH]c(=O)[nH]1,O=c1cc[nH]c(=O)[nH]1,0,0,12,12,26529,S66x8,3057113,50,66867578,avdz,-7.601739999999999,0.18225,-0.61942,0.48518,-0.85554,-0.24208,-0.25071,-8.0389,-8.21417,-0.17527,-7.55515,0.07385,-0.66062,-8.141910000000001,-7.55434,0.11799,-0.65276,-8.08911,0.04164,-0.66635,-8.17985,-8.35512,-7.477339999999999,-6.39997,0.00993,-6.55032,0.01408,-7.498539999999998,1.14832,1.14729,-0.9692,0.11741,-1.7998,0.02428,0.04216,-0.49339,-9.42876,-8.28929,-8.362789999999999,-8.213569999999999,-0.5941 -2.25352 0.00263 -1.29682 -1.24043 0.0015 -2.74362 -1.26233 0.00048 -3.42202 -0.09591 -0.00092 -2.77484 1.10541 -0.00142 -3.28384 1.97388 -0.00249 -1.39148 1.23702 -0.00053 -0.83984 2.31704 -0.001 -0.73 0.02277 0.00091 0.29842 0.074 0.00162 -3.24959 -2.21184 0.00083 -4.5009 -0.04922 -0.00175 7.1052 -2.0953 -0.00175 5.89575 -2.24701 -0.001 5.18153 -3.50918 -0.0015 3.83136 -3.513 -0.00054 3.09337 -2.36212 0.00091 2.06703 -2.38356 0.00159 3.66614 -1.11745 0.00146 3.01582 -0.07623 0.0027 5.0397 -1.13239 0.0005 5.48694 -0.22582 0.00089 5.74811 -4.42421 -0.00264 3.2544 -4.42596 -0.00086,O C C C N H C O N H H H O C C C N H C O N H H H,-8.41,17_UracilUracilBP
O=c1cc[nH]c(=O)[nH]1,O=c1cc[nH]c(=O)[nH]1,0,0,12,12,26529,S66x8,3057113,100,66867579,avdz,-3.28188,0.19508,-0.16648,0.30533000000000005,-0.27564,-0.06471,-0.07086,-3.25327,-3.31691,-0.06364,-3.25838,0.17251,-0.17265,-3.25852,-3.26676,0.18642,-0.17077,-3.25111,0.16235,-0.17402,-3.27005,-3.3336900000000003,-3.0782700000000003,-3.03262,0.0006,-2.57713,0.00106,-3.0855900000000003,0.0575,0.0575,-0.20667,0.00354,-0.54093,0.00113,0.0021100000000000003,-0.08666,-3.85557,-3.33084,-3.37102,-3.2905300000000004,-0.5941 -2.25352 0.00263 -1.29682 -1.24043 0.0015 -2.74362 -1.26233 0.00048 -3.42202 -0.09591 -0.00092 -2.77484 1.10541 -0.00142 -3.28384 1.97388 -0.00249 -1.39148 1.23702 -0.00053 -0.83984 2.31704 -0.001 -0.73 0.02277 0.00091 0.29842 0.074 0.00162 -3.24959 -2.21184 0.00083 -4.5009 -0.04922 -0.00175 7.99207 -2.14152 -0.00174 6.78262 -2.29322 -0.00099 6.0684 -3.5554 -0.0015 4.71823 -3.55921 -0.00054 3.98024 -2.40833 0.00091 2.9539 -2.42978 0.00159 4.55301 -1.16367 0.00147 3.90269 -0.12245 0.0027 5.92657 -1.1786 0.00051 6.37381 -0.27203 0.0009 6.63498 -4.47043 -0.00263 4.14127 -4.47218 -0.00085,O C C C N H C O N H H H O C C C N H C O N H H H,-3.357,17_UracilUracilBP
O,c1cccnc1,0,0,3,11,12400,S66x8,3057179,-10,66868100,avdz,-3.17974,-0.90191,-1.60221,-0.13714,-1.6055700000000002,-0.42695,-0.47176,-5.68386,-5.3493900000000005,0.33447,-3.28882,-1.47053,-1.80428,-6.56364,-3.27529,-1.28352,-1.76783,-6.32664,-1.607,-1.83089,-6.7267100000000015,-6.39224,-15.33991,3.18555,0.11306,-15.63214,0.12421,-15.37647,17.94323,17.61267,-5.45725,3.08147,-5.1063800000000015,0.336,0.49387,-3.60112,-7.686660000000002,-6.51791,-6.659039999999999,-6.36338,-0.55283 -0.1017 -0.0005 -0.87176 0.80179 0.00014 0.41266 -0.00183 -0.00025 4.29138 -0.01048 1.19486 5.00254 -0.04361 -5e-05 4.29123 -0.01055 -1.19485 2.9022 0.05465 -1.14471 2.20645 0.08867 0.00011 2.90235 0.0547 1.14486 4.79728 -0.03534 2.14919 6.08238 -0.09538 -0.00013 4.79703 -0.03542 -2.14925 2.31743 0.07825 -2.0555 2.31768 0.07831 2.05573,O H H C C C C N C H H H H H,-6.4529999999999985,18_WaterPyridine
O,c1cccnc1,0,0,3,11,12400,S66x8,3057179,-5,66868101,avdz,-4.06524,-0.7954,-1.35724,-0.1599,-1.36571,-0.37552,-0.41293,-6.21788,-5.96637,0.25151,-4.15301,-1.2497,-1.52234,-6.92505,-4.1390400000000005,-1.09996,-1.49309,-6.7321,-1.35897,-1.54368,-7.0556600000000005,-6.80415,-12.62913,0.61628,0.08551,-12.86633,0.09547,-12.68017,12.81688,12.64071,-3.95564,2.08533,-4.1383,0.24857,0.36418,-2.52782,-7.78696,-6.90458,-7.02901,-6.772289999999999,-0.55283 -0.1017 -0.0005 -0.87176 0.80179 0.00014 0.41266 -0.00183 -0.00025 4.39103 -0.00545 1.19488 5.10219 -0.03858 -3e-05 4.39088 -0.00552 -1.19483 3.00185 0.05968 -1.14469 2.30609 0.0937 0.00013 3.002 0.05973 1.14488 4.89693 -0.03031 2.14921 6.18203 -0.09035 -0.00011 4.89668 -0.03039 -2.14923 2.41708 0.08328 -2.05548 2.41733 0.08334 2.05575,O H H C C C C N C H H H H H,-6.853,18_WaterPyridine
O,c1cccnc1,0,0,3,11,12400,S66x8,3057179,0,66868102,avdz,-4.50547,-0.69862,-1.14906,-0.17115,-1.1600700000000002,-0.32805,-0.35974,-6.35314,-6.16474,0.1884,-4.573,-1.06114,-1.2834,-6.91754,-4.55841,-0.94121,-1.25986,-6.75948,-1.14866,-1.3005799999999998,-7.022239999999999,-6.83384,-10.49491,-1.03484,0.06445,-10.68009,0.07317,-10.55078,9.14781,9.05426,-2.91301,1.41448,-3.36844,0.18238,0.26798,-1.76706,-7.586639999999999,-6.92298,-7.023810000000001,-6.81297,-0.55283 -0.1017 -0.0005 -0.87176 0.80179 0.00014 0.41266 -0.00183 -0.00025 4.49057 -0.00043 1.1949 5.20174 -0.03356 -1e-05 4.49043 -0.0005 -1.19481 3.1014 0.0647 -1.14467 2.40564 0.09872 0.00016 3.10155 0.06475 1.1449 4.99648 -0.02528 2.14923 6.28158 -0.08533 -9e-05 4.99623 -0.02537 -2.14921 2.51663 0.0883 -2.05546 2.51688 0.08836 2.05577,O H H C C C C N C H H H H H,-6.872000000000001,18_WaterPyridine
O,c1cccnc1,0,0,3,11,12400,S66x8,3057179,5,66868103,avdz,-4.65131,-0.61182,-0.97262,-0.17396,-0.98422,-0.2848,-0.31204,-6.23575,-6.09429,0.14146,-4.69926,-0.90059,-1.08146,-6.681310000000001,-4.68524,-0.80429,-1.0624,-6.55192,-0.97086,-1.0953700000000002,-6.76549,-6.62403,-8.80044,-2.05672,0.04837,-8.939119999999997,0.0559,-8.85417,6.52305,6.47357,-2.17343,0.96068,-2.75246,0.13271,0.19732,-1.2403,-7.2065899999999985,-6.69839,-6.78377,-6.606610000000001,-0.55283 -0.1017 -0.0005 -0.87176 0.80179 0.00014 0.41266 -0.00183 -0.00025 4.59032 0.0046 1.19492 5.30149 -0.02852 1e-05 4.59018 0.00454 -1.19479 3.20115 0.06973 -1.14465 2.50539 0.10376 0.00018 3.2013 0.06978 1.14492 5.09623 -0.02025 2.14925 6.38133 -0.0803 -7e-05 5.09598 -0.02034 -2.14919 2.61638 0.09333 -2.05544 2.61663 0.0934 2.05579,O H H C C C C N C H H H H H,-6.653,18_WaterPyridine
O,c1cccnc1,0,0,3,11,12400,S66x8,3057179,10,66868104,avdz,-4.60588,-0.53495,-0.82409,-0.17071,-0.83478,-0.24608,-0.26981,-5.96491,-5.85744,0.10747,-4.63579,-0.76474,-0.91196,-6.31249,-4.62364,-0.68706,-0.8964200000000001,-6.20711,-0.8214299999999999,-0.92329,-6.38052,-6.27305,-7.4496,-2.64578,0.03621,-7.54856,0.0426,-7.49755,4.65626,4.63011,-1.6414099999999998,0.65394,-2.25936,0.09595,0.14579,-0.8844,-6.730760000000001,-6.3382,-6.41309,-6.25748,-0.55283 -0.1017 -0.0005 -0.87176 0.80179 0.00014 0.41266 -0.00183 -0.00025 4.68997 0.00963 1.19494 5.40114 -0.0235 3e-05 4.68983 0.00956 -1.19477 3.3008 0.07476 -1.14463 2.60504 0.10878 0.0002 3.30095 0.07481 1.14494 5.19588 -0.01522 2.14927 6.48098 -0.07527 -5e-05 5.19562 -0.01531 -2.14917 2.71603 0.09836 -2.05542 2.71628 0.09842 2.05581,O H H C C C C N C H H H H H,-6.294,18_WaterPyridine
O,c1cccnc1,0,0,3,11,12400,S66x8,3057179,25,66868105,avdz,-3.93172,-0.35516,-0.50584,-0.1404,-0.5101399999999999,-0.15496,-0.17176,-4.79272,-4.73722,0.0555,-3.92791,-0.47052,-0.5514600000000001,-4.94989,-3.9238,-0.42843,-0.5428,-4.89502,-0.50124,-0.55778,-4.98693,-4.9314300000000015,-4.75936,-3.03116,0.01494,-4.7778,0.01863,-4.78754,1.71639,1.7125,-0.75137,0.20832,-1.28255,0.03525,0.05948,-0.379,-5.181019999999998,-4.97825,-5.01915,-4.9355,-0.55283 -0.1017 -0.0005 -0.87176 0.80179 0.00014 0.41266 -0.00183 -0.00025 4.98887 0.02471 1.195 5.70004 -0.00841 9e-05 4.98873 0.02464 -1.19471 3.5997 0.08984 -1.14457 2.90394 0.12386 0.00026 3.59985 0.08989 1.145 5.49478 -0.00014 2.14933 6.77988 -0.06019 1e-05 5.49453 -0.00023 -2.14911 3.01493 0.11344 -2.05536 3.01518 0.1135 2.05587,O H H C C C C N C H H H H H,-4.939,18_WaterPyridine
O,c1cccnc1,0,0,3,11,12400,S66x8,3057179,50,66868106,avdz,-2.57829,-0.17486,-0.23342,-0.07484,-0.22926,-0.0673,-0.07768,-2.98657,-2.94968,0.03688,-2.56989,-0.21342,-0.24909,-3.0324,-2.57267,-0.19577,-0.24552,-3.01395,-0.22631,-0.2517,-3.04789,-3.01101,-2.59567,-2.28379,0.0033,-2.56655,0.00457,-2.6075,0.3496,0.34943,-0.24671,0.03242,-0.54451,0.00642,0.01247,-0.1404,-3.13821,-3.03932,-3.06082,-3.01713,-0.55283 -0.1017 -0.0005 -0.87176 0.80179 0.00014 0.41266 -0.00183 -0.00025 5.48717 0.04985 1.1951 6.19833 0.01673 0.00019 5.48702 0.04979 -1.19461 4.09799 0.11498 -1.14446 3.40224 0.14901 0.00036 4.09814 0.11503 1.14511 5.99307 0.025 2.14943 7.27817 -0.03505 0.00011 5.99282 0.02491 -2.14901 3.51322 0.13858 -2.05526 3.51347 0.13865 2.05597,O H H C C C C N C H H H H H,-3.013,18_WaterPyridine
O,c1cccnc1,0,0,3,11,12400,S66x8,3057179,100,66868107,avdz,-1.10449,-0.04042,-0.0598,-0.00701,-0.05391,-0.01059,-0.01421,-1.20471,-1.176,0.028710000000000006,-1.09953,-0.04821,-0.06196,-1.2097,-1.10222,-0.04218,-0.06089,-1.2053,-0.05261,-0.06273,-1.21487,-1.18616,-1.05931,-1.0492,0.00016,-1.03313,0.00026000000000000003,-1.06282,0.01568,0.01568,-0.04633,0.00093,-0.13438,0.00021,0.00044,-0.02253,-1.24882,-1.2014,-1.21434,-1.18899,-0.55283 -0.1017 -0.0005 -0.87176 0.80179 0.00014 0.41266 -0.00183 -0.00025 6.48366 0.10013 1.19531 7.19482 0.067 0.0004 6.48351 0.10006 -1.19441 5.09448 0.16526 -1.14426 4.39873 0.19928 0.00056 5.09464 0.16531 1.14531 6.98957 0.07528 2.14964 8.27466 0.01523 0.00031 6.98931 0.07519 -2.1488 4.50972 0.18886 -2.05505 4.50996 0.18892 2.05618,O H H C C C C N C H H H H H,-1.189,18_WaterPyridine
CO,c1cccnc1,0,0,6,11,26558,S66x8,3057495,-10,66870628,avdz,-2.55724,-1.37082,-2.16236,-0.38044,-2.11585,-0.5979899999999999,-0.64657,-6.09042,-5.65152,0.43891,-2.6769700000000003,-1.97482,-2.39359,-7.0453800000000015,-2.66034,-1.77417,-2.35126,-6.7857699999999985,-2.12124,-2.42448,-7.222689999999999,-6.78378,-16.8047,4.84547,0.13014,-17.28644,0.14326,-16.82915,20.98267,20.53965,-6.731160000000001,4.07713,-6.54858,0.43886,0.61652,-4.32286,-8.31657,-6.89505,-7.0765699999999985,-6.7004199999999985,-0.97793 -1.27856 0.00124 -0.62765 0.08747 0.00147 -2.06339 -1.34204 0.00501 -0.61488 -1.80638 -0.88538 -0.60864 -1.80824 0.88417 0.3436 0.1223 -0.0006 4.18458 -0.04821 -1.19494 4.89495 -0.07392 0.00067 4.1827 -0.0489 1.19521 2.79315 0.00085 1.14426 2.09857 0.02597 -0.00153 2.79494 0.00154 -1.14625 4.69193 -0.0655 -2.14872 5.97529 -0.11169 0.00152 4.6885 -0.06672 2.1497 2.20714 0.02352 2.05438 2.21046 0.02476 -2.05723,C O H H H H C C C C N C H H H H H,-6.855,19_MeOHPyridine
CO,c1cccnc1,0,0,6,11,26558,S66x8,3057495,-5,66870629,avdz,-3.66195,-1.21735,-1.85157,-0.38716,-1.81871,-0.5309,-0.57139,-6.730860000000002,-6.39871,0.33215,-3.75969,-1.69812,-2.0407,-7.49851,-3.74395,-1.5376299999999998,-2.00667,-7.28825,-1.81524,-2.06553,-7.640460000000001,-7.30831,-13.79316,1.82064,0.0993,-14.17845,0.1111,-13.83555,15.11621,14.87595,-4.8825699999999985,2.79107,-5.3772400000000005,0.32911,0.46138,-3.0817900000000003,-8.479389999999999,-7.398910000000001,-7.54825,-7.23305,-0.97793 -1.27856 0.00124 -0.62765 0.08747 0.00147 -2.06339 -1.34204 0.00501 -0.61488 -1.80638 -0.88538 -0.60864 -1.80824 0.88417 0.3436 0.1223 -0.0006 4.28207 -0.05356 -1.19499 4.99244 -0.07927 0.00062 4.2802 -0.05425 1.19516 2.89064 -0.0045 1.14421 2.19606 0.02062 -0.00159 2.89243 -0.00382 -1.14631 4.78942 -0.07085 -2.14877 6.07278 -0.11704 0.00147 4.78599 -0.07208 2.14965 2.30464 0.01817 2.05433 2.30795 0.01941 -2.05728,C O H H H H C C C C N C H H H H H,-7.366,19_MeOHPyridine
CO,c1cccnc1,0,0,6,11,26558,S66x8,3057495,0,66870630,avdz,-4.2649599999999985,-1.07746,-1.58477,-0.38238,-1.56166,-0.46874,-0.50302,-6.9272,-6.67775,0.24945,-4.3423,-1.45913,-1.73887,-7.54029,-4.32624,-1.33102,-1.71148,-7.36875,-1.55262,-1.75885,-7.653760000000001,-7.4043100000000015,-11.42237,-0.17458,0.0755,-11.72181,0.08591,-11.47328,10.87711,10.74734,-3.5965800000000003,1.91392,-4.43466,0.24487,0.34392,-2.18231,-8.306989999999999,-7.4832,-7.623589999999999,-7.3460100000000015,-0.97793 -1.27856 0.00124 -0.62765 0.08747 0.00147 -2.06339 -1.34204 0.00501 -0.61488 -1.80638 -0.88538 -0.60864 -1.80824 0.88417 0.3436 0.1223 -0.0006 4.37946 -0.05891 -1.19504 5.08984 -0.08462 0.00057 4.37759 -0.0596 1.19511 2.98803 -0.00985 1.14416 2.29346 0.01527 -0.00164 2.98983 -0.00916 -1.14636 4.88681 -0.0762 -2.14883 6.17017 -0.12238 0.00142 4.88339 -0.07742 2.1496 2.40203 0.01283 2.05427 2.40535 0.01406 -2.05733,C O H H H H C C C C N C H H H H H,-7.451,19_MeOHPyridine
CO,c1cccnc1,0,0,6,11,26558,S66x8,3057495,5,66870631,avdz,-4.530480000000002,-0.95135,-1.3563,-0.36949,-1.33968,-0.41177,-0.44124,-6.8381300000000005,-6.65143,0.1867,-4.5881,-1.25328,-1.48127,-7.32265,-4.57228,-1.15101,-1.45917,-7.18247,-1.32791,-1.4974,-7.4134,-7.2267,-9.5421,-1.45553,0.05717000000000001,-9.76756,0.06621,-9.59401,7.81575,7.74598,-2.68417,1.31354,-3.6716,0.18074,0.2561,-1.54552,-7.9291800000000014,-7.27716,-7.416,-7.0910600000000015,-0.97793 -1.27856 0.00124 -0.62765 0.08747 0.00147 -2.06339 -1.34204 0.00501 -0.61488 -1.80638 -0.88538 -0.60864 -1.80824 0.88417 0.3436 0.1223 -0.0006 4.47706 -0.06426 -1.19509 5.18743 -0.08997 0.00052 4.47518 -0.06495 1.19506 3.08563 -0.0152 1.1441 2.39105 0.00992 -0.00169 3.08742 -0.01452 -1.14641 4.98441 -0.08155 -2.14888 6.26776 -0.12774 0.00137 4.98098 -0.08278 2.14954 2.49962 0.00747 2.05422 2.50294 0.0087 -2.05739,C O H H H H C C C C N C H H H H H,-7.263,19_MeOHPyridine
CO,c1cccnc1,0,0,6,11,26558,S66x8,3057495,10,66870632,avdz,-4.57155,-0.8390000000000001,-1.16193,-0.35104,-1.14926,-0.3603,-0.38601,-6.57247,-6.43215,0.14032999999999998,-4.61051,-1.07714,-1.26292,-6.95057,-4.5961,-0.99529,-1.24499,-6.83638,-1.13687,-1.276,-7.02338,-6.88306,-8.04668,-2.23746,0.04316,-8.210460000000001,0.05091,-8.094660000000001,5.61843,5.58097,-2.02811,0.90314,-3.05366,0.13257,0.19113,-1.10614,-7.4373,-6.90008,-7.0423100000000005,-6.7095,-0.97793 -1.27856 0.00124 -0.62765 0.08747 0.00147 -2.06339 -1.34204 0.00501 -0.61488 -1.80638 -0.88538 -0.60864 -1.80824 0.88417 0.3436 0.1223 -0.0006 4.57455 -0.06961 -1.19515 5.28492 -0.09533 0.00047 4.57267 -0.07031 1.19501 3.18312 -0.02056 1.14405 2.48854 0.00456 -0.00174 3.18491 -0.01987 -1.14646 5.0819 -0.08691 -2.14893 6.36526 -0.13309 0.00132 5.07847 -0.08813 2.14949 2.59711 0.00212 2.05417 2.60043 0.00335 -2.05744,C O H H H H C C C C N C H H H H H,-6.9110000000000005,19_MeOHPyridine
CO,c1cccnc1,0,0,6,11,26558,S66x8,3057495,25,66870633,avdz,-4.02992,-0.57335,-0.73725,-0.27951,-0.72752,-0.23693000000000006,-0.2553,-5.34052,-5.27388,0.06663999999999999,-4.03005,-0.68771,-0.78957,-5.50734,-4.02331,-0.64494,-0.77984,-5.4480900000000005,-0.7189300000000001,-0.79668,-5.54566,-5.4790199999999984,-5.0866,-2.9445900000000003,0.01827,-5.12833,0.02284,-5.11567,2.10546,2.09966,-0.93,0.29533000000000004,-1.80283,0.05076,0.0804,-0.46701,-5.78355,-5.51462,-5.5783,-5.4355699999999985,-0.97793 -1.27856 0.00124 -0.62765 0.08747 0.00147 -2.06339 -1.34204 0.00501 -0.61488 -1.80638 -0.88538 -0.60864 -1.80824 0.88417 0.3436 0.1223 -0.0006 4.86703 -0.08567 -1.1953 5.5774 -0.11138 0.00031 4.86515 -0.08636 1.19485 3.4756 -0.03661 1.1439 2.78102 -0.01149 -0.0019 3.47739 -0.03593 -1.14662 5.37438 -0.10296 -2.14909 6.65774 -0.14915 0.00116 5.37095 -0.10418 2.14934 2.88959 -0.01394 2.05402 2.89291 -0.0127 -2.05759,C O H H H H C C C C N C H H H H H,-5.49,19_MeOHPyridine
CO,c1cccnc1,0,0,6,11,26558,S66x8,3057495,50,66870634,avdz,-2.7025,-0.30207,-0.36001,-0.16205999999999998,-0.34783000000000003,-0.1133,-0.12496,-3.36458,-3.3256900000000003,0.03889,-2.69418,-0.33381,-0.37727,-3.40527,-2.69501,-0.31757,-0.37356,-3.38613,-0.34566,-0.37999,-3.41983,-3.3809400000000003,-2.7429,-2.34095,0.00419,-2.71241,0.0058200000000000005,-2.75448,0.43495,0.43467,-0.30622,0.0472,-0.81518,0.00981,0.01815,-0.17212,-3.53791,-3.40283,-3.43022,-3.37279,-0.97793 -1.27856 0.00124 -0.62765 0.08747 0.00147 -2.06339 -1.34204 0.00501 -0.61488 -1.80638 -0.88538 -0.60864 -1.80824 0.88417 0.3436 0.1223 -0.0006 5.35449 -0.11243 -1.19556 6.06486 -0.13814 5e-05 5.35262 -0.11312 1.19459 3.96306 -0.06337 1.14364 3.26848 -0.03825 -0.00216 3.96485 -0.06268 -1.14688 5.86184 -0.12972 -2.14934 7.1452 -0.1759 0.0009 5.85841 -0.13094 2.14908 3.37706 -0.04069 2.05376 3.38037 -0.03946 -2.05785,C O H H H H C C C C N C H H H H H,-3.385,19_MeOHPyridine
CO,c1cccnc1,0,0,6,11,26558,S66x8,3057495,100,66870635,avdz,-1.16831,-0.08663,-0.10293,-0.039560000000000005,-0.09289,-0.02546,-0.02965,-1.35786,-1.32621,0.03165,-1.1651,-0.08922000000000001,-0.10486,-1.3591799999999998,-1.16747,-0.08442999999999999,-0.10396,-1.35586,-0.09271,-0.10551,-1.36332,-1.33167,-1.1148,-1.10083,0.00021,-1.0842,0.00036,-1.1182299999999998,0.01987,0.01986,-0.05875,0.0014199999999999998,-0.22278,0.00035,0.00073,-0.03234,-1.40973,-1.34567,-1.36763,-1.32164,-0.97793 -1.27856 0.00124 -0.62765 0.08747 0.00147 -2.06339 -1.34204 0.00501 -0.61488 -1.80638 -0.88538 -0.60864 -1.80824 0.88417 0.3436 0.1223 -0.0006 6.32942 -0.16594 -1.19608 7.03979 -0.19165 -0.00047 6.32754 -0.16663 1.19407 4.93799 -0.11688 1.14312 4.24341 -0.09176 -0.00268 4.93978 -0.1162 -1.1474 6.83677 -0.18323 -2.14986 8.12013 -0.22942 0.00038 6.83334 -0.18446 2.14856 4.35198 -0.09421 2.05324 4.3553 -0.09297 -2.05837,C O H H H H C C C C N C H H H H H,-1.336,19_MeOHPyridine
CC(=O)O,CC(=O)O,0,0,8,8,11090,S66x8,3057072,-10,66867244,avdz,-12.32601,1.13354,-2.9145,2.96657,-3.80562,-0.8237899999999999,-0.8242799999999999,-14.106979999999998,-13.98886,0.11811,-13.01615,-0.52357,-3.53625,-17.07597,-12.92348,0.03599,-3.42305,-16.31054,-0.9319,-3.61885,-17.5669,-17.44878,-45.83461,16.06374,0.3072,-44.70786,0.34679,-45.67749,59.89273000000001,58.24513,-22.11549,11.37762,-13.54254,1.02122,1.28479,-16.78966,-24.54883,-17.356379999999998,-17.51151,-17.19943,-2.55843 1.34255 0.29626 -1.06171 1.29714 0.29206 -0.35816 2.27046 0.53181 -0.5893 0.09492 0.00379 -2.896 2.34746 0.51832 -2.93289 1.02239 -0.673 -2.93721 0.64491 1.03956 0.40444 0.12772 0.01841 4.12723 1.06181 0.268 2.63051 1.10772 0.26997 1.9269 0.1344 0.03018 2.15809 2.31015 0.55775 4.46481 0.06049 0.03048 4.50872 1.77217 -0.46147 4.49874 1.36451 1.24406 1.1643 2.27725 0.54335,C C O O H H H H C C O O H H H H,-17.793,20_AcOHAcOH
CC(=O)O,CC(=O)O,0,0,8,8,11090,S66x8,3057072,-5,66867245,avdz,-14.347129999999998,0.91988,-2.5296,2.48219,-3.33494,-0.76518,-0.7623300000000001,-15.95686,-15.96507,-0.00821,-14.86694,-0.44912,-3.05547,-18.37153,-14.77502,0.01406,-2.9616,-17.72256,-0.7871199999999999,-3.12397,-18.77803,-18.78624,-38.76641,7.206010000000001,0.24094,-37.60526,0.27668000000000004,-38.71973,44.44806,43.48393,-16.452679999999994,7.9591,-11.20482,0.78577,1.00192,-12.36401,-24.54638,-18.70206,-18.85034,-18.552570000000006,-2.55843 1.34255 0.29626 -1.06171 1.29714 0.29206 -0.35816 2.27046 0.53181 -0.5893 0.09492 0.00379 -2.896 2.34746 0.51832 -2.93289 1.02239 -0.673 -2.93721 0.64491 1.03956 0.40444 0.12772 0.01841 4.2118 1.06219 0.26865 2.71509 1.10809 0.27062 2.01147 0.13478 0.03083 2.24266 2.31053 0.55839 4.54938 0.06087 0.03113 4.5933 1.77254 -0.46082 4.58332 1.36488 1.24471 1.24887 2.27763 0.54399,C C O O H H H H C C O O H H H H,-19.07,20_AcOHAcOH
CC(=O)O,CC(=O)O,0,0,8,8,11090,S66x8,3057072,0,66867246,avdz,-15.26869,0.7661,-2.1827,2.09045,-2.9109700000000003,-0.69945,-0.69499,-16.68529,-16.78866,-0.10336,-15.65807,-0.36576,-2.62707,-18.65089,-15.562170000000002,0.01714,-2.54917,-18.0942,-0.6451600000000001,-2.68391,-18.98714,-19.0905,-32.96671,1.16726,0.18852,-31.77947,0.22037,-32.991440000000004,32.95454,32.391040000000004,-12.37669,5.57179,-9.30427,0.6006600000000001,0.7802899999999999,-9.03986,-23.80499,-18.96356,-19.16805,-18.755,-2.55843 1.34255 0.29626 -1.06171 1.29714 0.29206 -0.35816 2.27046 0.53181 -0.5893 0.09492 0.00379 -2.896 2.34746 0.51832 -2.93289 1.02239 -0.673 -2.93721 0.64491 1.03956 0.40444 0.12772 0.01841 4.29628 1.06256 0.2693 2.79956 1.10846 0.27126 2.09595 0.13515 0.03147 2.32714 2.3109 0.55904 4.63386 0.06124 0.03177 4.67778 1.77291 -0.46017 4.66779 1.36526 1.24535 1.33335 2.278 0.54464,C C O O H H H H C C O O H H H H,-19.328,20_AcOHAcOH
CC(=O)O,CC(=O)O,0,0,8,8,11090,S66x8,3057072,5,66867247,avdz,-15.45358,0.6535,-1.87474,1.77145,-2.53285,-0.6310899999999999,-0.62626,-16.67482,-16.84607,-0.17126,-15.7425,-0.28235,-2.24962,-18.27447,-15.64342,0.03373,-2.18493,-17.794620000000005,-0.513,-2.29683,-18.55234,-18.72359,-28.18647,-2.87028,0.14707,-26.98498,0.17514000000000002,-28.24861,24.39677,24.06814,-9.40699,3.90828,-7.749169999999999,0.45608,0.60738,-6.57713,-22.6134,-18.57578,-18.85754,-18.28957,-2.55843 1.34255 0.29626 -1.06171 1.29714 0.29206 -0.35816 2.27046 0.53181 -0.5893 0.09492 0.00379 -2.896 2.34746 0.51832 -2.93289 1.02239 -0.673 -2.93721 0.64491 1.03956 0.40444 0.12772 0.01841 4.38095 1.06294 0.26995 2.88424 1.10884 0.27191 2.18062 0.13552 0.03212 2.41181 2.31127 0.55969 4.71853 0.06162 0.03242 4.76245 1.77329 -0.45952 4.75247 1.36563 1.246 1.41803 2.27838 0.54529,C C O O H H H H C C O O H H H H,-18.923,20_AcOHAcOH
CC(=O)O,CC(=O)O,0,0,8,8,11090,S66x8,3057072,10,66867248,avdz,-15.15793,0.56987,-1.6060299999999998,1.51181,-2.20031,-0.56384,-0.55948,-16.1941,-16.41028,-0.21618,-15.36566,-0.20459,-1.92203,-17.492279999999994,-15.26825,0.05646,-1.86819,-17.07999,-0.39508,-1.96132,-17.72206,-17.93824,-24.24741,-5.46796,0.11454,-23.04491,0.13903,-24.3226,18.06491,17.87312,-7.2286899999999985,2.75507,-6.4775,0.34459,0.47326,-4.78747,-21.17841,-17.763579999999994,-18.0262,-17.49546,-2.55843 1.34255 0.29626 -1.06171 1.29714 0.29206 -0.35816 2.27046 0.53181 -0.5893 0.09492 0.00379 -2.896 2.34746 0.51832 -2.93289 1.02239 -0.673 -2.93721 0.64491 1.03956 0.40444 0.12772 0.01841 4.46553 1.06331 0.27059 2.96882 1.10921 0.27256 2.2652 0.1359 0.03277 2.49639 2.31165 0.56034 4.80311 0.06199 0.03307 4.84703 1.77366 -0.45888 4.83704 1.36601 1.24665 1.5026 2.27875 0.54594,C C O O H H H H C C O O H H H H,-18.106,20_AcOHAcOH
CC(=O)O,CC(=O)O,0,0,8,8,11090,S66x8,3057072,25,66867249,avdz,-12.92295,0.41708,-1.00388,0.98205,-1.43946,-0.387,-0.38659,-13.50975,-13.76736,-0.25761,-12.95468,-0.02276,-1.19144,-14.16888,-12.89104,0.126,-1.16026,-13.9253,-0.13130999999999998,-1.2142,-14.30019,-14.55779,-15.97539,-8.30597,0.05358,-14.83903,0.06911,-16.03002,7.3803899999999985,7.3418899999999985,-3.4671,0.99307,-3.86162,0.14534,0.22382,-1.95022,-16.56635,-14.36786,-14.57846,-14.15206,-2.55843 1.34255 0.29626 -1.06171 1.29714 0.29206 -0.35816 2.27046 0.53181 -0.5893 0.09492 0.00379 -2.896 2.34746 0.51832 -2.93289 1.02239 -0.673 -2.93721 0.64491 1.03956 0.40444 0.12772 0.01841 4.71926 1.06443 0.27253 3.22254 1.11034 0.2745 2.51892 0.13702 0.03471 2.75012 2.31277 0.56228 5.05683 0.06311 0.03501 5.10075 1.77479 -0.45693 5.09077 1.36713 1.24859 1.75633 2.27987 0.54788,C C O O H H H H C C O O H H H H,-14.657,20_AcOHAcOH
CC(=O)O,CC(=O)O,0,0,8,8,11090,S66x8,3057072,50,66867250,avdz,-8.592189999999999,0.30239,-0.46268,0.56003,-0.72404,-0.19394,-0.20005,-8.75248,-8.95015,-0.19767,-8.54451,0.12976,-0.5393899999999999,-8.954139999999997,-8.5316,0.19268,-0.52675,-8.86566,0.08385,-0.54862,-9.00928,-9.20695,-8.7931,-7.054589999999999,0.01485,-7.88623,0.02132,-8.81431,1.7588,1.75597,-1.16816,0.18481,-1.7474,0.033589999999999995,0.06094,-0.61707,-10.30881,-9.13868,-9.20886,-9.05998,-2.55843 1.34255 0.29626 -1.06171 1.29714 0.29206 -0.35816 2.27046 0.53181 -0.5893 0.09492 0.00379 -2.896 2.34746 0.51832 -2.93289 1.02239 -0.673 -2.93721 0.64491 1.03956 0.40444 0.12772 0.01841 5.14213 1.0663 0.27577 3.64542 1.11221 0.27774 2.9418 0.13889 0.03795 3.17299 2.31464 0.56551 5.47971 0.06499 0.03825 5.52363 1.77666 -0.4537 5.51365 1.369 1.25183 2.17921 2.28174 0.55111,C C O O H H H H C C O O H H H H,-9.246,20_AcOHAcOH
CC(=O)O,CC(=O)O,0,0,8,8,11090,S66x8,3057072,100,66867251,avdz,-3.5769900000000003,0.20901,-0.09597,0.2843,-0.20413,-0.04088,-0.04642,-3.46396,-3.5377,-0.07375,-3.55944,0.17012,-0.11243,-3.50176,-3.56823,0.18866,-0.10906,-3.48864,0.15659,-0.11489,-3.51775,-3.5914900000000003,-3.4226400000000003,-3.33016,0.00114,-2.93984,0.00201,-3.42949,0.11445,0.11444,-0.19823,0.0058200000000000005,-0.46124,0.00177,0.00364,-0.09676,-4.06003,-3.5719800000000004,-3.61078,-3.53342,-2.55843 1.34255 0.29626 -1.06171 1.29714 0.29206 -0.35816 2.27046 0.53181 -0.5893 0.09492 0.00379 -2.896 2.34746 0.51832 -2.93289 1.02239 -0.673 -2.93721 0.64491 1.03956 0.40444 0.12772 0.01841 5.98789 1.07005 0.28224 4.49118 1.11595 0.28421 3.78756 0.14264 0.04442 4.01875 2.31839 0.57199 6.32547 0.06873 0.04472 6.36939 1.7804 -0.44723 6.3594 1.37274 1.2583 3.02496 2.28549 0.55759,C C O O H H H H C C O O H H H H,-3.595,20_AcOHAcOH
CC(=O)N,CC(=O)N,0,0,9,9,11089,S66x8,3057063,-10,66867172,avdz,-9.32761,-0.18211,-2.8711900000000004,1.24617,-3.42157,-0.8388399999999999,-0.7713800000000001,-12.38091,-12.34184,0.03907,-9.61894,-1.57351,-3.39012,-14.58257,-9.53772,-1.13817,-3.3000800000000003,-13.97596,-1.89119,-3.45583,-14.96596,-14.92689,-36.22273,8.621039999999999,0.25598000000000004,-35.51195,0.28572,-36.16988,42.87624,41.98097,-13.38716,6.874060000000001,-11.30963,0.79528,1.05111,-10.01886,-19.28884,-14.86143,-15.03981,-14.6579,-2.81672 1.156 -0.11061 -1.30975 1.18018 -0.02517 -0.7253 2.15515 0.45271 -0.66562 0.09505 -0.49199 -3.22063 1.26254 0.89308 -3.20943 0.24863 -0.5619 -3.14316 2.0166 -0.68889 0.35458 0.05145 -0.45931 -1.18363 -0.6736 -0.87076 4.1155 1.08462 0.20893 2.6085 1.06034 0.12371 2.02408 0.08632 -0.35602 1.96442 2.14508 0.59155 4.50737 1.98427 0.67612 4.51906 0.99708 -0.79685 4.44328 0.21405 0.77111 0.94431 2.18952 0.55725 2.48244 2.91304 0.97168,C C O N H H H H H C C O N H H H H H,-15.185,21_AcNH2AcNH2
CC(=O)N,CC(=O)N,0,0,9,9,11089,S66x8,3057063,-5,66867173,avdz,-11.30407,-0.15066,-2.42255,1.0301,-2.93477,-0.74341,-0.6853600000000001,-13.87728,-13.95214,-0.07486,-11.49741,-1.28636,-2.85494,-15.63872,-11.41225,-0.93125,-2.78084,-15.12433,-1.5455,-2.90902,-15.95193,-16.02679,-30.31003,2.12739,0.196,-29.57923,0.22263,-30.31388,30.90349,30.41278,-9.89744,4.67519,-9.25785,0.59407,0.80637,-7.035139999999998,-19.52518,-15.89332,-16.08532,-15.67684,-2.81672 1.156 -0.11061 -1.30975 1.18018 -0.02517 -0.7253 2.15515 0.45271 -0.66562 0.09505 -0.49199 -3.22063 1.26254 0.89308 -3.20943 0.24863 -0.5619 -3.14316 2.0166 -0.68889 0.35458 0.05145 -0.45931 -1.18363 -0.6736 -0.87076 4.20824 1.08655 0.21471 2.70125 1.06226 0.12948 2.11682 0.08824 -0.35025 2.05716 2.147 0.59733 4.60012 1.98619 0.68189 4.6118 0.999 -0.79107 4.53602 0.21597 0.77689 1.03705 2.19144 0.56303 2.57518 2.91497 0.97745,C C O N H H H H H C C O N H H H H H,-16.242,21_AcNH2AcNH2
CC(=O)N,CC(=O)N,0,0,9,9,11089,S66x8,3057063,0,66867174,avdz,-12.29308,-0.11309,-2.04115,0.8610700000000001,-2.51473,-0.65391,-0.60396,-14.44732,-14.60064,-0.15332,-12.41078,-1.04031,-2.40076,-15.85185,-12.32629,-0.7502800000000001,-2.33962,-15.41618,-1.25196,-2.44537,-16.10811,-16.261429999999994,-25.61155,-2.14754,0.14968,-24.85502,0.17314000000000002,-25.64427,22.27135,22.0024,-7.45029,3.20233,-7.61135,0.44079,0.61784,-4.92943,-19.10303,-15.99956,-16.28564,-15.702279999999998,-2.81672 1.156 -0.11061 -1.30975 1.18018 -0.02517 -0.7253 2.15515 0.45271 -0.66562 0.09505 -0.49199 -3.22063 1.26254 0.89308 -3.20943 0.24863 -0.5619 -3.14316 2.0166 -0.68889 0.35458 0.05145 -0.45931 -1.18363 -0.6736 -0.87076 4.30089 1.08847 0.22047 2.79389 1.06418 0.13525 2.20947 0.09016 -0.34448 2.1498 2.14893 0.60309 4.69276 1.98812 0.68766 4.70444 1.00092 -0.78531 4.62867 0.21789 0.78265 1.1297 2.19336 0.56879 2.66782 2.91689 0.98321,C C O N H H H H H C C O N H H H H H,-16.441,21_AcNH2AcNH2
CC(=O)N,CC(=O)N,0,0,9,9,11089,S66x8,3057063,5,66867175,avdz,-12.61784,-0.07537,-1.71853,0.7277,-2.15366,-0.5717800000000001,-0.52886,-14.41174,-14.61558,-0.20383,-12.67322,-0.83185,-2.01671,-15.52178,-12.59631,-0.59449,-1.96621,-15.157,-1.00506,-2.05356,-15.73185,-15.93568,-21.84034,-4.87959,0.11396,-21.06098,0.13435,-21.88357,16.050320000000006,15.90293,-5.69687,2.20779,-6.28125,0.32502,0.47258,-3.4710300000000003,-18.27701,-15.63122,-15.87579,-15.379229999999998,-2.81672 1.156 -0.11061 -1.30975 1.18018 -0.02517 -0.7253 2.15515 0.45271 -0.66562 0.09505 -0.49199 -3.22063 1.26254 0.89308 -3.20943 0.24863 -0.5619 -3.14316 2.0166 -0.68889 0.35458 0.05145 -0.45931 -1.18363 -0.6736 -0.87076 4.39373 1.09039 0.22625 2.88673 1.06611 0.14102 2.30231 0.09209 -0.33871 2.24264 2.15085 0.60887 4.7856 1.99004 0.69343 4.79729 1.00285 -0.77953 4.72151 0.21982 0.78843 1.22254 2.19529 0.57457 2.76067 2.91881 0.98899,C C O N H H H H H C C O N H H H H H,-16.085,21_AcNH2AcNH2
CC(=O)N,CC(=O)N,0,0,9,9,11089,S66x8,3057063,10,66867176,avdz,-12.50128,-0.04064,-1.44795,0.62242,-1.84577,-0.4980100000000001,-0.46121,-13.98986,-14.22263,-0.23277,-12.50578,-0.6574399999999999,-1.69445,-14.857679999999998,-12.44174,-0.46251,-1.65272,-14.55696,-0.79969,-1.72491,-15.03038,-15.26315,-18.79767,-6.53143,0.0866,-18.002679999999994,0.10413,-18.84214,11.59342,11.51234,-4.4199199999999985,1.5319999999999998,-5.20646,0.23872,0.36099,-2.48232,-17.22571,-14.96203,-15.18941,-14.72681,-2.81672 1.156 -0.11061 -1.30975 1.18018 -0.02517 -0.7253 2.15515 0.45271 -0.66562 0.09505 -0.49199 -3.22063 1.26254 0.89308 -3.20943 0.24863 -0.5619 -3.14316 2.0166 -0.68889 0.35458 0.05145 -0.45931 -1.18363 -0.6736 -0.87076 4.48647 1.09231 0.23202 2.97947 1.06803 0.1468 2.39505 0.09401 -0.33293 2.33539 2.15277 0.61464 4.87834 1.99196 0.69921 4.89003 1.00477 -0.77376 4.81425 0.22174 0.7942 1.31528 2.19721 0.58034 2.85341 2.92073 0.99476,C C O N H H H H H C C O N H H H H H,-15.386,21_AcNH2AcNH2
CC(=O)N,CC(=O)N,0,0,9,9,11089,S66x8,3057063,25,66867177,avdz,-10.85304,0.04097,-0.87208,0.42219,-1.17048,-0.32378,-0.30103,-11.68415,-11.92511,-0.24097,-10.78026,-0.29149,-1.00884,-12.08059,-10.75632,-0.18115,-0.98546,-11.92293,-0.3720000000000001,-1.0259,-12.17816,-12.41913,-12.58533,-7.932410000000001,0.03764,-11.79498,0.04819,-12.61908,4.46669,4.45274,-2.20517,0.5181100000000001,-3.0408,0.09334,0.15789,-1.05922,-13.68826,-12.19907,-12.32196,-12.0692,-2.81672 1.156 -0.11061 -1.30975 1.18018 -0.02517 -0.7253 2.15515 0.45271 -0.66562 0.09505 -0.49199 -3.22063 1.26254 0.89308 -3.20943 0.24863 -0.5619 -3.14316 2.0166 -0.68889 0.35458 0.05145 -0.45931 -1.18363 -0.6736 -0.87076 4.7647 1.09808 0.24934 3.2577 1.0738 0.16411 2.67328 0.09978 -0.31562 2.61361 2.15854 0.63196 5.15657 1.99773 0.71652 5.16826 1.01054 -0.75644 5.09248 0.22751 0.81152 1.59351 2.20298 0.59766 3.13164 2.9265 1.01208,C C O N H H H H H C C O N H H H H H,-12.485,21_AcNH2AcNH2
CC(=O)N,CC(=O)N,0,0,9,9,11089,S66x8,3057063,50,66867178,avdz,-7.420089999999999,0.12523,-0.37807,0.29425,-0.56182,-0.14998,-0.13949,-7.67293,-7.837639999999999,-0.16471,-7.3576,-0.00128,-0.43147,-7.79035,-7.3605399999999985,0.04746,-0.42185,-7.73493,-0.03685,-0.4385,-7.83294,-7.99765,-7.31262,-6.37424,0.00927,-6.644889999999998,0.01325,-7.33312,0.99702,0.99619,-0.81324,0.08177000000000001,-1.34985,0.01946,0.03642,-0.37814,-8.73967,-7.87185,-7.93083,-7.81398,-2.81672 1.156 -0.11061 -1.30975 1.18018 -0.02517 -0.7253 2.15515 0.45271 -0.66562 0.09505 -0.49199 -3.22063 1.26254 0.89308 -3.20943 0.24863 -0.5619 -3.14316 2.0166 -0.68889 0.35458 0.05145 -0.45931 -1.18363 -0.6736 -0.87076 5.22841 1.1077 0.2782 3.72141 1.08342 0.19298 3.13699 0.10939 -0.28676 3.07733 2.16816 0.66082 5.62028 2.00735 0.74538 5.63197 1.02015 -0.72758 5.55619 0.23712 0.84038 2.05722 2.2126 0.62652 3.59535 2.93612 1.04094,C C O N H H H H H C C O N H H H H H,-8.022,21_AcNH2AcNH2
CC(=O)N,CC(=O)N,0,0,9,9,11089,S66x8,3057063,100,66867179,avdz,-3.03428,0.14934,-0.04417,0.19235,-0.11546,-0.01733,-0.01153,-2.92911,-2.97472,-0.0456,-3.00936,0.12217,-0.05409,-2.94129,-3.01485,0.13732,-0.051529999999999986,-2.9290700000000003,0.11111,-0.05596,-2.95421,-2.99982,-2.88387,-2.8605,0.00035,-2.53504,0.00064,-2.88974,0.0286,0.02859,-0.1385,0.00123,-0.29447,0.00048,0.00106,-0.04213,-3.33347,-2.96258,-2.99548,-2.93051,-2.81672 1.156 -0.11061 -1.30975 1.18018 -0.02517 -0.7253 2.15515 0.45271 -0.66562 0.09505 -0.49199 -3.22063 1.26254 0.89308 -3.20943 0.24863 -0.5619 -3.14316 2.0166 -0.68889 0.35458 0.05145 -0.45931 -1.18363 -0.6736 -0.87076 6.30517 1.13003 0.34522 4.79818 1.10574 0.25999 4.21375 0.13172 -0.21974 4.15409 2.19049 0.72784 6.69705 2.02968 0.8124 6.70873 1.04248 -0.66056 6.63295 0.25945 0.9074 3.13398 2.23492 0.69354 4.67211 2.95845 1.10796,C C O N H H H H H C C O N H H H H H,-3.009,21_AcNH2AcNH2
CC(=O)O,O=c1cc[nH]c(=O)[nH]1,0,0,8,12,26559,S66x8,3057333,-10,66869332,avdz,-12.36729,0.7096399999999999,-3.2667200000000003,2.57158,-4.03996,-0.92794,-0.88274,-14.92437,-14.76361,0.16076,-12.92502,-0.85139,-3.83906,-17.615470000000006,-12.84753,-0.33979000000000004,-3.73666,-16.92398,-1.22473,-3.91379,-18.06353,-17.90278,-43.37352,12.35955,0.28737,-41.69644,0.32054,-43.23426,53.66146,52.338,-19.43282,9.8163,-13.17071,0.93681,1.20354,-14.0534,-24.27306,-17.887179999999994,-18.10264,-17.66893,-2.61142 1.28619 0.27736 -1.11363 1.32702 0.27517 -0.46708 2.34939 0.46154 -0.57809 0.13692 0.04962 -3.00665 2.27689 0.46579 -2.96426 0.91526 -0.682 -2.95311 0.5918 1.04124 0.41332 0.20326 0.05549 6.14521 1.91368 0.31207 4.94806 2.13198 0.36495 4.309 3.41144 0.60555 2.96191 3.49143 0.63493 2.15818 2.40075 0.44453 1.13413 2.4707 0.46832 2.65812 1.15053 0.21036 1.94608 0.16102 0.03689 4.02654 1.08386 0.18349 4.41974 0.16847 0.01177 4.92853 4.27836 0.75703 2.43907 4.41988 0.81023,C C O O H H H H O C C C N H C O N H H H,-18.241,22_AcOHUracil
CC(=O)O,O=c1cc[nH]c(=O)[nH]1,0,0,8,12,26559,S66x8,3057333,-5,66869333,avdz,-14.44908,0.61222,-2.80541,2.18335,-3.52317,-0.8416100000000001,-0.80055,-16.64227,-16.63051,0.01176,-14.86897,-0.67347,-3.28571,-18.82815,-14.78944,-0.25106,-3.2011700000000003,-18.241670000000006,-0.98171,-3.34741,-19.19808,-19.18633,-36.84353,4.37171,0.22414,-35.19619,0.25409,-36.79458,39.61417,38.8532,-14.56483,6.8685800000000015,-10.92657,0.71907,0.93749,-10.27358,-24.42024,-19.18254,-19.34455,-18.99155,-2.61142 1.28619 0.27736 -1.11363 1.32702 0.27517 -0.46708 2.34939 0.46154 -0.57809 0.13692 0.04962 -3.00665 2.27689 0.46579 -2.96426 0.91526 -0.682 -2.95311 0.5918 1.04124 0.41332 0.20326 0.05549 6.23048 1.91583 0.31174 5.03334 2.13413 0.36462 4.39427 3.41359 0.60523 3.04719 3.49358 0.63461 2.24346 2.4029 0.44421 1.21941 2.47285 0.468 2.74339 1.15268 0.21003 2.03136 0.16317 0.03656 4.11181 1.08601 0.18317 4.50502 0.17062 0.01145 5.01381 4.28052 0.75671 2.52435 4.42203 0.80991,C C O O H H H H O C C C N H C O N H H H,-19.47,22_AcOHUracil
CC(=O)O,O=c1cc[nH]c(=O)[nH]1,0,0,8,12,26559,S66x8,3057333,0,66869334,avdz,-15.45952,0.54905,-2.40062,1.86991,-3.06566,-0.75544,-0.71867,-17.3111,-17.41071,-0.09961,-15.7736,-0.5100899999999999,-2.80294,-19.08663,-15.68991,-0.16163,-2.7331,-18.58463,-0.76437,-2.8539,-19.39188,-19.49149,-31.51591,-1.04801,0.17438,-29.894240000000003,0.20105,-31.52357,29.21948,28.78251,-11.0589,4.81896,-9.10018,0.54825,0.72878,-7.472110000000002,-23.83929,-19.41292,-19.58905,-19.21976,-2.61142 1.28619 0.27736 -1.11363 1.32702 0.27517 -0.46708 2.34939 0.46154 -0.57809 0.13692 0.04962 -3.00665 2.27689 0.46579 -2.96426 0.91526 -0.682 -2.95311 0.5918 1.04124 0.41332 0.20326 0.05549 6.31565 1.91798 0.31142 5.1185 2.13628 0.3643 4.47943 3.41574 0.60491 3.13235 3.49573 0.63429 2.32862 2.40505 0.44389 1.30457 2.475 0.46768 2.82855 1.15483 0.20971 2.11652 0.16532 0.03624 4.19697 1.08816 0.18285 4.59018 0.17277 0.01113 5.09897 4.28267 0.75639 2.60951 4.42418 0.80959,C C O O H H H H O C C C N H C O N H H H,-19.732,22_AcOHUracil
CC(=O)O,O=c1cc[nH]c(=O)[nH]1,0,0,8,12,26559,S66x8,3057333,5,66869335,avdz,-15.74293,0.50748,-2.04828,1.61492,-2.66285,-0.67214,-0.6396,-17.28373,-17.46301,-0.17927,-15.97265,-0.36463,-2.38441,-18.72169,-15.887670000000002,-0.07727,-2.32667,-18.2916,-0.57434,-2.42655,-18.97353,-19.1528,-27.13972,-4.64345,0.13524,-25.54585,0.15871,-27.17678,21.52616,21.27574,-8.49663,3.39286,-7.60412,0.41523,0.56572,-5.42526,-22.80283,-19.00738,-19.2267,-18.77492,-2.61142 1.28619 0.27736 -1.11363 1.32702 0.27517 -0.46708 2.34939 0.46154 -0.57809 0.13692 0.04962 -3.00665 2.27689 0.46579 -2.96426 0.91526 -0.682 -2.95311 0.5918 1.04124 0.41332 0.20326 0.05549 6.401 1.92014 0.3111 5.20385 2.13843 0.36398 4.56479 3.41789 0.60459 3.2177 3.49788 0.63397 2.41397 2.4072 0.44356 1.38992 2.47715 0.46735 2.91391 1.15698 0.20939 2.20187 0.16747 0.03592 4.28233 1.09032 0.18253 4.67553 0.17493 0.01081 5.18432 4.28482 0.75607 2.69486 4.42633 0.80927,C C O O H H H H O C C C N H C O N H H H,-19.358,22_AcOHUracil
CC(=O)O,O=c1cc[nH]c(=O)[nH]1,0,0,8,12,26559,S66x8,3057333,10,66869336,avdz,-15.54246,0.47948,-1.74531,1.40735,-2.31188,-0.5940300000000001,-0.56553,-16.80829,-17.04102,-0.23274,-15.70151,-0.23875,-2.02552,-17.96579,-15.62061,-0.00139,-1.97772,-17.59971,-0.4119600000000001,-2.06041,-18.17388,-18.40662,-23.53895,-6.92745,0.10469,-21.97821,0.12512,-23.58712,15.86864,15.72495,-6.60677,2.40252,-6.37922,0.31301,0.43913,-3.95852,-21.50833,-18.22031,-18.41916,-18.01059,-2.61142 1.28619 0.27736 -1.11363 1.32702 0.27517 -0.46708 2.34939 0.46154 -0.57809 0.13692 0.04962 -3.00665 2.27689 0.46579 -2.96426 0.91526 -0.682 -2.95311 0.5918 1.04124 0.41332 0.20326 0.05549 6.48624 1.92229 0.31078 5.2891 2.14058 0.36366 4.65003 3.42004 0.60427 3.30295 3.50003 0.63365 2.49922 2.40935 0.44324 1.47516 2.4793 0.46703 2.99915 1.15913 0.20907 2.28712 0.16962 0.0356 4.36757 1.09247 0.18221 4.76078 0.17708 0.01049 5.26957 4.28697 0.75574 2.78011 4.42848 0.80895,C C O O H H H H O C C C N H C O N H H H,-18.581,22_AcOHUracil
CC(=O)O,O=c1cc[nH]c(=O)[nH]1,0,0,8,12,26559,S66x8,3057333,25,66869337,avdz,-13.51799,0.433,-1.07718,0.98296,-1.51645,-0.39864,-0.38059,-14.16217,-14.45011,-0.28794000000000003,-13.52682,0.03273,-1.23664,-14.730720000000002,-13.48012,0.16888,-1.20953,-14.52076,-0.06661,-1.25643,-14.84986,-15.1378,-15.96579,-9.27848,0.04807,-14.54071,0.06088,-16.00446,6.4208300000000005,6.3932699999999985,-3.29464,0.8757299999999999,-3.85247,0.13141,0.20411,-1.67657,-17.19605,-14.94532,-15.09058,-14.79358,-2.61142 1.28619 0.27736 -1.11363 1.32702 0.27517 -0.46708 2.34939 0.46154 -0.57809 0.13692 0.04962 -3.00665 2.27689 0.46579 -2.96426 0.91526 -0.682 -2.95311 0.5918 1.04124 0.41332 0.20326 0.05549 6.74194 1.92874 0.30982 5.54479 2.14703 0.3627 4.90572 3.4265 0.6033 3.55864 3.50649 0.63268 2.75491 2.4158 0.44228 1.73086 2.48575 0.46607 3.25484 1.16558 0.20811 2.54281 0.17608 0.03464 4.62326 1.09892 0.18124 5.01647 0.18353 0.00952 5.52526 4.29342 0.75478 3.0358 4.43493 0.80798,C C O O H H H H O C C C N H C O N H H H,-15.243,22_AcOHUracil
CC(=O)O,O=c1cc[nH]c(=O)[nH]1,0,0,8,12,26559,S66x8,3057333,50,66869338,avdz,-9.3241,0.39498,-0.48164,0.6418,-0.76839,-0.19223,-0.1848,-9.41076,-9.64292,-0.23216,-9.27524,0.24082,-0.54198,-9.5764,-9.2692,0.30022,-0.5313,-9.50028,0.19746,-0.54977,-9.62755,-9.8597,-9.28877,-7.812239999999999,0.01289,-8.15342,0.01811,-9.30846,1.51774,1.51583,-1.19615,0.16444,-1.7929099999999998,0.03034,0.05351,-0.5799,-11.11138,-9.76957,-9.84751,-9.68589,-2.61142 1.28619 0.27736 -1.11363 1.32702 0.27517 -0.46708 2.34939 0.46154 -0.57809 0.13692 0.04962 -3.00665 2.27689 0.46579 -2.96426 0.91526 -0.682 -2.95311 0.5918 1.04124 0.41332 0.20326 0.05549 7.16799 1.93949 0.30821 5.97085 2.15778 0.36109 5.33178 3.43725 0.6017 3.9847 3.51724 0.63108 3.18096 2.42655 0.44067 2.15691 2.4965 0.46446 3.6809 1.17633 0.2065 2.96887 0.18683 0.03303 5.04932 1.10967 0.17964 5.44252 0.19428 0.00792 5.95131 4.30417 0.75317 3.46186 4.44568 0.80638,C C O O H H H H O C C C N H C O N H H H,-9.907,22_AcOHUracil
CC(=O)O,O=c1cc[nH]c(=O)[nH]1,0,0,8,12,26559,S66x8,3057333,100,66869339,avdz,-4.239319999999998,0.31925,-0.08164,0.38773,-0.21902,-0.03246,-0.02855,-4.00171,-4.10308,-0.10137,-4.21649,0.28099,-0.09296,-4.02846,-4.22633,0.30104000000000003,-0.09012,-4.01541,0.26635,-0.09503,-4.04516,-4.14653,-4.0217800000000015,-3.94818,0.00092,-3.3727,0.00158,-4.02975,0.09185,0.09185,-0.24046,0.00556,-0.50658,0.00159,0.00303,-0.09622,-4.770969999999998,-4.1254300000000015,-4.169,-4.08094,-2.61142 1.28619 0.27736 -1.11363 1.32702 0.27517 -0.46708 2.34939 0.46154 -0.57809 0.13692 0.04962 -3.00665 2.27689 0.46579 -2.96426 0.91526 -0.682 -2.95311 0.5918 1.04124 0.41332 0.20326 0.05549 8.01991 1.96098 0.305 6.82276 2.17928 0.35788 6.1837 3.45874 0.59848 4.83661 3.53873 0.62786 4.03288 2.44805 0.43746 3.00883 2.518 0.46125 4.53281 1.19782 0.20329 3.82078 0.20832 0.02982 5.90123 1.13116 0.17642 6.29444 0.21577 0.0047 6.80323 4.32566 0.74996 4.31377 4.46718 0.80316,C C O O H H H H O C C C N H C O N H H H,-4.1610000000000005,22_AcOHUracil
CC(=O)N,O=c1cc[nH]c(=O)[nH]1,0,0,9,12,26560,S66x8,3057306,-10,66869116,avdz,-12.09236,0.32851,-3.29273,2.09362,-3.96033,-0.93531,-0.85298,-15.05657,-14.894379999999998,0.16219,-12.4469,-1.16777,-3.83024,-17.44491,-12.37605,-0.69416,-3.73565,-16.80585,-1.51337,-3.89927,-17.85955,-17.69735,-40.91826,9.2072,0.27347,-39.25404,0.30248,-40.81535,47.969,46.82524,-16.3772,8.22145,-12.49512,0.86018,1.13064,-11.71829,-23.22468,-17.76633,-17.94227,-17.56156,-2.73824 1.26676 -0.15589 -1.23273 1.21164 -0.14162 -0.57128 2.24202 0.02562 -0.67058 0.00389 -0.31428 -3.07798 1.64661 0.8045 -3.20212 0.30287 -0.34621 -3.04999 1.97549 -0.9186 0.34385 -0.09056 -0.30833 -1.24421 -0.80632 -0.44668 6.04633 2.16212 0.01364 4.83077 2.25774 0.02882 4.05818 3.47306 0.19197 2.70902 3.41139 0.18629 2.02393 2.2391 0.03172 0.99114 2.23004 0.03089 2.65482 1.03463 -0.13054 2.05763 -0.02928 -0.27234 4.02714 1.1149 -0.12166 4.51717 0.23894 -0.2396 4.57994 4.40625 0.315 2.08861 4.28775 0.30397,C C O N H H H H H O C C C N H C O N H H H,-18.011,23_AcNH2Uracil
CC(=O)N,O=c1cc[nH]c(=O)[nH]1,0,0,9,12,26560,S66x8,3057306,-5,66869117,avdz,-14.14224,0.32381,-2.8097,1.80842,-3.44259,-0.83631,-0.7647,-16.62814,-16.61272,0.01542,-14.390629999999998,-0.91113,-3.2601,-18.56185,-14.317420000000002,-0.51908,-3.18171,-18.01821,-1.1972200000000002,-3.31731,-18.90515,-18.88973,-34.83644,2.12569,0.21266,-33.21847,0.23894,-34.80441,35.2797,34.62982,-12.36197,5.76417,-10.37091,0.65805,0.8811100000000001,-8.507639999999999,-23.46191,-18.86816,-19.03099,-18.67326,-2.73824 1.26676 -0.15589 -1.23273 1.21164 -0.14162 -0.57128 2.24202 0.02562 -0.67058 0.00389 -0.31428 -3.07798 1.64661 0.8045 -3.20212 0.30287 -0.34621 -3.04999 1.97549 -0.9186 0.34385 -0.09056 -0.30833 -1.24421 -0.80632 -0.44668 6.13314 2.16343 0.01473 4.91757 2.25905 0.02992 4.14498 3.47437 0.19306 2.79582 3.41269 0.18738 2.11074 2.24041 0.03282 1.07795 2.23135 0.03198 2.74163 1.03594 -0.12944 2.14444 -0.02798 -0.27125 4.11395 1.11621 -0.12057 4.60398 0.24025 -0.2385 4.66675 4.40756 0.3161 2.17542 4.28905 0.30506,C C O N H H H H H O C C C N H C O N H H H,-19.157,23_AcNH2Uracil
CC(=O)N,O=c1cc[nH]c(=O)[nH]1,0,0,9,12,26560,S66x8,3057306,0,66869118,avdz,-15.1917,0.33273,-2.3917900000000003,1.57844,-2.98901,-0.74212,-0.67981,-17.25076,-17.344379999999994,-0.09363,-15.35827,-0.68662,-2.76831,-18.8132,-15.28356,-0.36196,-2.70329,-18.34881,-0.92354,-2.81575,-19.09756,-19.19118,-29.91476,-2.66629,0.16493,-28.32961,0.18839,-29.92565,25.93364,25.5649,-9.47528,4.06128,-8.64274,0.50007,0.68497,-6.15916,-23.02288,-19.07387,-19.30643,-18.82479,-2.73824 1.26676 -0.15589 -1.23273 1.21164 -0.14162 -0.57128 2.24202 0.02562 -0.67058 0.00389 -0.31428 -3.07798 1.64661 0.8045 -3.20212 0.30287 -0.34621 -3.04999 1.97549 -0.9186 0.34385 -0.09056 -0.30833 -1.24421 -0.80632 -0.44668 6.21984 2.16473 0.01582 5.00428 2.26036 0.03101 4.23169 3.47567 0.19415 2.88253 3.414 0.18848 2.19744 2.24171 0.03391 1.16465 2.23265 0.03307 2.82833 1.03725 -0.12835 2.23114 -0.02667 -0.27016 4.20065 1.11751 -0.11947 4.69068 0.24155 -0.23741 4.75345 4.40886 0.31719 2.26212 4.29036 0.30615,C C O N H H H H H O C C C N H C O N H H H,-19.419,23_AcNH2Uracil
CC(=O)N,O=c1cc[nH]c(=O)[nH]1,0,0,9,12,26560,S66x8,3057306,5,66869119,avdz,-15.55214,0.34764,-2.0319700000000003,1.39122,-2.59285,-0.65418,-0.59993,-17.23646,-17.40795,-0.17149,-15.65258,-0.49331,-2.34574,-18.49163,-15.58058,-0.22415,-2.29179,-18.09652,-0.68972,-2.38511,-18.72742,-18.89891,-25.89594,-5.83064,0.12750999999999998,-24.33921,0.14817,-25.92944,19.04994,18.8411,-7.362,2.87566,-7.227589999999998,0.37757,0.53132,-4.4672800000000015,-22.15182,-18.72326,-18.94715,-18.48513,-2.73824 1.26676 -0.15589 -1.23273 1.21164 -0.14162 -0.57128 2.24202 0.02562 -0.67058 0.00389 -0.31428 -3.07798 1.64661 0.8045 -3.20212 0.30287 -0.34621 -3.04999 1.97549 -0.9186 0.34385 -0.09056 -0.30833 -1.24421 -0.80632 -0.44668 6.30674 2.16604 0.01692 5.09118 2.26166 0.0321 4.31859 3.47698 0.19525 2.96943 3.4153 0.18957 2.28435 2.24302 0.035 1.25156 2.23396 0.03417 2.91524 1.03855 -0.12726 2.31805 -0.02536 -0.26906 4.28755 1.11882 -0.11838 4.77758 0.24286 -0.23632 4.84035 4.41017 0.31828 2.34902 4.29166 0.30725,C C O N H H H H H O C C C N H C O N H H H,-19.094,23_AcNH2Uracil
CC(=O)N,O=c1cc[nH]c(=O)[nH]1,0,0,9,12,26560,S66x8,3057306,10,66869120,avdz,-15.44413,0.36398,-1.72507,1.23851,-2.24971,-0.5737800000000001,-0.52649,-16.80521,-17.0291,-0.22389,-15.48989,-0.32977,-1.9858,-17.80546,-15.42547,-0.10597,-1.94099,-17.47242,-0.49308,-2.0185,-18.001479999999994,-18.22536,-22.60434,-7.8254199999999985,0.09839,-21.07691,0.11638,-22.64612,14.01164,13.89316,-5.79557,2.04852,-6.06915,0.28385,0.41171,-3.27158,-21.02668,-18.0213,-18.21633,-17.81729,-2.73824 1.26676 -0.15589 -1.23273 1.21164 -0.14162 -0.57128 2.24202 0.02562 -0.67058 0.00389 -0.31428 -3.07798 1.64661 0.8045 -3.20212 0.30287 -0.34621 -3.04999 1.97549 -0.9186 0.34385 -0.09056 -0.30833 -1.24421 -0.80632 -0.44668 6.39354 2.16735 0.01801 5.17798 2.26297 0.0332 4.40539 3.47829 0.19634 3.05623 3.41661 0.19066 2.37115 2.24433 0.0361 1.33836 2.23527 0.03526 3.00204 1.03986 -0.12616 2.40485 -0.02406 -0.26797 4.37435 1.12012 -0.11729 4.86438 0.24417 -0.23522 4.92715 4.41148 0.31937 2.43582 4.29297 0.30834,C C O N H H H H H O C C C N H C O N H H H,-18.391,23_AcNH2Uracil
CC(=O)N,O=c1cc[nH]c(=O)[nH]1,0,0,9,12,26560,S66x8,3057306,25,66869121,avdz,-13.68453,0.40393,-1.05408,0.92475,-1.47642,-0.37826,-0.34675,-14.33468,-14.61446,-0.27978000000000003,-13.62941,0.01545,-1.20048,-14.81444,-13.59964,0.14704,-1.17492,-14.62752,-0.08059,-1.21912,-14.92912,-15.2089,-15.70675,-9.79881,0.04472,-14.29009,0.05599,-15.74404,5.6574300000000015,5.63537,-3.00867,0.75567,-3.67942,0.11855,0.18915,-1.43849,-17.149829999999998,-15.01941,-15.15656,-14.87499,-2.73824 1.26676 -0.15589 -1.23273 1.21164 -0.14162 -0.57128 2.24202 0.02562 -0.67058 0.00389 -0.31428 -3.07798 1.64661 0.8045 -3.20212 0.30287 -0.34621 -3.04999 1.97549 -0.9186 0.34385 -0.09056 -0.30833 -1.24421 -0.80632 -0.44668 6.65393 2.17127 0.02129 5.43837 2.26689 0.03647 4.66578 3.4822 0.19962 3.31662 3.42053 0.19394 2.63154 2.24825 0.03938 1.59875 2.23919 0.03854 3.26243 1.04378 -0.12288 2.66524 -0.02014 -0.26469 4.63475 1.12404 -0.11401 5.12478 0.24809 -0.23195 5.18754 4.4154 0.32265 2.69622 4.29689 0.31162,C C O N H H H H H O C C C N H C O N H H H,-15.309,23_AcNH2Uracil
CC(=O)N,O=c1cc[nH]c(=O)[nH]1,0,0,9,12,26560,S66x8,3057306,50,66869122,avdz,-9.78336,0.43365,-0.45734,0.67037,-0.74817,-0.17538,-0.15800999999999998,-9.80706,-10.03656,-0.2295,-9.71436,0.27889,-0.51237,-9.94784,-9.71578,0.33998,-0.50197,-9.87777,0.23431,-0.5199600000000001,-10.00002,-10.22952,-9.59136,-8.29975,0.01179,-8.41967,0.01633,-9.61447,1.3431,1.34162,-1.17523,0.14277,-1.7280099999999998,0.02728,0.04808,-0.5274,-11.4839,-10.13887,-10.22106,-10.04828,-2.73824 1.26676 -0.15589 -1.23273 1.21164 -0.14162 -0.57128 2.24202 0.02562 -0.67058 0.00389 -0.31428 -3.07798 1.64661 0.8045 -3.20212 0.30287 -0.34621 -3.04999 1.97549 -0.9186 0.34385 -0.09056 -0.30833 -1.24421 -0.80632 -0.44668 7.0879 2.1778 0.02675 5.87234 2.27342 0.04194 5.09975 3.48874 0.20508 3.75059 3.42706 0.19941 3.0655 2.25478 0.04484 2.03271 2.24572 0.044 3.69639 1.05031 -0.11742 3.0992 -0.01361 -0.25923 5.06871 1.13057 -0.10854 5.55874 0.25462 -0.22648 5.62151 4.42193 0.32812 3.13018 4.30342 0.31708,C C O N H H H H H O C C C N H C O N H H H,-10.276,23_AcNH2Uracil
CC(=O)N,O=c1cc[nH]c(=O)[nH]1,0,0,9,12,26560,S66x8,3057306,100,66869123,avdz,-4.84029,0.38786,-0.05744,0.4548100000000001,-0.20935,-0.02006,-0.0091,-4.5098699999999985,-4.61489,-0.10502,-4.80477,0.3436,-0.06823,-4.5294,-4.81528,0.36717,-0.06518,-4.51328,0.3264,-0.07046000000000001,-4.5488300000000015,-4.65385,-4.56812,-4.5049199999999985,0.0008,-3.84405,0.00136,-4.57792,0.07791000000000001,0.07791000000000001,-0.27173,0.0054,-0.49814,0.0014,0.00262,-0.08968,-5.3501400000000015,-4.61524,-4.6790699999999985,-4.54622,-2.73824 1.26676 -0.15589 -1.23273 1.21164 -0.14162 -0.57128 2.24202 0.02562 -0.67058 0.00389 -0.31428 -3.07798 1.64661 0.8045 -3.20212 0.30287 -0.34621 -3.04999 1.97549 -0.9186 0.34385 -0.09056 -0.30833 -1.24421 -0.80632 -0.44668 7.95579 2.19086 0.03768 6.74023 2.28648 0.05287 5.96763 3.5018 0.21601 4.61847 3.44012 0.21033 3.93339 2.26784 0.05577 2.9006 2.25878 0.05493 4.56428 1.06337 -0.10649 3.96709 -0.00055 -0.2483 5.9366 1.14364 -0.09761 6.42663 0.26768 -0.21555 6.4894 4.43499 0.33905 3.99807 4.31648 0.32801,C C O N H H H H H O C C C N H C O N H H H,-4.672,23_AcNH2Uracil
c1ccccc1,c1ccccc1,0,0,12,12,11248,S66x8,3057131,-10,66867716,avdz,13.22906,-8.286760000000001,-7.3547699999999985,-4.95547,-5.01923,-1.97395,-1.97073,-2.41246,1.28042,3.69288,13.28129,-9.11824,-7.85958,-3.69653,13.28963,-8.902510000000003,-7.7690800000000015,-3.38196,-9.27566,-7.9256199999999986,-3.91999,-0.22711,-9.03614,15.92751,0.23317,-8.377189999999999,0.21212,-8.88027,24.87521,24.65997,-6.74255,6.713030000000002,-19.38541,1.20626,1.83584,-2.99472,-3.3726,-0.44492,-1.54737,0.23871,0.71265 1.121 0.06054 1.25824 -0.15925 0.12423 0.42688 -1.27453 0.04265 -0.94958 -1.11007 -0.10031 -1.49553 0.17105 -0.16155 -0.66383 1.28664 -0.0834 1.35784 1.9864 0.12774 2.32495 -0.2871 0.24674 0.85044 -2.26843 0.09475 -1.59446 -1.97627 -0.16371 -2.56378 0.29922 -0.2737 -1.0869 2.281 -0.13289 1.82751 1.11126 3.25188 2.37346 -0.16989 3.3134 1.54181 -1.28549 3.23475 0.16541 -1.11986 3.09003 -0.38015 0.16038 3.02607 0.45113 1.27566 3.10814 2.47235 1.97744 3.31563 3.44167 -0.29804 3.42615 1.96489 -2.27984 3.2844 -0.47969 -1.98527 3.0224 -1.44678 0.28821 2.90289 0.0276 2.26956 3.05577,C C C C C C H H H H H H C C C C C C H H H H H H,0.03,24_BenzeneBenzenepipi
c1ccccc1,c1ccccc1,0,0,12,12,11248,S66x8,3057131,-5,66867717,avdz,8.2576,-6.42644,-5.73816,-3.82715,-3.94206,-1.5541,-1.54635,-3.90699,-1.06571,2.84128,8.279819999999999,-6.9584899999999985,-6.0823800000000015,-4.76104,8.284239999999999,-6.81549,-6.01811,-4.54937,-7.06283,-6.12927,-4.91228,-2.071,-4.93473,9.85002,0.15194000000000002,-4.62495,0.1382,-4.75278,14.40364,14.32978,-3.61282,3.51186,-14.50292,0.75558,1.19289,-1.54234,-4.54691,-2.50145,-3.33851,-1.80317,0.71265 1.121 0.06054 1.25824 -0.15925 0.12423 0.42688 -1.27453 0.04265 -0.94958 -1.11007 -0.10031 -1.49553 0.17105 -0.16155 -0.66383 1.28664 -0.0834 1.35784 1.9864 0.12774 2.32495 -0.2871 0.24674 0.85044 -2.26843 0.09475 -1.59446 -1.97627 -0.16371 -2.56378 0.29922 -0.2737 -1.0869 2.281 -0.13289 1.8888 1.11069 3.42724 2.43476 -0.17047 3.48876 1.60311 -1.28607 3.4101 0.22671 -1.12043 3.26539 -0.31885 0.1598 3.20142 0.51242 1.27508 3.28349 2.53365 1.97687 3.49099 3.50296 -0.29861 3.6015 2.02619 -2.28042 3.45976 -0.4184 -1.98584 3.19776 -1.38548 0.28763 3.07824 0.0889 2.26899 3.23112,C C C C C C H H H H H H C C C C C C H H H H H H,-1.905,24_BenzeneBenzenepipi
c1ccccc1,c1ccccc1,0,0,12,12,11248,S66x8,3057131,0,66867718,avdz,5.2517,-5.01085,-4.49761,-2.97154,-3.1054,-1.2289,-1.21969,-4.25676,-2.0541400000000003,2.20262,5.2412,-5.34686,-4.73301,-4.83866,5.24421,-5.25306,-4.6874400000000005,-4.69629,-5.41531,-4.76625,-4.94036,-2.73775,-2.54311,6.20709,0.09842,-2.43396,0.0896,-2.39072,8.24799,8.223930000000001,-1.98741,1.8428,-10.94732,0.46838,0.7722399999999999,-0.7117100000000001,-4.70576,-2.98168,-3.4845,-2.53114,0.71265 1.121 0.06054 1.25824 -0.15925 0.12423 0.42688 -1.27453 0.04265 -0.94958 -1.11007 -0.10031 -1.49553 0.17105 -0.16155 -0.66383 1.28664 -0.0834 1.35784 1.9864 0.12774 2.32495 -0.2871 0.24674 0.85044 -2.26843 0.09475 -1.59446 -1.97627 -0.16371 -2.56378 0.29922 -0.2737 -1.0869 2.281 -0.13289 1.94949 1.11012 3.60083 2.49544 -0.17103 3.66235 1.66379 -1.28663 3.5837 0.28739 -1.121 3.43899 -0.25817 0.15923 3.37502 0.57311 1.27451 3.45709 2.59433 1.9763 3.66458 3.56365 -0.29918 3.7751 2.08687 -2.28099 3.63336 -0.35771 -1.98641 3.37135 -1.3248 0.28706 3.25184 0.14958 2.26842 3.40472,C C C C C C H H H H H H C C C C C C H H H H H H,-2.634,24_BenzeneBenzenepipi
c1ccccc1,c1ccccc1,0,0,12,12,11248,S66x8,3057131,5,66867719,avdz,3.4189199999999995,-3.9265,-3.5396,-2.31967,-2.4525200000000003,-0.97473,-0.96567,-4.04718,-2.3280000000000003,1.71918,3.38509,-4.1359900000000005,-3.70167,-4.45257,3.38723,-4.07558,-3.66959,-4.35794,-4.18007,-3.72509,-4.52006,-2.8008900000000003,-1.16785,4.00472,0.06333,-1.1696799999999998,0.05774,-1.06016,4.68278,4.67544,-1.13155,0.9716,-8.333110000000001,0.28787,0.49798,-0.2899,-4.37449,-3.06258,-3.42442,-2.65221,0.71265 1.121 0.06054 1.25824 -0.15925 0.12423 0.42688 -1.27453 0.04265 -0.94958 -1.11007 -0.10031 -1.49553 0.17105 -0.16155 -0.66383 1.28664 -0.0834 1.35784 1.9864 0.12774 2.32495 -0.2871 0.24674 0.85044 -2.26843 0.09475 -1.59446 -1.97627 -0.16371 -2.56378 0.29922 -0.2737 -1.0869 2.281 -0.13289 2.00975 1.10955 3.77323 2.55571 -0.1716 3.83475 1.72406 -1.2872 3.7561 0.34766 -1.12157 3.61139 -0.1979 0.15867 3.54742 0.63337 1.27395 3.62949 2.6546 1.97573 3.83698 3.62391 -0.29975 3.9475 2.14714 -2.28155 3.80576 -0.29745 -1.98698 3.54375 -1.26453 0.2865 3.42424 0.20985 2.26785 3.57712,C C C C C C H H H H H H C C C C C C H H H H H H,-2.739,24_BenzeneBenzenepipi
c1ccccc1,c1ccccc1,0,0,12,12,11248,S66x8,3057131,10,66867720,avdz,2.29272,-3.09367,-2.79832,-1.82206,-1.94298,-0.7754800000000001,-0.7673300000000001,-3.59927,-2.2478,1.3514700000000002,2.24616,-3.22275,-2.9112,-3.88779,2.2476,-3.18488,-2.88878,-3.82606,-3.25038,-2.92756,-3.93178,-2.58031,-0.39686,2.66243,0.04052,-0.4563100000000001,0.03702,-0.32957,2.65267,2.65062,-0.6733100000000001,0.51676,-6.3994300000000015,0.17604,0.32012,-0.10854,-3.84525,-2.69041,-3.01095,-2.4146400000000003,0.71265 1.121 0.06054 1.25824 -0.15925 0.12423 0.42688 -1.27453 0.04265 -0.94958 -1.11007 -0.10031 -1.49553 0.17105 -0.16155 -0.66383 1.28664 -0.0834 1.35784 1.9864 0.12774 2.32495 -0.2871 0.24674 0.85044 -2.26843 0.09475 -1.59446 -1.97627 -0.16371 -2.56378 0.29922 -0.2737 -1.0869 2.281 -0.13289 2.06958 1.10899 3.94437 2.61553 -0.17216 4.00589 1.78388 -1.28776 3.92724 0.40748 -1.12213 3.78252 -0.13808 0.15811 3.71856 0.69319 1.27339 3.80063 2.71442 1.97517 4.00812 3.68374 -0.30031 4.11863 2.20696 -2.28211 3.97689 -0.23763 -1.98754 3.71489 -1.20471 0.28594 3.59538 0.26967 2.26729 3.74826,C C C C C C H H H H H H C C C C C C H H H H H H,-2.546,24_BenzeneBenzenepipi
c1ccccc1,c1ccccc1,0,0,12,12,11248,S66x8,3057131,25,66867721,avdz,0.8322200000000001,-1.5302,-1.38945,-0.89849,-0.96441,-0.38895,-0.38447,-2.08743,-1.41962,0.66781,0.7851199999999999,-1.55384,-1.42929,-2.19801,0.7871100000000001,-1.54779,-1.42216,-2.18285,-1.55826,-1.43449,-2.20763,-1.53982,0.33567,0.94061,0.00983,0.24134,0.00906,0.34066,0.48399,0.48399,-0.18448,0.07874,-2.97317,0.03784,0.07923,-0.06674,-2.20394,-1.54787,-1.7072200000000002,-1.41632,0.71265 1.121 0.06054 1.25824 -0.15925 0.12423 0.42688 -1.27453 0.04265 -0.94958 -1.11007 -0.10031 -1.49553 0.17105 -0.16155 -0.66383 1.28664 -0.0834 1.35784 1.9864 0.12774 2.32495 -0.2871 0.24674 0.85044 -2.26843 0.09475 -1.59446 -1.97627 -0.16371 -2.56378 0.29922 -0.2737 -1.0869 2.281 -0.13289 2.2537 1.10726 4.4711 2.79965 -0.17389 4.53261 1.968 -1.28949 4.45396 0.5916 -1.12385 4.30925 0.04604 0.15638 4.24528 0.87732 1.27166 4.32735 2.89854 1.97345 4.53485 3.86786 -0.30204 4.64536 2.39108 -2.28384 4.50362 -0.0535 -1.98926 4.24162 -1.02059 0.28421 4.1221 0.45379 2.26556 4.27498,C C C C C C H H H H H H C C C C C C H H H H H H,-1.543,24_BenzeneBenzenepipi
c1ccccc1,c1ccccc1,0,0,12,12,11248,S66x8,3057131,50,66867722,avdz,0.28675,-0.51553,-0.46035,-0.30761,-0.3151,-0.12895,-0.1279,-0.68914,-0.46492,0.22421,0.26167,-0.50705,-0.46719,-0.71257,0.26497,-0.50888,-0.46589,-0.7098,-0.50571,-0.46814,-0.71218,-0.4879600000000001,0.26415,0.30307,0.0008300000000000001,0.21003,0.0007700000000000001,0.26278,0.04439,0.04439,-0.0417,0.00302,-0.92787,0.00271,0.00655,-0.06186000000000001,-0.7119800000000001,-0.5464600000000001,-0.63289,-0.45784,0.71265 1.121 0.06054 1.25824 -0.15925 0.12423 0.42688 -1.27453 0.04265 -0.94958 -1.11007 -0.10031 -1.49553 0.17105 -0.16155 -0.66383 1.28664 -0.0834 1.35784 1.9864 0.12774 2.32495 -0.2871 0.24674 0.85044 -2.26843 0.09475 -1.59446 -1.97627 -0.16371 -2.56378 0.29922 -0.2737 -1.0869 2.281 -0.13289 2.57397 1.10426 5.38731 3.11993 -0.17689 5.44883 2.28828 -1.29249 5.37018 0.91188 -1.12686 5.22546 0.36632 0.15337 5.16149 1.19759 1.26865 5.24357 3.21882 1.97044 5.45106 4.18813 -0.30504 5.56157 2.71136 -2.28685 5.41983 0.26677 -1.99227 5.15783 -0.70031 0.2812 5.03832 0.77407 2.26256 5.1912,C C C C C C H H H H H H C C C C C C H H H H H H,-0.499,24_BenzeneBenzenepipi
c1ccccc1,c1ccccc1,0,0,12,12,11248,S66x8,3057131,100,66867723,avdz,0.07706,-0.09766,-0.08283,-0.06114,-0.05516,-0.02326,-0.02328,-0.10344,-0.06251,0.04093,0.07113,-0.09294,-0.08271,-0.10452,0.07175,-0.09367,-0.08251,-0.10443,-0.09241,-0.08285,-0.10413,-0.0632,0.07608999999999999,0.07629,1e-05,0.06141,1e-05,0.07641,0.00072,0.00072,-0.0054,-1e-05,-0.16118,2e-05,6e-05,-0.01483,-0.1042,-0.09683,-0.11032,-0.08056,0.71265 1.121 0.06054 1.25824 -0.15925 0.12423 0.42688 -1.27453 0.04265 -0.94958 -1.11007 -0.10031 -1.49553 0.17105 -0.16155 -0.66383 1.28664 -0.0834 1.35784 1.9864 0.12774 2.32495 -0.2871 0.24674 0.85044 -2.26843 0.09475 -1.59446 -1.97627 -0.16371 -2.56378 0.29922 -0.2737 -1.0869 2.281 -0.13289 3.18765 1.0985 7.14285 3.7336 -0.18265 7.20437 2.90195 -1.29825 7.12572 1.52555 -1.13262 6.981 0.97999 0.14762 6.91704 1.81126 1.2629 6.99911 3.83249 1.96468 7.2066 4.80181 -0.3108 7.31711 3.32503 -2.2926 7.17537 0.88044 -1.99803 6.91337 -0.08664 0.27544 6.79386 1.38774 2.2568 6.94674,C C C C C C H H H H H H C C C C C C H H H H H H,-0.067,24_BenzeneBenzenepipi
c1cccnc1,c1cccnc1,0,0,11,11,11249,S66x8,3057158,-10,66867932,avdz,12.39484,-8.39086,-7.57486,-4.8275,-5.1747,-2.02008,-2.0468900000000003,-3.5708800000000003,0.37256,3.94344,12.43724,-9.32673,-8.12363,-5.01312,12.4479,-9.07784,-8.02443,-4.6543800000000015,-9.50836,-8.196019999999999,-5.26713,-1.32369,-11.18624,15.52157,0.23242,-10.27804,0.21168,-11.02507,26.42224,26.18218,-7.804869999999998,7.71103,-19.85282,1.22948,1.82401,-3.16155,-4.65755,-1.47564,-2.80173,-0.92831,-0.39816 -1.02882 0.28096 -1.19581 0.10656 0.1954 -0.58713 1.31741 -0.12011 0.78855 1.33971 -0.33224 1.57248 0.25455 -0.25648 0.96936 -0.90316 0.04453 -0.81842 -1.99174 0.53356 -2.26069 0.04954 0.37344 -1.16181 2.2295 -0.20046 1.28843 2.26879 -0.57853 1.61364 -1.77218 0.10235 -1.15443 0.83806 3.27421 0.145 1.22731 2.96394 1.12456 0.24441 2.88058 0.76208 -1.08073 3.11377 -0.48396 -1.47363 3.40974 -1.41643 -0.513 3.48359 -1.95299 1.56257 3.35248 0.38698 2.2663 2.78807 2.14686 0.49115 2.63214 1.50594 -1.86628 3.05733 -2.41922 -0.84396 3.72578,C C C C N C H H H H H C C C C N C H H H H H,-1.063,25_PyridinePyridinepipi
c1cccnc1,c1cccnc1,0,0,11,11,11249,S66x8,3057158,-5,66867933,avdz,7.44273,-6.56641,-5.9694,-3.76431,-4.1044800000000015,-1.60092,-1.61474,-5.0930800000000005,-2.02698,3.0661,7.47371,-7.184589999999999,-6.34916,-6.06004,7.480060000000001,-7.013719999999998,-6.2774199999999984,-5.8110800000000005,-7.30928,-6.40151,-6.23709,-3.17098,-6.83283,9.31701,0.15367999999999998,-6.32002,0.13984000000000002,-6.64953,15.65561,15.56819,-4.22326,4.11879,-15.0132,0.78414,1.19844,-1.6910599999999998,-5.8200699999999985,-3.5499400000000003,-4.2773,-2.95575,-0.39816 -1.02882 0.28096 -1.19581 0.10656 0.1954 -0.58713 1.31741 -0.12011 0.78855 1.33971 -0.33224 1.57248 0.25455 -0.25648 0.96936 -0.90316 0.04453 -0.81842 -1.99174 0.53356 -2.26069 0.04954 0.37344 -1.16181 2.2295 -0.20046 1.28843 2.26879 -0.57853 1.61364 -1.77218 0.10235 -1.17412 0.82136 3.44603 0.12531 1.2106 3.13576 1.10487 0.22771 3.0524 0.74239 -1.09743 3.28559 -0.50364 -1.49034 3.58156 -1.43612 -0.52971 3.65541 -1.97267 1.54587 3.5243 0.3673 2.2496 2.95989 2.12717 0.47445 2.80396 1.48625 -1.88299 3.22915 -2.43891 -0.86066 3.8976,C C C C N C H H H H H C C C C N C H H H H H,-2.997,25_PyridinePyridinepipi
c1cccnc1,c1cccnc1,0,0,11,11,11249,S66x8,3057158,0,66867934,avdz,4.43391,-5.15909,-4.72146,-2.94308,-3.26273,-1.27271,-1.279,-5.44663,-3.04461,2.4020200000000003,4.4435,-5.5651,-4.9847800000000015,-6.1063800000000015,4.44766,-5.44802,-4.932919999999998,-5.93328,-5.65054,-5.02262,-6.22966,-3.82763,-4.1814,5.5705300000000015,0.10103,-3.91097,0.09192,-4.02625,9.18238,9.15172,-2.32622,2.20649,-11.4428,0.49434,0.78451,-0.82744,-5.95498,-4.20202,-4.69134,-3.72372,-0.39816 -1.02882 0.28096 -1.19581 0.10656 0.1954 -0.58713 1.31741 -0.12011 0.78855 1.33971 -0.33224 1.57248 0.25455 -0.25648 0.96936 -0.90316 0.04453 -0.81842 -1.99174 0.53356 -2.26069 0.04954 0.37344 -1.16181 2.2295 -0.20046 1.28843 2.26879 -0.57853 1.61364 -1.77218 0.10235 -1.19366 0.80478 3.61664 0.10577 1.19402 3.30637 1.08532 0.21112 3.22301 0.72285 -1.11402 3.45621 -0.52319 -1.50692 3.75217 -1.45566 -0.54629 3.82602 -1.99222 1.52928 3.69491 0.34775 2.23302 3.1305 2.10763 0.45787 2.97458 1.46671 -1.89957 3.39976 -2.45845 -0.87725 4.06822,C C C C N C H H H H H C C C C N C H H H H H,-3.716,25_PyridinePyridinepipi
c1cccnc1,c1cccnc1,0,0,11,11,11249,S66x8,3057158,5,66867935,avdz,2.60545,-4.06789,-3.74637,-2.30744,-2.59827,-1.01383,-1.01595,-5.20881,-3.31409,1.89472,2.59778,-4.3341699999999985,-3.93007,-5.66647,2.60041,-4.25446,-3.89281,-5.546869999999998,-4.39233,-3.95726,-5.75182,-3.8571,-2.57064,3.3061,0.06597,-2.44576,0.06005,-2.45876,5.34167,5.33136,-1.3147,1.19063,-8.78647,0.30845,0.51172,-0.37032,-5.5777800000000015,-4.18278,-4.54641,-3.79591,-0.39816 -1.02882 0.28096 -1.19581 0.10656 0.1954 -0.58713 1.31741 -0.12011 0.78855 1.33971 -0.33224 1.57248 0.25455 -0.25648 0.96936 -0.90316 0.04453 -0.81842 -1.99174 0.53356 -2.26069 0.04954 0.37344 -1.16181 2.2295 -0.20046 1.28843 2.26879 -0.57853 1.61364 -1.77218 0.10235 -1.21312 0.78826 3.78652 0.0863 1.1775 3.47625 1.06586 0.19461 3.39289 0.70338 -1.13053 3.62608 -0.54265 -1.52343 3.92205 -1.47513 -0.5628 3.9959 -2.01168 1.51277 3.86479 0.32829 2.2165 3.30038 2.08816 0.44135 3.14445 1.44724 -1.91609 3.56963 -2.47792 -0.89376 4.23809,C C C C N C H H H H H C C C C N C H H H H H,-3.788,25_PyridinePyridinepipi
c1cccnc1,c1cccnc1,0,0,11,11,11249,S66x8,3057158,10,66867936,avdz,1.4980000000000002,-3.22088,-2.98373,-1.81577,-2.07408,-0.80929,-0.80923,-4.70661,-3.20114,1.50546,1.48045,-3.39632,-3.1133900000000003,-5.02925,1.48185,-3.3425800000000003,-3.08684,-4.94757,-3.4355300000000004,-3.13276,-5.08783,-3.58237,-1.5986200000000002,1.94098,0.04283,-1.55845,0.03903,-1.52742,3.09897,3.09565,-0.76957,0.65066,-6.8006,0.19113,0.33294,-0.16007000000000002,-4.98395,-3.81561,-4.15191,-3.51406,-0.39816 -1.02882 0.28096 -1.19581 0.10656 0.1954 -0.58713 1.31741 -0.12011 0.78855 1.33971 -0.33224 1.57248 0.25455 -0.25648 0.96936 -0.90316 0.04453 -0.81842 -1.99174 0.53356 -2.26069 0.04954 0.37344 -1.16181 2.2295 -0.20046 1.28843 2.26879 -0.57853 1.61364 -1.77218 0.10235 -1.23248 0.77184 3.9555 0.06695 1.16108 3.64523 1.0465 0.17818 3.56187 0.68402 -1.14696 3.79506 -0.56201 -1.53986 4.09103 -1.49449 -0.57923 4.16488 -2.03104 1.49634 4.03377 0.30893 2.20008 3.46936 2.06881 0.42493 3.31343 1.42789 -1.93251 3.73861 -2.49727 -0.91019 4.40707,C C C C N C H H H H H C C C C N C H H H H H,-3.543,25_PyridinePyridinepipi
c1cccnc1,c1cccnc1,0,0,11,11,11249,S66x8,3057158,25,66867937,avdz,0.18383,-1.64326,-1.54432,-0.90876,-1.07358,-0.41709,-0.41561,-3.00375,-2.21559,0.78815,0.16298,-1.69681,-1.59445,-3.12828,0.16315,-1.6816799999999998,-1.58536,-3.1038900000000003,-1.70786,-1.6010799999999998,-3.14596,-2.3578,-0.45606,0.32141,0.01139,-0.49892,0.01043,-0.45107,0.63576,0.63567,-0.20098,0.11815,-3.30451,0.04471,0.09006,-0.0762,-3.14408,-2.42982,-2.60495,-2.28185,-0.39816 -1.02882 0.28096 -1.19581 0.10656 0.1954 -0.58713 1.31741 -0.12011 0.78855 1.33971 -0.33224 1.57248 0.25455 -0.25648 0.96936 -0.90316 0.04453 -0.81842 -1.99174 0.53356 -2.26069 0.04954 0.37344 -1.16181 2.2295 -0.20046 1.28843 2.26879 -0.57853 1.61364 -1.77218 0.10235 -1.29013 0.72292 4.4587 0.0093 1.11216 4.14843 0.98886 0.12926 4.06507 0.62638 -1.19587 4.29826 -0.61966 -1.58878 4.59423 -1.55213 -0.62815 4.66808 -2.08869 1.44743 4.53697 0.25128 2.15116 3.97256 2.01116 0.37601 3.81663 1.37024 -1.98143 4.24181 -2.55492 -0.9591 4.91027,C C C C N C H H H H H C C C C N C H H H H H,-2.36,25_PyridinePyridinepipi
c1cccnc1,c1cccnc1,0,0,11,11,11249,S66x8,3057158,50,66867938,avdz,-0.13564,-0.55328,-0.52695,-0.2957,-0.36152,-0.13723,-0.13663,-1.21587,-0.93009,0.28578000000000003,-0.1445,-0.56058,-0.5385300000000001,-1.2436200000000002,-0.14282,-0.55893,-0.53695,-1.2387,-0.56179,-0.53968,-1.24598,-0.9602,-0.15832000000000002,-0.10261,0.00104,-0.19026,0.00096,-0.16349,0.06544,0.06544,-0.04202,0.007240000000000002,-1.06651,0.00353,0.00817,-0.06912,-1.25675,-1.01347,-1.10614,-0.91972,-0.39816 -1.02882 0.28096 -1.19581 0.10656 0.1954 -0.58713 1.31741 -0.12011 0.78855 1.33971 -0.33224 1.57248 0.25455 -0.25648 0.96936 -0.90316 0.04453 -0.81842 -1.99174 0.53356 -2.26069 0.04954 0.37344 -1.16181 2.2295 -0.20046 1.28843 2.26879 -0.57853 1.61364 -1.77218 0.10235 -1.39289 0.63573 5.35569 -0.09346 1.02497 5.04542 0.88609 0.04207 4.96206 0.52362 -1.28307 5.19525 -0.72242 -1.67597 5.49121 -1.65489 -0.71534 5.56506 -2.19145 1.36023 5.43396 0.14852 2.06397 4.86955 1.9084 0.28881 4.71362 1.26748 -2.06862 5.1388 -2.65768 -1.0463 5.80726,C C C C N C H H H H H C C C C N C H H H H H,-0.974,25_PyridinePyridinepipi
c1cccnc1,c1cccnc1,0,0,11,11,11249,S66x8,3057158,100,66867939,avdz,-0.10272,-0.09593,-0.09439,-0.04597,-0.06297,-0.02201,-0.0219,-0.29303,-0.23366,0.05937000000000001,-0.10176,-0.09704,-0.09556,-0.29436,-0.10169,-0.09636,-0.09527,-0.29333000000000004,-0.09754,-0.09577,-0.29507,-0.23569,-0.09556,-0.09518,2e-05,-0.10021,2e-05,-0.09548,0.00155,0.00155,-0.006670000000000001,-1e-05,-0.18691,3e-05,8e-05,-0.01469,-0.30208,-0.25778,-0.30398000000000003,-0.20794,-0.39816 -1.02882 0.28096 -1.19581 0.10656 0.1954 -0.58713 1.31741 -0.12011 0.78855 1.33971 -0.33224 1.57248 0.25455 -0.25648 0.96936 -0.90316 0.04453 -0.81842 -1.99174 0.53356 -2.26069 0.04954 0.37344 -1.16181 2.2295 -0.20046 1.28843 2.26879 -0.57853 1.61364 -1.77218 0.10235 -1.59361 0.46541 7.10769 -0.29418 0.85466 6.79742 0.68538 -0.12824 6.71406 0.3229 -1.45338 6.94725 -0.92313 -1.84628 7.24321 -1.85561 -0.88565 7.31707 -2.39216 1.18992 7.18596 -0.05219 1.89365 6.62155 1.70768 0.1185 6.46562 1.06676 -2.23893 6.8908 -2.8584 -1.21661 7.55926,C C C C N C H H H H H C C C C N C H H H H H,-0.241,25_PyridinePyridinepipi
O=c1cc[nH]c(=O)[nH]1,O=c1cc[nH]c(=O)[nH]1,0,0,12,12,26529,S66x8,3057117,-10,66867604,avdz,7.554310000000001,-6.95299,-8.05115,-3.7209,-6.7916,-2.4158,-2.63828,-7.44982,-5.374,2.07583,7.49229,-8.28571,-8.78157,-9.575,7.51444,-7.92065,-8.65011,-9.05631,-8.55211,-8.8775,-9.93733,-7.8615,-16.60139,11.30885,0.20486,-16.800629999999998,0.22147,-16.37679,26.857940000000006,26.744740000000004,-7.87383,6.203880000000002,-21.02336,0.91978,1.47254,-1.89149,-11.71134,-7.72838,-8.58564,-7.210669999999999,0.92056 2.61108 -0.62598 1.30898 1.45753 -0.52066 1.71451 0.59194 -1.61249 2.02574 -0.69717 -1.3644 2.01142 -1.21321 -0.09807 2.12945 -2.20152 0.05683 1.64595 -0.48521 1.01872 1.56112 -0.97182 2.12981 1.3769 0.83975 0.73462 1.05181 1.38622 1.52336 1.72729 0.99084 -2.612 2.29752 -1.39106 -2.14565 -0.64542 -2.56358 -0.62598 -1.03385 -1.41003 -0.52066 -1.43938 -0.54444 -1.61249 -1.7506 0.74467 -1.3644 -1.73629 1.26071 -0.09807 -1.85432 2.24902 0.05683 -1.37081 0.53271 1.01872 -1.28598 1.01932 2.12981 -1.10176 -0.79225 0.73462 -0.77668 -1.33872 1.52336 -1.45215 -0.94334 -2.612 -2.02238 1.43856 -2.14565,O C C C N H C O N H H H O C C C N H C O N H H H,-7.693,26_UracilUracilpipi
O=c1cc[nH]c(=O)[nH]1,O=c1cc[nH]c(=O)[nH]1,0,0,12,12,26529,S66x8,3057117,-5,66867605,avdz,2.82471,-5.60176,-6.55507,-2.96968,-5.57399,-2.00139,-2.1787400000000003,-9.33213,-7.72035,1.61178,2.79268,-6.55355,-7.091639999999999,-10.85251,2.80667,-6.29055,-6.9944,-10.47828,-6.7454800000000015,-7.16259,-11.11539,-9.50361,-11.97834,5.34124,0.13698,-11.89984,0.15018,-11.80184,16.429289999999998,16.38803,-4.70302,3.41256,-16.491120000000002,0.59565,0.97694,-1.05898,-12.64052,-9.43462,-10.12354,-9.0079,0.92056 2.61108 -0.62598 1.30898 1.45753 -0.52066 1.71451 0.59194 -1.61249 2.02574 -0.69717 -1.3644 2.01142 -1.21321 -0.09807 2.12945 -2.20152 0.05683 1.64595 -0.48521 1.01872 1.56112 -0.97182 2.12981 1.3769 0.83975 0.73462 1.05181 1.38622 1.52336 1.72729 0.99084 -2.612 2.29752 -1.39106 -2.14565 -0.78326 -2.58737 -0.62598 -1.17168 -1.43382 -0.52066 -1.57721 -0.56823 -1.61249 -1.88843 0.72088 -1.3644 -1.87412 1.23691 -0.09807 -1.99215 2.22523 0.05683 -1.50864 0.50891 1.01872 -1.42381 0.99552 2.12981 -1.2396 -0.81604 0.73462 -0.91451 -1.36252 1.52336 -1.58998 -0.96714 -2.612 -2.16021 1.41477 -2.14565,O C C C N H C O N H H H O C C C N H C O N H H H,-9.396,26_UracilUracilpipi
O=c1cc[nH]c(=O)[nH]1,O=c1cc[nH]c(=O)[nH]1,0,0,12,12,26529,S66x8,3057117,0,66867606,avdz,0.05609,-4.51,-5.34967,-2.35612,-4.5827800000000005,-1.65881,-1.80223,-9.80357,-8.54162,1.26196,0.044160000000000005,-5.19462,-5.7463,-10.89676,0.051820000000000005,-5.00395,-5.67394,-10.62607,-5.33376,-5.7991,-11.0887,-9.82674,-8.92337,1.8002200000000002,0.0911,-8.66245,0.10135,-8.79759,9.99934,9.98483,-2.89032,1.87984,-13.03122,0.38252,0.6452899999999999,-0.6096699999999999,-12.42182,-9.75856,-10.40389,-9.37571,0.92056 2.61108 -0.62598 1.30898 1.45753 -0.52066 1.71451 0.59194 -1.61249 2.02574 -0.69717 -1.3644 2.01142 -1.21321 -0.09807 2.12945 -2.20152 0.05683 1.64595 -0.48521 1.01872 1.56112 -0.97182 2.12981 1.3769 0.83975 0.73462 1.05181 1.38622 1.52336 1.72729 0.99084 -2.612 2.29752 -1.39106 -2.14565 -0.92056 -2.61108 -0.62598 -1.30898 -1.45753 -0.52066 -1.71451 -0.59194 -1.61249 -2.02574 0.69717 -1.3644 -2.01142 1.21321 -0.09807 -2.12945 2.20152 0.05683 -1.64595 0.48521 1.01872 -1.56112 0.97182 2.12981 -1.3769 -0.83975 0.73462 -1.05181 -1.38622 1.52336 -1.72729 -0.99084 -2.612 -2.29752 1.39106 -2.14565,O C C C N H C O N H H H O C C C N H C O N H H H,-9.765,26_UracilUracilpipi
O=c1cc[nH]c(=O)[nH]1,O=c1cc[nH]c(=O)[nH]1,0,0,12,12,26529,S66x8,3057117,5,66867607,avdz,-1.4989,-3.62689,-4.37498,-1.8561,-3.77385,-1.3746,-1.49195,-9.50078,-8.50346,0.99731,-1.49553,-4.12395,-4.67034,-10.28982,-1.49251,-3.98474,-4.61621,-10.09346,-4.22553,-4.70983,-10.43089,-9.43358,-6.867839999999998,-0.24761,0.06024,-6.49435,0.06803,-6.78551,6.06382,6.05893,-1.84027,1.04221,-10.36842,0.24358,0.4244600000000001,-0.39073,-11.61086,-9.19827,-10.03479,-8.91625,0.92056 2.61108 -0.62598 1.30898 1.45753 -0.52066 1.71451 0.59194 -1.61249 2.02574 -0.69717 -1.3644 2.01142 -1.21321 -0.09807 2.12945 -2.20152 0.05683 1.64595 -0.48521 1.01872 1.56112 -0.97182 2.12981 1.3769 0.83975 0.73462 1.05181 1.38622 1.52336 1.72729 0.99084 -2.612 2.29752 -1.39106 -2.14565 -1.0577 -2.63475 -0.62598 -1.44612 -1.48121 -0.52066 -1.85165 -0.61561 -1.61249 -2.16288 0.67349 -1.3644 -2.14856 1.18953 -0.09807 -2.26659 2.17784 0.05683 -1.78309 0.46153 1.01872 -1.69826 0.94814 2.12981 -1.51404 -0.86342 0.73462 -1.18895 -1.4099 1.52336 -1.86443 -1.01452 -2.612 -2.43466 1.36738 -2.14565,O C C C N H C O N H H H O C C C N H C O N H H H,-9.406,26_UracilUracilpipi
O=c1cc[nH]c(=O)[nH]1,O=c1cc[nH]c(=O)[nH]1,0,0,12,12,26529,S66x8,3057117,10,66867608,avdz,-2.30726,-2.91522,-3.58762,-1.45168,-3.11505,-1.13943,-1.23641,-8.8101,-8.01343,0.79667,-2.29222,-3.28045,-3.80959,-9.38226,-2.29231,-3.1779,-3.7689,-9.2391,-3.35529,-3.83929,-9.48679,-8.69012,-5.45892,-1.3779,0.03966,-5.02297,0.04548,-5.40935,3.67926,3.67769,-1.2215200000000002,0.58548,-8.310839999999999,0.15413,0.27854,-0.29732,-10.5416,-8.45984,-8.79149,-8.25107,0.92056 2.61108 -0.62598 1.30898 1.45753 -0.52066 1.71451 0.59194 -1.61249 2.02574 -0.69717 -1.3644 2.01142 -1.21321 -0.09807 2.12945 -2.20152 0.05683 1.64595 -0.48521 1.01872 1.56112 -0.97182 2.12981 1.3769 0.83975 0.73462 1.05181 1.38622 1.52336 1.72729 0.99084 -2.612 2.29752 -1.39106 -2.14565 -1.19443 -2.65836 -0.62598 -1.58285 -1.50481 -0.52066 -1.98838 -0.63922 -1.61249 -2.29961 0.64989 -1.3644 -2.28529 1.16593 -0.09807 -2.40332 2.15424 0.05683 -1.91982 0.43792 1.01872 -1.83499 0.92453 2.12981 -1.65077 -0.88703 0.73462 -1.32568 -1.43351 1.52336 -2.00116 -1.03812 -2.612 -2.57139 1.34378 -2.14565,O C C C N H C O N H H H O C C C N H C O N H H H,-8.687999999999999,26_UracilUracilpipi
O=c1cc[nH]c(=O)[nH]1,O=c1cc[nH]c(=O)[nH]1,0,0,12,12,26529,S66x8,3057117,25,66867609,avdz,-2.70885,-1.51165,-2.0142900000000004,-0.6586,-1.7824799999999998,-0.65237,-0.70957,-6.2348,-5.8023099999999985,0.43249,-2.68082,-1.66785,-2.1141400000000004,-6.46281,-2.68412,-1.62407,-2.0964,-6.40458,-1.6998,-2.12708,-6.5077099999999986,-6.07522,-3.21023,-2.2602900000000004,0.01108,-2.7498400000000003,0.0133,-3.20715,0.85316,0.8531299999999999,-0.45913,0.11671,-4.46482,0.03815,0.07782,-0.24622,-7.29148,-5.979030000000002,-6.1295199999999985,-5.85619,0.92056 2.61108 -0.62598 1.30898 1.45753 -0.52066 1.71451 0.59194 -1.61249 2.02574 -0.69717 -1.3644 2.01142 -1.21321 -0.09807 2.12945 -2.20152 0.05683 1.64595 -0.48521 1.01872 1.56112 -0.97182 2.12981 1.3769 0.83975 0.73462 1.05181 1.38622 1.52336 1.72729 0.99084 -2.612 2.29752 -1.39106 -2.14565 -1.60314 -2.72892 -0.62598 -1.99157 -1.57537 -0.52066 -2.3971 -0.70978 -1.61249 -2.70832 0.57933 -1.3644 -2.69401 1.09536 -0.09807 -2.81204 2.08368 0.05683 -2.32853 0.36736 1.01872 -2.2437 0.85397 2.12981 -2.05948 -0.95759 0.73462 -1.7344 -1.50407 1.52336 -2.40987 -1.10869 -2.612 -2.9801 1.27322 -2.14565,O C C C N H C O N H H H O C C C N H C O N H H H,-6.11,26_UracilUracilpipi
O=c1cc[nH]c(=O)[nH]1,O=c1cc[nH]c(=O)[nH]1,0,0,12,12,26529,S66x8,3057117,50,66867610,avdz,-1.86703,-0.50593,-0.82788,-0.12023,-0.7599199999999999,-0.2703,-0.2967,-3.20083,-3.01747,0.18336,-1.85589,-0.5524399999999999,-0.85854,-3.26687,-1.85713,-0.53854,-0.8536,-3.24928,-0.5625899999999999,-0.86215,-3.28062,-3.09726,-1.77758,-1.6932900000000002,0.00129,-1.4322,0.0016600000000000002,-1.78286,0.09995,0.09995,-0.16055999999999998,0.013030000000000002,-1.80157,0.00381,0.00901,-0.16158,-3.780780000000001,-3.04575,-3.13153,-2.95521,0.92056 2.61108 -0.62598 1.30898 1.45753 -0.52066 1.71451 0.59194 -1.61249 2.02574 -0.69717 -1.3644 2.01142 -1.21321 -0.09807 2.12945 -2.20152 0.05683 1.64595 -0.48521 1.01872 1.56112 -0.97182 2.12981 1.3769 0.83975 0.73462 1.05181 1.38622 1.52336 1.72729 0.99084 -2.612 2.29752 -1.39106 -2.14565 -2.28092 -2.84594 -0.62598 -2.66934 -1.69239 -0.52066 -3.07487 -0.8268 -1.61249 -3.3861 0.46231 -1.3644 -3.37178 0.97835 -0.09807 -3.48982 1.96666 0.05683 -3.00631 0.25035 1.01872 -2.92148 0.73696 2.12981 -2.73726 -1.07461 0.73462 -2.41217 -1.62108 1.52336 -3.08765 -1.2257 -2.612 -3.65788 1.1562 -2.14565,O C C C N H C O N H H H O C C C N H C O N H H H,-3.138,26_UracilUracilpipi
O=c1cc[nH]c(=O)[nH]1,O=c1cc[nH]c(=O)[nH]1,0,0,12,12,26529,S66x8,3057117,100,66867611,avdz,-0.8006300000000001,-0.03814,-0.18524,0.07188,-0.19095,-0.06151,-0.06975,-1.02401,-0.98121,0.0428,-0.80004,-0.04355,-0.1879,-1.03149,-0.80004,-0.04007,-0.18722,-1.02734,-0.04609,-0.18839,-1.03452,-0.99172,-0.75854,-0.75773,2e-05,-0.58848,3e-05,-0.7592800000000001,0.00307,0.00307,-0.041510000000000005,0.0002,-0.4179100000000001,6e-05,0.00014,-0.03668,-1.2519,-1.01921,-1.04974,-0.98704,0.92056 2.61108 -0.62598 1.30898 1.45753 -0.52066 1.71451 0.59194 -1.61249 2.02574 -0.69717 -1.3644 2.01142 -1.21321 -0.09807 2.12945 -2.20152 0.05683 1.64595 -0.48521 1.01872 1.56112 -0.97182 2.12981 1.3769 0.83975 0.73462 1.05181 1.38622 1.52336 1.72729 0.99084 -2.612 2.29752 -1.39106 -2.14565 -3.62955 -3.07877 -0.62598 -4.01798 -1.92522 -0.52066 -4.42351 -1.05963 -1.61249 -4.73473 0.22948 -1.3644 -4.72042 0.74552 -0.09807 -4.83845 1.73383 0.05683 -4.35494 0.01751 1.01872 -4.27011 0.50412 2.12981 -4.08589 -1.30744 0.73462 -3.76081 -1.85392 1.52336 -4.43628 -1.45853 -2.612 -5.00651 0.92337 -2.14565,O C C C N H C O N H H H O C C C N H C O N H H H,-1.013,26_UracilUracilpipi
c1ccccc1,c1cccnc1,0,0,12,11,16225,S66x8,3057527,-10,66870884,avdz,13.0384,-8.40356,-7.54862,-4.92116,-5.17809,-2.02429,-2.04338,-2.91379,0.91486,3.82864,13.08719,-9.3125,-8.08619,-4.3115,13.09642,-9.07376,-7.9898,-3.96714,-9.48672,-8.15652,-4.55605,-0.72741,-10.6014,16.065939999999998,0.23818000000000006,-9.80615,0.21826,-10.45032,26.50581,26.26349,-7.62927,7.5667,-20.00205,1.25896,1.87912,-3.21672,-4.08777,-1.2271299999999998,-2.91419,-0.36194,0.81875 0.86417 0.18829 1.369 -0.39052 -0.0667 0.53438 -1.48849 -0.27189 -0.84912 -1.33051 -0.2199 -1.39949 -0.07603 0.04043 -0.56529 1.0214 0.24228 1.46611 1.71667 0.34472 2.44304 -0.51186 -0.11057 0.96085 -2.46156 -0.47551 -1.49707 -2.18186 -0.37955 -2.47269 0.04491 0.09338 -0.99256 1.99366 0.44626 -0.27881 1.40068 3.44496 0.52215 0.2837 3.23074 -0.09841 -0.92495 2.93708 -1.48892 -0.96299 2.87163 -2.27591 0.10217 3.07472 -1.66102 1.25983 3.35479 0.15304 2.36433 3.67617 1.59971 0.35409 3.28558 0.47737 -1.82057 2.75301 -1.99777 -1.89144 2.64279 -2.30863 2.11301 3.5173,C C C C C C H H H H H H C C C C N C H H H H H,-0.463,27_BenzenePyridinepipi
c1ccccc1,c1cccnc1,0,0,12,11,16225,S66x8,3057527,-5,66870885,avdz,7.82322,-6.49671,-5.87451,-3.78955,-4.05578,-1.58684,-1.59478,-4.54799,-1.60894,2.93905,7.853280000000002,-7.08025,-6.2392699999999985,-5.46624,7.85809,-6.921310000000001,-6.171130000000002,-5.23435,-7.19624,-6.28899,-5.63195,-2.6929,-6.11201,9.59493,0.15425999999999998,-5.69232,0.14136,-5.93185,15.28764,15.20393,-4.04401,3.94108,-14.90403,0.78515,1.212,-1.67228,-5.3263,-3.18346,-4.05658,-2.45636,0.81875 0.86417 0.18829 1.369 -0.39052 -0.0667 0.53438 -1.48849 -0.27189 -0.84912 -1.33051 -0.2199 -1.39949 -0.07603 0.04043 -0.56529 1.0214 0.24228 1.46611 1.71667 0.34472 2.44304 -0.51186 -0.11057 0.96085 -2.46156 -0.47551 -1.49707 -2.18186 -0.37955 -2.47269 0.04491 0.09338 -0.99256 1.99366 0.44626 -0.32761 1.42457 3.62249 0.47334 0.30759 3.40828 -0.14721 -0.90106 3.11462 -1.53773 -0.9391 3.04917 -2.32471 0.12606 3.25226 -1.70983 1.28372 3.53232 0.10424 2.38822 3.85371 1.55091 0.37798 3.46311 0.42856 -1.79668 2.93054 -2.04658 -1.86755 2.82033 -2.35743 2.1369 3.69483,C C C C C C H H H H H H C C C C N C H H H H H,-2.523,27_BenzenePyridinepipi
c1ccccc1,c1cccnc1,0,0,12,11,16225,S66x8,3057527,0,66870886,avdz,4.73182,-5.053719999999998,-4.59721,-2.93411,-3.18925,-1.25034,-1.25233,-4.9191,-2.64188,2.27722,4.73525,-5.42572,-4.84577,-5.53624,4.73832,-5.32035,-4.7975900000000005,-5.37962,-5.50261,-4.88092,-5.6482800000000015,-3.37107,-3.4781,5.78806,0.09952,-3.2793400000000004,0.09127,-3.3260300000000003,8.74497,8.71711,-2.20021,2.0676,-11.21992,0.48499,0.7804399999999999,-0.7909999999999999,-5.45916,-3.68484,-4.27275,-3.22421,0.81875 0.86417 0.18829 1.369 -0.39052 -0.0667 0.53438 -1.48849 -0.27189 -0.84912 -1.33051 -0.2199 -1.39949 -0.07603 0.04043 -0.56529 1.0214 0.24228 1.46611 1.71667 0.34472 2.44304 -0.51186 -0.11057 0.96085 -2.46156 -0.47551 -1.49707 -2.18186 -0.37955 -2.47269 0.04491 0.09338 -0.99256 1.99366 0.44626 -0.37575 1.44814 3.7976 0.4252 0.33116 3.58339 -0.19535 -0.8775 3.28973 -1.58587 -0.91554 3.22428 -2.37285 0.14962 3.42737 -1.75797 1.30729 3.70743 0.0561 2.41179 4.02882 1.50277 0.40154 3.63822 0.38042 -1.77312 3.10565 -2.09472 -1.84399 2.99544 -2.40557 2.16046 3.86994,C C C C C C H H H H H H C C C C N C H H H H H,-3.265,27_BenzenePyridinepipi
c1ccccc1,c1cccnc1,0,0,12,11,16225,S66x8,3057527,5,66870887,avdz,2.88702,-3.95286,-3.61491,-2.28391,-2.5160400000000003,-0.98882,-0.98786,-4.68075,-2.90175,1.779,2.87059,-4.1889699999999985,-3.78568,-5.10406,2.87258,-4.11981,-3.75178,-4.999,-4.23944,-3.81042,-5.17927,-3.4002800000000004,-1.93794,3.53196,0.06387999999999999,-1.86649,0.05868,-1.82986,4.9714,4.96254,-1.23757,1.09526,-8.52655,0.29719,0.50159,-0.34012,-5.06865,-3.67597,-4.09859,-3.29641,0.81875 0.86417 0.18829 1.369 -0.39052 -0.0667 0.53438 -1.48849 -0.27189 -0.84912 -1.33051 -0.2199 -1.39949 -0.07603 0.04043 -0.56529 1.0214 0.24228 1.46611 1.71667 0.34472 2.44304 -0.51186 -0.11057 0.96085 -2.46156 -0.47551 -1.49707 -2.18186 -0.37955 -2.47269 0.04491 0.09338 -0.99256 1.99366 0.44626 -0.42341 1.47147 3.97098 0.37754 0.35449 3.75676 -0.24301 -0.85417 3.4631 -1.63353 -0.89221 3.39765 -2.42052 0.17295 3.60074 -1.80563 1.33062 3.8808 0.00843 2.43512 4.20219 1.45511 0.42487 3.8116 0.33276 -1.74979 3.27903 -2.14238 -1.82066 3.16881 -2.45323 2.18379 4.04332,C C C C C C H H H H H H C C C C N C H H H H H,-3.338,27_BenzenePyridinepipi
c1ccccc1,c1cccnc1,0,0,12,11,16225,S66x8,3057527,10,66870888,avdz,1.7817900000000002,-3.10987,-2.857,-1.78846,-1.99224,-0.78471,-0.78249,-4.18508,-2.78363,1.40146,1.7545099999999998,-3.2597,-2.97588,-4.48107,1.7556,-3.215,-2.9521900000000003,-4.411580000000002,-3.29232,-2.99317,-4.5309800000000005,-3.12953,-1.04646,2.1885,0.04083,-1.04575,0.03759,-0.97882,2.82484,2.8221700000000003,-0.72588,0.58812,-6.54243,0.18129,0.32197,-0.14082999999999998,-4.47173,-3.25396,-3.57815,-2.98216,0.81875 0.86417 0.18829 1.369 -0.39052 -0.0667 0.53438 -1.48849 -0.27189 -0.84912 -1.33051 -0.2199 -1.39949 -0.07603 0.04043 -0.56529 1.0214 0.24228 1.46611 1.71667 0.34472 2.44304 -0.51186 -0.11057 0.96085 -2.46156 -0.47551 -1.49707 -2.18186 -0.37955 -2.47269 0.04491 0.09338 -0.99256 1.99366 0.44626 -0.47061 1.49457 4.14264 0.33034 0.37759 3.92843 -0.29021 -0.83107 3.63477 -1.68072 -0.86911 3.56932 -2.46771 0.19605 3.77241 -1.85282 1.35372 4.05247 -0.03876 2.45822 4.37386 1.40791 0.44797 3.98326 0.28557 -1.72669 3.45069 -2.18957 -1.79756 3.34047 -2.50043 2.20689 4.21498,C C C C C C H H H H H H C C C C N C H H H H H,-3.096,27_BenzenePyridinepipi
c1ccccc1,c1cccnc1,0,0,12,11,16225,S66x8,3057527,25,66870889,avdz,0.45982,-1.56976,-1.45489,-0.8929,-1.01329,-0.40045,-0.39833,-2.56482,-1.84682,0.718,0.43074,-1.60808,-1.49904,-2.67639,0.43152,-1.59782,-1.49124,-2.65754,-1.6155700000000002,-1.50474,-2.68957,-1.97157,-0.0934,0.5879300000000001,0.01046,-0.15392999999999998,0.0097,-0.08812,0.55345,0.5534,-0.1958,0.1009,-3.12166,0.04103,0.08412,-0.0723,-2.69838,-2.0221400000000003,-2.19982,-1.88378,0.81875 0.86417 0.18829 1.369 -0.39052 -0.0667 0.53438 -1.48849 -0.27189 -0.84912 -1.33051 -0.2199 -1.39949 -0.07603 0.04043 -0.56529 1.0214 0.24228 1.46611 1.71667 0.34472 2.44304 -0.51186 -0.11057 0.96085 -2.46156 -0.47551 -1.49707 -2.18186 -0.37955 -2.47269 0.04491 0.09338 -0.99256 1.99366 0.44626 -0.61014 1.56286 4.65019 0.19081 0.44588 4.43597 -0.42974 -0.76277 4.14231 -1.82025 -0.80081 4.07686 -2.60724 0.26435 4.27995 -1.99235 1.42202 4.56002 -0.17829 2.52651 4.8814 1.26838 0.51627 4.49081 0.14604 -1.65839 3.95824 -2.3291 -1.72926 3.84802 -2.63996 2.27519 4.72253,C C C C C C H H H H H H C C C C N C H H H H H,-1.976,27_BenzenePyridinepipi
c1ccccc1,c1cccnc1,0,0,12,11,16225,S66x8,3057527,50,66870890,avdz,0.06023,-0.52408,-0.48459,-0.29597,-0.33256,-0.13104000000000002,-0.13054000000000002,-0.94843,-0.69934,0.2491,0.04644,-0.52331,-0.49335,-0.97022,0.04857,-0.52347,-0.49197,-0.96688,-0.5231899999999999,-0.49436,-0.9711,-0.722,0.04261,0.08807999999999999,0.0009,0.00242,0.00084,0.03961,0.05252,0.05252,-0.04182,0.00496,-0.97997,0.00303,0.00713,-0.06455,-0.97909,-0.7620100000000001,-0.85303,-0.6702600000000001,0.81875 0.86417 0.18829 1.369 -0.39052 -0.0667 0.53438 -1.48849 -0.27189 -0.84912 -1.33051 -0.2199 -1.39949 -0.07603 0.04043 -0.56529 1.0214 0.24228 1.46611 1.71667 0.34472 2.44304 -0.51186 -0.11057 0.96085 -2.46156 -0.47551 -1.49707 -2.18186 -0.37955 -2.47269 0.04491 0.09338 -0.99256 1.99366 0.44626 -0.85952 1.68493 5.55731 -0.05856 0.56795 5.3431 -0.67912 -0.6407 5.04944 -2.06963 -0.67874 4.98399 -2.85662 0.38642 5.18708 -2.24173 1.54408 5.46714 -0.42767 2.64858 5.78853 1.019 0.63834 5.39793 -0.10334 -1.53632 4.86536 -2.57848 -1.60719 4.75515 -2.88933 2.39725 5.62965,C C C C C C H H H H H H C C C C N C H H H H H,-0.735,27_BenzenePyridinepipi
c1ccccc1,c1cccnc1,0,0,12,11,16225,S66x8,3057527,100,66870891,avdz,-0.01285,-0.0942,-0.08606,-0.05247,-0.05742000000000001,-0.02222,-0.02229,-0.1931,-0.14495999999999998,0.04815,-0.01432,-0.09228,-0.08645,-0.19304,-0.01409,-0.09238,-0.08624,-0.19271,-0.09221,-0.0866,-0.19313,-0.14498,-0.00877,-0.00851,1e-05,-0.01815,1e-05,-0.00861,0.001,0.001,-0.00596,-1e-05,-0.16885999999999998,2e-05,7e-05,-0.01544,-0.19779,-0.1655,-0.1951,-0.13203,0.81875 0.86417 0.18829 1.369 -0.39052 -0.0667 0.53438 -1.48849 -0.27189 -0.84912 -1.33051 -0.2199 -1.39949 -0.07603 0.04043 -0.56529 1.0214 0.24228 1.46611 1.71667 0.34472 2.44304 -0.51186 -0.11057 0.96085 -2.46156 -0.47551 -1.49707 -2.18186 -0.37955 -2.47269 0.04491 0.09338 -0.99256 1.99366 0.44626 -1.34157 1.92089 7.31082 -0.54062 0.80391 7.0966 -1.16117 -0.40474 6.80294 -2.55169 -0.44278 6.73749 -3.33867 0.62238 6.94058 -2.72379 1.78004 7.22065 -0.90972 2.88454 7.54203 0.53695 0.8743 7.15144 -0.5854 -1.30036 6.61887 -3.06054 -1.37123 6.50865 -3.37139 2.63322 7.38316,C C C C C C H H H H H H C C C C N C H H H H H,-0.151,27_BenzenePyridinepipi
O=c1cc[nH]c(=O)[nH]1,c1ccccc1,0,0,12,12,26561,S66x8,3057504,-10,66870700,avdz,11.71491,-8.30788,-8.04594,-4.98505,-6.0259800000000014,-2.24583,-2.39716,-4.63891,-1.54195,3.09696,11.68806,-9.37128,-8.66072,-6.34394,11.68935,-9.08685,-8.54925,-5.94676,-9.57884,-8.74206,-6.63284,-3.53588,-13.14306,14.9833,0.22174,-12.43197,0.21991,-13.01527,27.86248,27.64034,-9.64883,8.916360000000003,-21.1478,1.17496,1.7585099999999998,-2.90981,-7.0094,-2.61668,-4.1271,-2.09707,1.79553 1.62856 2.87208 1.10462 0.63414 3.01691 1.58352 -0.69994 3.33502 0.70381 -1.71432 3.46124 -0.64143 -1.52929 3.29115 -1.29018 -2.29185 3.39002 -1.21588 -0.30449 2.99173 -2.41367 -0.15367 2.84962 -0.28752 0.70712 2.8849 -0.66083 1.60888 2.62201 2.64058 -0.85216 3.46914 1.00974 -2.72274 3.69776 0.82577 1.23652 -0.04025 1.30016 -0.06294 0.12726 0.40352 -1.12855 0.19824 -0.96781 -0.89519 0.10314 -1.44351 0.40448 -0.06244 -0.54576 1.46877 -0.13625 1.52101 2.06313 -0.08247 2.36366 -0.24226 0.20767 0.77375 -2.13743 0.32412 -1.66521 -1.71998 0.16043 -2.50751 0.5855 -0.12415 -0.91422 2.47742 -0.26786,O C C C N H C O N H H H C C C C C C H H H H H H,-3.278,28_BenzeneUracilpipi
O=c1cc[nH]c(=O)[nH]1,c1ccccc1,0,0,12,12,26561,S66x8,3057504,-5,66870701,avdz,6.8132600000000005,-6.60945,-6.43824,-3.95787,-4.85326,-1.82193,-1.93859,-6.2344300000000015,-3.81981,2.41463,6.79035,-7.341469999999998,-6.8792800000000005,-7.4304,6.7911,-7.14255,-6.79794,-7.14939,-7.486639999999999,-6.93863,-7.63492,-5.22029,-8.57165,8.90085,0.14878,-8.01229,0.14823,-8.41286,17.03742,16.95129,-5.5799400000000015,4.99293,-16.33491,0.75845,1.16931,-1.67593,-8.045539999999999,-4.87317,-6.05852,-4.19555,1.8014 1.61207 3.02693 1.11049 0.61765 3.17176 1.58939 -0.71643 3.48987 0.70968 -1.73081 3.61609 -0.63557 -1.54578 3.44599 -1.28431 -2.30834 3.54486 -1.21001 -0.32098 3.14658 -2.4078 -0.17015 3.00447 -0.28166 0.69064 3.03975 -0.65496 1.5924 2.77685 2.64644 -0.86865 3.62399 1.01561 -2.73923 3.85261 0.82577 1.23652 -0.04025 1.30016 -0.06294 0.12726 0.40352 -1.12855 0.19824 -0.96781 -0.89519 0.10314 -1.44351 0.40448 -0.06244 -0.54576 1.46877 -0.13625 1.52101 2.06313 -0.08247 2.36366 -0.24226 0.20767 0.77375 -2.13743 0.32412 -1.66521 -1.71998 0.16043 -2.50751 0.5855 -0.12415 -0.91422 2.47742 -0.26786,O C C C N H C O N H H H C C C C C C H H H H H H,-5.041,28_BenzeneUracilpipi
O=c1cc[nH]c(=O)[nH]1,c1ccccc1,0,0,12,12,26561,S66x8,3057504,0,66870702,avdz,3.81529,-5.26622,-5.1617,-3.14292,-3.91217,-1.47982,-1.57093,-6.61263,-4.71962,1.89301,3.79308,-5.77087,-5.4796,-7.457389999999998,3.79423,-5.6322199999999984,-5.42028,-7.258260000000001,-5.87206,-5.522880000000002,-7.60186,-5.70885,-5.63579,5.17631,0.09914,-5.18756,0.09929,-5.49364,10.30544,10.27322,-3.27021,2.78768,-12.69683,0.48367,0.77275,-0.91606,-8.0272,-5.40977,-6.20941,-4.89951,1.80725 1.59562 3.18144 1.11634 0.6012 3.32628 1.59524 -0.73288 3.64439 0.71553 -1.74726 3.77061 -0.62971 -1.56223 3.60051 -1.27846 -2.32479 3.69938 -1.20416 -0.33743 3.3011 -2.40195 -0.18661 3.15899 -0.2758 0.67418 3.19427 -0.64911 1.57594 2.93137 2.65229 -0.8851 3.77851 1.02146 -2.75568 4.00713 0.82577 1.23652 -0.04025 1.30016 -0.06294 0.12726 0.40352 -1.12855 0.19824 -0.96781 -0.89519 0.10314 -1.44351 0.40448 -0.06244 -0.54576 1.46877 -0.13625 1.52101 2.06313 -0.08247 2.36366 -0.24226 0.20767 0.77375 -2.13743 0.32412 -1.66521 -1.71998 0.16043 -2.50751 0.5855 -0.12415 -0.91422 2.47742 -0.26786,O C C C N H C O N H H H C C C C C C H H H H H H,-5.587999999999999,28_BenzeneUracilpipi
O=c1cc[nH]c(=O)[nH]1,c1ccccc1,0,0,12,12,26561,S66x8,3057504,5,66870703,avdz,2.00334,-4.20245,-4.1458,-2.49716,-3.15599,-1.2023700000000002,-1.27432,-6.34491,-4.85219,1.49273,1.98494,-4.55187,-4.37636,-6.943289999999998,1.98617,-4.45581,-4.33324,-6.80287,-4.6219800000000015,-4.4078300000000015,-7.04487,-5.5521400000000005,-3.74598,2.91441,0.06554,-3.3806300000000005,0.06602999999999999,-3.63936,6.17511,6.16349,-1.95385,1.55679,-9.92924,0.30503,0.50778,-0.48902,-7.46675,-5.40393,-5.99298,-4.99228,1.81311 1.57917 3.33596 1.1222 0.58474 3.4808 1.6011 -0.74933 3.79891 0.72139 -1.76371 3.92513 -0.62386 -1.57868 3.75503 -1.27261 -2.34124 3.8539 -1.19831 -0.35388 3.45562 -2.3961 -0.20306 3.31351 -0.26995 0.65773 3.34879 -0.64326 1.55949 3.08589 2.65815 -0.90155 3.93303 1.02731 -2.77214 4.16165 0.82577 1.23652 -0.04025 1.30016 -0.06294 0.12726 0.40352 -1.12855 0.19824 -0.96781 -0.89519 0.10314 -1.44351 0.40448 -0.06244 -0.54576 1.46877 -0.13625 1.52101 2.06313 -0.08247 2.36366 -0.24226 0.20767 0.77375 -2.13743 0.32412 -1.66521 -1.71998 0.16043 -2.50751 0.5855 -0.12415 -0.91422 2.47742 -0.26786,O C C C N H C O N H H H C C C C C C H H H H H H,-5.475,28_BenzeneUracilpipi
O=c1cc[nH]c(=O)[nH]1,c1ccccc1,0,0,12,12,26561,S66x8,3057504,10,66870704,avdz,0.92987,-3.3621800000000004,-3.33867,-1.98786,-2.55013,-0.97761,-1.03504,-5.7709800000000016,-4.5857199999999985,1.18526,0.91925,-3.60615,-3.5073199999999995,-6.19422,0.92007,-3.54003,-3.4760800000000005,-6.09604,-3.65439,-3.53012,-6.26526,-5.08001,-2.52953,1.56111,0.04304,-2.22729,0.04365,-2.45965,3.68263,3.67858,-1.1989299999999998,0.87359,-7.81787,0.19086,0.3323,-0.2727,-6.669760000000001,-4.99035,-5.28326,-4.62355,1.81895 1.56274 3.49022 1.12804 0.56832 3.63505 1.60694 -0.76576 3.95316 0.72723 -1.78014 4.07938 -0.61802 -1.59511 3.90929 -1.26676 -2.35767 4.00815 -1.19246 -0.37031 3.60987 -2.39025 -0.21948 3.46776 -0.26411 0.64131 3.50304 -0.63742 1.54307 3.24014 2.66399 -0.91797 4.08728 1.03316 -2.78856 4.3159 0.82577 1.23652 -0.04025 1.30016 -0.06294 0.12726 0.40352 -1.12855 0.19824 -0.96781 -0.89519 0.10314 -1.44351 0.40448 -0.06244 -0.54576 1.46877 -0.13625 1.52101 2.06313 -0.08247 2.36366 -0.24226 0.20767 0.77375 -2.13743 0.32412 -1.66521 -1.71998 0.16043 -2.50751 0.5855 -0.12415 -0.91422 2.47742 -0.26786,O C C C N H C O N H H H C C C C C C H H H H H H,-5.034,28_BenzeneUracilpipi
O=c1cc[nH]c(=O)[nH]1,c1ccccc1,0,0,12,12,26561,S66x8,3057504,25,66870705,avdz,-0.21069,-1.7588,-1.77788,-1.02328,-1.3643299999999998,-0.5291899999999999,-0.55998,-3.74738,-3.1275,0.61988,-0.19471,-1.84758,-1.84805,-3.89034,-0.19562,-1.82678,-1.83622,-3.85862,-1.86276,-1.85669,-3.91416,-3.29428,-0.88297,0.05304,0.01175,-0.7022,0.01218,-0.88023,0.79799,0.79784,-0.34004,0.16374,-3.97626,0.04563,0.09093,-0.13418,-4.2324199999999985,-3.21334,-3.39162,-3.0217,1.83645 1.51356 3.95216 1.14554 0.51914 4.097 1.62444 -0.81494 4.41511 0.74473 -1.82932 4.54133 -0.60052 -1.64429 4.37123 -1.24927 -2.40685 4.4701 -1.17497 -0.41949 4.07182 -2.37275 -0.26867 3.92971 -0.24661 0.59212 3.96498 -0.61992 1.49388 3.70209 2.68149 -0.96716 4.54923 1.05066 -2.83774 4.77785 0.82577 1.23652 -0.04025 1.30016 -0.06294 0.12726 0.40352 -1.12855 0.19824 -0.96781 -0.89519 0.10314 -1.44351 0.40448 -0.06244 -0.54576 1.46877 -0.13625 1.52101 2.06313 -0.08247 2.36366 -0.24226 0.20767 0.77375 -2.13743 0.32412 -1.66521 -1.71998 0.16043 -2.50751 0.5855 -0.12415 -0.91422 2.47742 -0.26786,O C C C N H C O N H H H C C C C C C H H H H H H,-3.2960000000000003,28_BenzeneUracilpipi
O=c1cc[nH]c(=O)[nH]1,c1ccccc1,0,0,12,12,26561,S66x8,3057504,50,66870706,avdz,-0.24102,-0.66457,-0.6782100000000001,-0.38202,-0.51777,-0.20228,-0.21488,-1.58379,-1.3430799999999998,0.24071,-0.22216,-0.682,-0.69727,-1.60143,-0.22415,-0.6791,-0.6944600000000001,-1.5977,-0.68412,-0.69933,-1.6056,-1.36489,-0.22924,-0.14697000000000002,0.00128,-0.14935,0.0013800000000000002,-0.238,0.08886000000000001,0.08886000000000001,-0.08037000000000001,0.01313,-1.47392,0.00434,0.00991,-0.10275,-1.7788099999999998,-1.32873,-1.42893,-1.23261,1.86554 1.43178 4.7202 1.17463 0.43736 4.86504 1.65353 -0.89672 5.18315 0.77382 -1.9111 5.30936 -0.57143 -1.72607 5.13927 -1.22017 -2.48863 5.23814 -1.14587 -0.50127 4.83986 -2.34366 -0.35044 4.69774 -0.21752 0.51035 4.73302 -0.59082 1.41211 4.47013 2.71058 -1.04893 5.31727 1.07975 -2.91952 5.54589 0.82577 1.23652 -0.04025 1.30016 -0.06294 0.12726 0.40352 -1.12855 0.19824 -0.96781 -0.89519 0.10314 -1.44351 0.40448 -0.06244 -0.54576 1.46877 -0.13625 1.52101 2.06313 -0.08247 2.36366 -0.24226 0.20767 0.77375 -2.13743 0.32412 -1.66521 -1.71998 0.16043 -2.50751 0.5855 -0.12415 -0.91422 2.47742 -0.26786,O C C C N H C O N H H H C C C C C C H H H H H H,-1.38,28_BenzeneUracilpipi
O=c1cc[nH]c(=O)[nH]1,c1ccccc1,0,0,12,12,26561,S66x8,3057504,100,66870707,avdz,-0.0174,-0.14758,-0.14076,-0.09055,-0.10431,-0.04193,-0.04521,-0.30574,-0.25419,0.05155,-0.016630000000000002,-0.14407,-0.14172,-0.30242,-0.01733,-0.14454,-0.14135,-0.30322,-0.14373,-0.14198,-0.30234,-0.25079,-0.00348,-0.00263,2e-05,0.008320000000000001,2e-05,-0.00436,0.00229,0.00229,-0.0141,5e-05,-0.30146,5e-05,0.00013000000000000002,-0.02874,-0.34614,-0.26003000000000004,-0.29771,-0.21988,1.92358 1.26864 6.25244 1.23267 0.27422 6.39727 1.71157 -1.05986 6.71538 0.83186 -2.07424 6.8416 -0.51339 -1.88921 6.67151 -1.16213 -2.65177 6.77038 -1.08783 -0.66441 6.37209 -2.28562 -0.51358 6.22998 -0.15948 0.34721 6.26526 -0.53278 1.24897 6.00237 2.76862 -1.21207 6.8495 1.13779 -3.08266 7.07812 0.82577 1.23652 -0.04025 1.30016 -0.06294 0.12726 0.40352 -1.12855 0.19824 -0.96781 -0.89519 0.10314 -1.44351 0.40448 -0.06244 -0.54576 1.46877 -0.13625 1.52101 2.06313 -0.08247 2.36366 -0.24226 0.20767 0.77375 -2.13743 0.32412 -1.66521 -1.71998 0.16043 -2.50751 0.5855 -0.12415 -0.91422 2.47742 -0.26786,O C C C N H C O N H H H C C C C C C H H H H H H,-0.26,28_BenzeneUracilpipi
O=c1cc[nH]c(=O)[nH]1,c1cccnc1,0,0,12,11,26562,S66x8,3057513,-10,66870772,avdz,12.26369,-8.554160000000001,-8.47462,-4.95655,-6.39941,-2.36889,-2.53626,-4.76509,-1.46116,3.3039300000000003,12.18969,-9.75574,-9.15447,-6.72052,12.19329,-9.42955,-9.03005,-6.26631,-9.99377,-9.24526,-7.049339999999999,-3.74541,-15.67989,16.13616,0.24316,-14.95713,0.24331,-15.53105,31.32462,31.07292,-10.4017,9.52138,-22.47547,1.26223,1.8638,-3.18687,-7.62305,-2.9190400000000003,-4.13983,-2.31233,-1.78574 1.72319 2.90638 -0.74586 1.09499 3.02123 0.57364 1.65407 3.2488 1.64351 0.83538 3.32032 1.52545 -0.52191 3.20776 2.33889 -1.1141 3.19959 0.325 -1.16914 2.98138 0.23287 -2.37456 2.8478 -0.74611 -0.30282 2.92822 -1.641 -0.73468 2.74362 0.67495 2.7213 3.34466 2.64739 1.20405 3.46874 -0.75131 -1.30865 -0.08883 -1.54787 -0.16994 -0.15647 -0.94362 1.07064 0.01982 0.42772 1.11611 0.25735 1.21076 0.02868 0.32971 0.61193 -1.15845 0.15345 -1.17042 -2.29687 -0.21338 -2.61101 -0.24595 -0.33876 -1.51881 1.9845 -0.01164 0.92469 2.06805 0.39755 1.25148 -2.02952 0.21929,O C C C N H C O N H H H C C C C N C H H H H H,-3.46,29_PyridineUracilpipi
O=c1cc[nH]c(=O)[nH]1,c1cccnc1,0,0,12,11,26562,S66x8,3057513,-5,66870773,avdz,5.91604,-6.51794,-6.52599,-3.7539,-4.97504,-1.84984,-1.9726,-7.1279,-4.662730000000002,2.46517,5.86416,-7.29897,-6.9861,-8.4209,5.86643,-7.08127,-6.899710000000002,-8.11455,-7.45783,-7.04915,-8.64281,-6.17764,-10.02974,8.20193,0.15252000000000002,-9.40982,0.15366,-9.86405,17.65638,17.57327,-5.41412,4.75853,-16.63745,0.76035,1.15934,-1.6736,-9.25463,-5.54345,-6.77358,-5.03924,-1.77 1.73221 3.08289 -0.73011 1.10401 3.19774 0.58938 1.66309 3.4253 1.65926 0.8444 3.49682 1.5412 -0.51289 3.38426 2.35463 -1.10508 3.3761 0.34075 -1.16013 3.15788 0.24861 -2.36554 3.0243 -0.73037 -0.2938 3.10472 -1.62526 -0.72566 2.92012 0.6907 2.73031 3.52117 2.66314 1.21306 3.64525 -0.75131 -1.30865 -0.08883 -1.54787 -0.16994 -0.15647 -0.94362 1.07064 0.01982 0.42772 1.11611 0.25735 1.21076 0.02868 0.32971 0.61193 -1.15845 0.15345 -1.17042 -2.29687 -0.21338 -2.61101 -0.24595 -0.33876 -1.51881 1.9845 -0.01164 0.92469 2.06805 0.39755 1.25148 -2.02952 0.21929,O C C C N H C O N H H H C C C C N C H H H H H,-5.99,29_PyridineUracilpipi
O=c1cc[nH]c(=O)[nH]1,c1cccnc1,0,0,12,11,26562,S66x8,3057513,0,66870774,avdz,2.37955,-4.98986,-5.05409,-2.84839,-3.88379,-1.45088,-1.5427799999999998,-7.6644,-5.80351,1.86089,2.34081,-5.500380000000002,-5.36803,-8.52759,2.34302,-5.35414,-5.30757,-8.31869,-5.6071,-5.41215,-8.67843,-6.817539999999998,-6.67727,3.77873,0.09526,-6.133369999999998,0.0967,-6.54338,9.88759,9.86097,-2.89797,2.38754,-12.46218,0.45292,0.7186100000000001,-0.84004,-9.29691,-6.4128300000000005,-7.5808399999999985,-5.95579,-1.75446 1.74111 3.257 -0.71458 1.11291 3.37185 0.60491 1.67199 3.59941 1.67479 0.85329 3.67093 1.55673 -0.504 3.55838 2.37016 -1.09619 3.55021 0.35628 -1.15123 3.33199 0.26414 -2.35665 3.19841 -0.71483 -0.2849 3.27884 -1.60972 -0.71677 3.09423 0.70623 2.73921 3.69528 2.67867 1.22196 3.81936 -0.75131 -1.30865 -0.08883 -1.54787 -0.16994 -0.15647 -0.94362 1.07064 0.01982 0.42772 1.11611 0.25735 1.21076 0.02868 0.32971 0.61193 -1.15845 0.15345 -1.17042 -2.29687 -0.21338 -2.61101 -0.24595 -0.33876 -1.51881 1.9845 -0.01164 0.92469 2.06805 0.39755 1.25148 -2.02952 0.21929,O C C C N H C O N H H H C C C C N C H H H H H,-6.698,29_PyridineUracilpipi
O=c1cc[nH]c(=O)[nH]1,c1cccnc1,0,0,12,11,26562,S66x8,3057513,5,66870775,avdz,0.44607,-3.83552,-3.93381,-2.1644,-3.0428900000000003,-1.14088,-1.21089,-7.32326,-5.90211,1.42115,0.419,-4.17194,-4.14993,-7.90287,0.42061,-4.0732300000000015,-4.10751,-7.76013,-4.24397,-4.18089,-8.00586,-6.58471,-4.65463,1.33934,0.05918,-4.17105,0.06058,-4.56418,5.51341,5.50515,-1.61294,1.21166,-9.43751,0.267,0.44398,-0.42952,-8.6081,-6.4172,-6.82383,-5.98966,-1.73908 1.74991 3.42941 -0.6992 1.12171 3.54426 0.6203 1.6808 3.77183 1.69017 0.8621 3.84335 1.57211 -0.49519 3.73079 2.38554 -1.08738 3.72262 0.37166 -1.14242 3.50441 0.27952 -2.34784 3.37083 -0.69945 -0.2761 3.45125 -1.59434 -0.70796 3.26665 0.72161 2.74802 3.86769 2.69405 1.23077 3.99177 -0.75131 -1.30865 -0.08883 -1.54787 -0.16994 -0.15647 -0.94362 1.07064 0.01982 0.42772 1.11611 0.25735 1.21076 0.02868 0.32971 0.61193 -1.15845 0.15345 -1.17042 -2.29687 -0.21338 -2.61101 -0.24595 -0.33876 -1.51881 1.9845 -0.01164 0.92469 2.06805 0.39755 1.25148 -2.02952 0.21929,O C C C N H C O N H H H C C C C N C H H H H H,-6.513,29_PyridineUracilpipi
O=c1cc[nH]c(=O)[nH]1,c1cccnc1,0,0,12,11,26562,S66x8,3057513,10,66870776,avdz,-0.5715100000000001,-2.96185,-3.07849,-1.6482900000000005,-2.394,-0.8992899999999999,-0.95343,-6.611860000000001,-5.51309,1.09877,-0.58732,-3.18617,-3.22898,-7.00247,-0.5867899999999999,-3.11927,-3.19922,-6.90528,-3.2349900000000003,-3.25069,-7.073010000000001,-5.97424,-3.41163,0.02673,0.0366,-2.97864,0.0378,-3.35894,3.07912,3.07662,-0.94279,0.6259600000000001,-7.22683,0.15629,0.27379000000000003,-0.25157,-7.64495,-5.92345,-6.20337,-5.58283,-1.72385 1.75864 3.60014 -0.68397 1.13044 3.71499 0.63553 1.68952 3.94255 1.7054 0.87083 4.01407 1.58734 -0.48647 3.90152 2.40078 -1.07865 3.89335 0.38689 -1.1337 3.67514 0.29475 -2.33912 3.54156 -0.68422 -0.26737 3.62198 -1.57911 -0.69924 3.43738 0.73684 2.75674 4.03842 2.70928 1.23949 4.1625 -0.75131 -1.30865 -0.08883 -1.54787 -0.16994 -0.15647 -0.94362 1.07064 0.01982 0.42772 1.11611 0.25735 1.21076 0.02868 0.32971 0.61193 -1.15845 0.15345 -1.17042 -2.29687 -0.21338 -2.61101 -0.24595 -0.33876 -1.51881 1.9845 -0.01164 0.92469 2.06805 0.39755 1.25148 -2.02952 0.21929,O C C C N H C O N H H H C C C C N C H H H H H,-5.936,29_PyridineUracilpipi
O=c1cc[nH]c(=O)[nH]1,c1cccnc1,0,0,12,11,26562,S66x8,3057513,25,66870777,avdz,-1.33679,-1.40536,-1.52504,-0.74012,-1.19846,-0.44705,-0.47392,-4.2671800000000015,-3.72241,0.54477,-1.33112,-1.47789,-1.58012,-4.3891300000000015,-1.33278,-1.45611,-1.56982,-4.35872,-1.49377,-1.58763,-4.41253,-3.86776,-1.75619,-1.1031799999999998,0.008459999999999999,-1.44212,0.00899,-1.7584,0.5745100000000001,0.57445,-0.2594,0.0969,-3.45359,0.03092,0.06337000000000001,-0.15921,-4.86489,-3.86034,-4.00904,-3.69827,-1.67881 1.78443 4.105 -0.63893 1.15623 4.21985 0.68056 1.71531 4.44741 1.75044 0.89662 4.51893 1.63238 -0.46067 4.40637 2.44581 -1.05286 4.39821 0.43193 -1.10791 4.17999 0.33979 -2.31332 4.04641 -0.63919 -0.24158 4.12683 -1.53407 -0.67344 3.94223 0.78188 2.78253 4.54328 2.75432 1.26528 4.66736 -0.75131 -1.30865 -0.08883 -1.54787 -0.16994 -0.15647 -0.94362 1.07064 0.01982 0.42772 1.11611 0.25735 1.21076 0.02868 0.32971 0.61193 -1.15845 0.15345 -1.17042 -2.29687 -0.21338 -2.61101 -0.24595 -0.33876 -1.51881 1.9845 -0.01164 0.92469 2.06805 0.39755 1.25148 -2.02952 0.21929,O C C C N H C O N H H H C C C C N C H H H H H,-3.876,29_PyridineUracilpipi
O=c1cc[nH]c(=O)[nH]1,c1cccnc1,0,0,12,11,26562,S66x8,3057513,50,66870778,avdz,-0.96599,-0.45655,-0.5333899999999999,-0.21087,-0.4232,-0.15133,-0.16114,-1.95594,-1.7513900000000002,0.20455,-0.96219,-0.4685,-0.54533,-1.97602,-0.96338,-0.46343,-0.54314,-1.96995,-0.4722,-0.54693,-1.98132,-1.7767700000000002,-0.93516,-0.8914700000000001,0.00073,-0.75093,0.00081,-0.9413,0.05501,0.05501,-0.06824,0.00565,-1.20936,0.00229,0.00536,-0.09209,-2.24267,-1.7781900000000002,-1.86148,-1.69395,-1.6052 1.82659 4.93012 -0.56532 1.19839 5.04497 0.75417 1.75747 5.27254 1.82405 0.93877 5.34406 1.70599 -0.41852 5.2315 2.51942 -1.01071 5.22333 0.50554 -1.06575 5.00512 0.4134 -2.27117 4.87154 -0.56558 -0.19942 4.95196 -1.46047 -0.63129 4.76736 0.85549 2.82469 5.3684 2.82793 1.30744 5.49248 -0.75131 -1.30865 -0.08883 -1.54787 -0.16994 -0.15647 -0.94362 1.07064 0.01982 0.42772 1.11611 0.25735 1.21076 0.02868 0.32971 0.61193 -1.15845 0.15345 -1.17042 -2.29687 -0.21338 -2.61101 -0.24595 -0.33876 -1.51881 1.9845 -0.01164 0.92469 2.06805 0.39755 1.25148 -2.02952 0.21929,O C C C N H C O N H H H C C C C N C H H H H H,-1.796,29_PyridineUracilpipi
O=c1cc[nH]c(=O)[nH]1,c1cccnc1,0,0,12,11,26562,S66x8,3057513,100,66870779,avdz,-0.41122,-0.07007000000000001,-0.09748,-0.01846,-0.07959,-0.02458,-0.02659,-0.57877,-0.53386,0.044910000000000005,-0.4123,-0.06734,-0.09665,-0.57629,-0.41271,-0.0662,-0.09642,-0.57533,-0.06817000000000001,-0.09682,-0.57729,-0.53238,-0.39835,-0.39814,1e-05,-0.32775,1e-05,-0.39876,0.00091,0.00091,-0.013880000000000002,0.0,-0.23702,2e-05,5e-05,-0.02018,-0.66886,-0.5486800000000001,-0.58299,-0.51184,-1.46082 1.90928 6.54866 -0.42093 1.28108 6.66351 0.89856 1.84016 6.89108 1.96844 1.02147 6.9626 1.85037 -0.33583 6.85004 2.66381 -0.92801 6.84187 0.64993 -0.98306 6.62366 0.55779 -2.18848 6.49008 -0.42119 -0.11673 6.5705 -1.31608 -0.5486 6.3859 0.99988 2.90738 6.98694 2.97231 1.39013 7.11102 -0.75131 -1.30865 -0.08883 -1.54787 -0.16994 -0.15647 -0.94362 1.07064 0.01982 0.42772 1.11611 0.25735 1.21076 0.02868 0.32971 0.61193 -1.15845 0.15345 -1.17042 -2.29687 -0.21338 -2.61101 -0.24595 -0.33876 -1.51881 1.9845 -0.01164 0.92469 2.06805 0.39755 1.25148 -2.02952 0.21929,O C C C N H C O N H H H C C C C N C H H H H H,-0.5429999999999999,29_PyridineUracilpipi
C=C,c1ccccc1,0,0,6,12,13353,S66x8,3057279,-10,66868900,avdz,7.705319999999999,-4.618519999999998,-4.0616400000000015,-2.89795,-3.0158,-1.05651,-1.0501200000000002,-0.97484,0.73506,1.7099,7.722289999999999,-5.14377,-4.40624,-1.82773,7.72967,-5.01012,-4.34361,-1.62406,-5.24131,-4.45195,-1.97097,-0.26107,-5.26269,9.43812,0.1424,-4.84734,0.13045,-5.10914,14.59189,14.41919,-3.7618,3.78509,-10.68441,0.68176,0.98778,-1.94622,-1.45505,-0.34922,-0.6639,0.11411,0.65578 -0.11679 3.10699 -0.65578 0.11679 3.107 1.04724 -1.12391 3.10252 1.37085 0.69327 3.10249 -1.37085 -0.69327 3.1025 -1.04724 1.12391 3.10254 0.83552 1.11517 0.0214 1.38327 -0.16615 0.02377 0.54755 -1.28132 0.02169 -0.83552 -1.11516 0.0214 -1.38328 0.16615 0.02376 -0.54757 1.28132 0.02168 1.48432 1.98061 0.01953 2.45715 -0.2952 0.02277 0.97294 -2.2758 0.01978 -1.48433 -1.98061 0.01953 -2.45716 0.29521 0.02276 -0.97294 2.27581 0.01977,C C H H H H C C C C C C H H H H H H,-0.048,30_BenzeneEthene
C=C,c1ccccc1,0,0,6,12,13353,S66x8,3057279,-5,66868901,avdz,5.03474,-3.61926,-3.16543,-2.28962,-2.36122,-0.8364799999999999,-0.82876,-1.74996,-0.45259,1.29737,5.03284,-3.95384,-3.4047400000000003,-2.32574,5.03803,-3.86433,-3.35897,-2.18527,-4.01916,-3.43814,-2.42446,-1.12709,-2.76662,6.04782,0.09397,-2.58438,0.08595,-2.61059,8.52004,8.453669999999999,-1.98731,1.97158,-7.99637,0.42666,0.64657,-1.00326,-2.03268,-1.08004,-1.3756700000000002,-0.71413,0.65578 -0.11679 3.28296 -0.65578 0.11679 3.28297 1.04724 -1.12391 3.27849 1.37085 0.69327 3.27846 -1.37085 -0.69327 3.27847 -1.04724 1.12391 3.27851 0.83552 1.11517 0.0214 1.38327 -0.16615 0.02377 0.54755 -1.28132 0.02169 -0.83552 -1.11516 0.0214 -1.38328 0.16615 0.02376 -0.54757 1.28132 0.02168 1.48432 1.98061 0.01953 2.45715 -0.2952 0.02277 0.97294 -2.2758 0.01978 -1.48433 -1.98061 0.01953 -2.45716 0.29521 0.02276 -0.97294 2.27581 0.01977,C C H H H H C C C C C C H H H H H H,-0.977,30_BenzeneEthene
C=C,c1ccccc1,0,0,6,12,13353,S66x8,3057279,0,66868902,avdz,3.3858300000000003,-2.84805,-2.47649,-1.81451,-1.85276,-0.66372,-0.65596,-1.93872,-0.94516,0.99356,3.35649,-3.0541400000000003,-2.64211,-2.33977,3.36067,-2.99536,-2.60897,-2.24366,-3.09704,-2.6663,-2.4068400000000003,-1.41328,-1.28255,3.9726,0.06144,-1.24197,0.05615,-1.15782,4.89519,4.87073,-1.06219,1.0126700000000002,-6.02261,0.26311,0.42022,-0.45624,-2.10767,-1.39523,-1.65437,-1.11522,0.65578 -0.11679 3.45859 -0.65578 0.11679 3.4586 1.04724 -1.12391 3.45412 1.37085 0.69327 3.45409 -1.37085 -0.69327 3.4541 -1.04724 1.12391 3.45414 0.83552 1.11517 0.0214 1.38327 -0.16615 0.02377 0.54755 -1.28132 0.02169 -0.83552 -1.11516 0.0214 -1.38328 0.16615 0.02376 -0.54757 1.28132 0.02168 1.48432 1.98061 0.01953 2.45715 -0.2952 0.02277 0.97294 -2.2758 0.01978 -1.48433 -1.98061 0.01953 -2.45716 0.29521 0.02276 -0.97294 2.27581 0.01977,C C H H H H C C C C C C H H H H H H,-1.31,30_BenzeneEthene
C=C,c1ccccc1,0,0,6,12,13353,S66x8,3057279,5,66868903,avdz,2.3582,-2.24956,-1.94391,-1.4428299999999998,-1.45634,-0.5273100000000001,-0.5202600000000001,-1.83527,-1.06828,0.76699,2.30461,-2.37134,-2.0586,-2.12533,2.3081,-2.33397,-2.03494,-2.06081,-2.3986,-2.07587,-2.16987,-1.40288,-0.42379,2.69161,0.03976,-0.46505,0.03634,-0.33746,2.77625,2.76759,-0.58176,0.51412,-4.56513,0.16024000000000002,0.27111,-0.17489000000000002,-1.93752,-1.3705,-1.56191,-1.14773,0.65578 -0.11679 3.63421 -0.65578 0.11679 3.63422 1.04724 -1.12391 3.62974 1.37085 0.69327 3.62971 -1.37085 -0.69327 3.62972 -1.04724 1.12391 3.62976 0.83552 1.11517 0.0214 1.38327 -0.16615 0.02377 0.54755 -1.28132 0.02169 -0.83552 -1.11516 0.0214 -1.38328 0.16615 0.02376 -0.54757 1.28132 0.02168 1.48432 1.98061 0.01953 2.45715 -0.2952 0.02277 0.97294 -2.2758 0.01978 -1.48433 -1.98061 0.01953 -2.45716 0.29521 0.02276 -0.97294 2.27581 0.01977,C C H H H H C C C C C C H H H H H H,-1.3330000000000002,30_BenzeneEthene
C=C,c1ccccc1,0,0,6,12,13353,S66x8,3057279,10,66868904,avdz,1.70817,-1.7841599999999995,-1.53146,-1.15219,-1.14741,-0.4196,-0.41361,-1.60744,-1.01103,0.59642,1.63946,-1.85257,-1.61158,-1.82469,1.64262,-1.82994,-1.59489,-1.7822099999999998,-1.86909,-1.62376,-1.85339,-1.25697,0.052870000000000014,1.89296,0.0255,-0.03205,0.02332,0.10598,1.56541,1.56243,-0.33173,0.25916,-3.4858300000000004,0.09678,0.17379,-0.0513,-1.66773,-1.22775,-1.40722,-1.04204,0.65578 -0.11679 3.80956 -0.65578 0.11679 3.80956 1.04724 -1.12391 3.80509 1.37085 0.69327 3.80505 -1.37085 -0.69327 3.80507 -1.04724 1.12391 3.80511 0.83552 1.11517 0.0214 1.38327 -0.16615 0.02377 0.54755 -1.28132 0.02169 -0.83552 -1.11516 0.0214 -1.38328 0.16615 0.02376 -0.54757 1.28132 0.02168 1.48432 1.98061 0.01953 2.45715 -0.2952 0.02277 0.97294 -2.2758 0.01978 -1.48433 -1.98061 0.01953 -2.45716 0.29521 0.02276 -0.97294 2.27581 0.01977,C C H H H H C C C C C C H H H H H H,-1.21,30_BenzeneEthene
C=C,c1ccccc1,0,0,6,12,13353,S66x8,3057279,25,66868905,avdz,0.80742,-0.91586,-0.76708,-0.60668,-0.5713600000000001,-0.21447,-0.21166,-0.8755299999999999,-0.5851,0.29043,0.74135,-0.91972,-0.79699,-0.97536,0.74652,-0.91749,-0.7912,-0.96217,-0.92135,-0.8012100000000001,-0.98121,-0.6907800000000001,0.45643,0.83206,0.00643,0.34697,0.0059,0.46141,0.29492,0.29481,-0.08642999999999999,0.03266,-1.6251799999999998,0.02085,0.0441,-0.01365,-0.8713,-0.6119600000000001,-0.7229,-0.5047,0.65578 -0.11679 4.33475 -0.65577 0.11679 4.33476 1.04724 -1.12391 4.33028 1.37086 0.69327 4.33025 -1.37085 -0.69327 4.33026 -1.04724 1.12391 4.3303 0.83552 1.11517 0.0214 1.38327 -0.16615 0.02377 0.54755 -1.28132 0.02169 -0.83552 -1.11516 0.0214 -1.38328 0.16615 0.02376 -0.54757 1.28132 0.02168 1.48432 1.98061 0.01953 2.45715 -0.2952 0.02277 0.97294 -2.2758 0.01978 -1.48433 -1.98061 0.01953 -2.45716 0.29521 0.02276 -0.97294 2.27581 0.01977,C C H H H H C C C C C C H H H H H H,-0.6779999999999999,30_BenzeneEthene
C=C,c1ccccc1,0,0,6,12,13353,S66x8,3057279,50,66868906,avdz,0.36391,-0.34238,-0.26927,-0.24071,-0.19607,-0.07697999999999999,-0.07664,-0.24774,-0.14985,0.09789,0.3331,-0.33048,-0.2756,-0.27298,0.33836,-0.33238,-0.27394,-0.26796,-0.3291,-0.27681,-0.27281,-0.17490999999999998,0.32971,0.35725,0.00062,0.25946,0.00057,0.32887,0.02998,0.02997,-0.02202,0.00078,-0.53271,0.0016600000000000002,0.00419,-0.026410000000000003,-0.21565,-0.18702,-0.25925,-0.11175,0.65578 -0.11679 5.20811 -0.65577 0.11679 5.20812 1.04724 -1.12391 5.20365 1.37086 0.69327 5.20361 -1.37084 -0.69327 5.20363 -1.04724 1.12391 5.20366 0.83552 1.11517 0.0214 1.38327 -0.16615 0.02377 0.54755 -1.28132 0.02169 -0.83552 -1.11516 0.0214 -1.38328 0.16615 0.02376 -0.54757 1.28132 0.02168 1.48432 1.98061 0.01953 2.45715 -0.2952 0.02277 0.97294 -2.2758 0.01978 -1.48433 -1.98061 0.01953 -2.45716 0.29521 0.02276 -0.97294 2.27581 0.01977,C C H H H H C C C C C C H H H H H H,-0.17600000000000002,30_BenzeneEthene
C=C,c1ccccc1,0,0,6,12,13353,S66x8,3057279,100,66868907,avdz,0.11659,-0.07297000000000001,-0.04936,-0.05777,-0.0339,-0.01475,-0.01501,-0.00574,0.01017,0.01591,0.109,-0.06692999999999999,-0.0492,-0.00713,0.10988,-0.06777999999999999,-0.04897,-0.00686,-0.0663,-0.04937,-0.006670000000000001,0.00924,0.11171,0.11182,1e-05,0.08865,1e-05,0.11281,0.00042,0.00042,-0.00303,-0.0,-0.09206,1e-05,4e-05,-0.0069900000000000006,0.01119,-0.0063,-0.015619999999999997,0.0034,0.65579 -0.11679 6.95083 -0.65577 0.11679 6.95084 1.04725 -1.12391 6.94636 1.37086 0.69327 6.94633 -1.37084 -0.69327 6.94634 -1.04723 1.12391 6.94638 0.83552 1.11517 0.0214 1.38327 -0.16615 0.02377 0.54755 -1.28132 0.02169 -0.83552 -1.11516 0.0214 -1.38328 0.16615 0.02376 -0.54757 1.28132 0.02168 1.48432 1.98061 0.01953 2.45715 -0.2952 0.02277 0.97294 -2.2758 0.01978 -1.48433 -1.98061 0.01953 -2.45716 0.29521 0.02276 -0.97294 2.27581 0.01977,C C H H H H C C C C C C H H H H H H,0.008,30_BenzeneEthene
C=C,O=c1cc[nH]c(=O)[nH]1,0,0,6,12,26563,S66x8,3057270,-10,66868828,avdz,4.9348,-3.66904,-3.74781,-2.20765,-3.15443,-1.02333,-1.06421,-2.48205,-1.45061,1.03144,4.8691900000000015,-4.23976,-4.07934,-3.44991,4.87505,-4.090319999999998,-4.02117,-3.23644,-4.34881,-4.12178,-3.6014,-2.56996,-7.23964,6.37587,0.11142,-6.5842100000000015,0.11242,-7.10802,13.31181,13.18047,-5.31027,4.96335,-9.92869,0.52363,0.76166,-1.212,-3.99854,-2.19141,-2.54431,-1.84311,0.71839 0.01536 3.11401 -0.61038 0.11595 3.06476 1.23551 -0.85563 2.73678 1.324 0.80236 3.54133 -1.22239 -0.67153 2.64786 -1.12221 0.98702 3.44876 -2.32722 -1.03255 -0.00583 -1.30881 -0.36188 0.00403 -1.23682 1.08805 -0.01222 -0.03519 1.69784 0.0337 1.13453 0.99028 0.09184 2.02372 1.45677 0.15569 1.19319 -0.39183 0.11578 2.2364 -1.01119 0.19419 -0.05087 -0.98008 0.03396 -0.05322 -1.99069 0.04982 -2.15274 1.65146 -0.05477 0.07037 2.77248 0.03188,C C H H H H O C C C N H C O N H H H,-2.424,31_UracilEthene
C=C,O=c1cc[nH]c(=O)[nH]1,0,0,6,12,26563,S66x8,3057270,-5,66868829,avdz,2.70412,-2.91948,-3.00449,-1.74645,-2.55019,-0.836,-0.8663,-3.21985,-2.42853,0.79132,2.64312,-3.31841,-3.2458400000000003,-3.92113,2.6467,-3.21179,-3.20265,-3.76775,-3.39621,-3.27735,-4.03045,-3.23913,-5.03415,3.60202,0.07577,-4.45648,0.07642,-4.91179,8.28185,8.22447,-3.19997,2.93353,-7.69828,0.34335,0.51148,-0.65915,-4.39898,-2.9392,-3.20183,-2.67683,0.72244 0.02051 3.26488 -0.60634 0.1211 3.21564 1.23955 -0.85048 2.88766 1.32805 0.8075 3.6922 -1.21834 -0.66638 2.79873 -1.11817 0.99217 3.59964 -2.32722 -1.03255 -0.00583 -1.30881 -0.36188 0.00403 -1.23682 1.08805 -0.01222 -0.03519 1.69784 0.0337 1.13453 0.99028 0.09184 2.02372 1.45677 0.15569 1.19319 -0.39183 0.11578 2.2364 -1.01119 0.19419 -0.05087 -0.98008 0.03396 -0.05322 -1.99069 0.04982 -2.15274 1.65146 -0.05477 0.07037 2.77248 0.03188,C C H H H H O C C C N H C O N H H H,-3.13,31_UracilEthene
C=C,O=c1cc[nH]c(=O)[nH]1,0,0,6,12,26563,S66x8,3057270,0,66868830,avdz,1.33101,-2.31778,-2.41302,-1.3705200000000002,-2.06483,-0.68219,-0.7046899999999999,-3.3997900000000003,-2.78653,0.61326,1.2728,-2.59769,-2.58953,-3.91442,1.27518,-2.5214,-2.5573200000000003,-3.80354,-2.65336,-2.61303,-3.99359,-3.38032,-3.57094,1.89813,0.05129,-3.0655,0.0517,-3.4734800000000003,5.1167099999999985,5.09205,-1.93906,1.7212900000000002,-6.00584,0.22284,0.34181,-0.32925,-4.3449800000000005,-3.15535,-3.32027,-2.95873,0.72647 0.02564 3.41533 -0.60231 0.12623 3.36608 1.24358 -0.84535 3.03811 1.33208 0.81263 3.84265 -1.21431 -0.66125 2.94918 -1.11413 0.9973 3.75008 -2.32722 -1.03255 -0.00583 -1.30881 -0.36188 0.00403 -1.23682 1.08805 -0.01222 -0.03519 1.69784 0.0337 1.13453 0.99028 0.09184 2.02372 1.45677 0.15569 1.19319 -0.39183 0.11578 2.2364 -1.01119 0.19419 -0.05087 -0.98008 0.03396 -0.05322 -1.99069 0.04982 -2.15274 1.65146 -0.05477 0.07037 2.77248 0.03188,C C H H H H O C C C N H C O N H H H,-3.3,31_UracilEthene
C=C,O=c1cc[nH]c(=O)[nH]1,0,0,6,12,26563,S66x8,3057270,5,66868831,avdz,0.49792,-1.83626,-1.94107,-1.06758,-1.67398,-0.55593,-0.57265,-3.2794,-2.79956,0.47984,0.44355,-2.03375,-2.07079,-3.661,0.44519,-1.97906,-2.04671,-3.58057,-2.07367,-2.08836,-3.718480000000001,-3.23864,-2.59302,0.86245,0.03452,-2.15199,0.03477,-2.52417,3.14458,3.13412,-1.18694,1.00532,-4.71323,0.14321,0.22739,-0.15244000000000002,-4.05628,-3.06066,-3.20366,-2.90237,0.7305 0.03077 3.56571 -0.59828 0.13136 3.51646 1.24761 -0.84022 3.18848 1.33611 0.81776 3.99302 -1.21028 -0.65612 3.09956 -1.11011 1.00243 3.90046 -2.32722 -1.03255 -0.00583 -1.30881 -0.36188 0.00403 -1.23682 1.08805 -0.01222 -0.03519 1.69784 0.0337 1.13453 0.99028 0.09184 2.02372 1.45677 0.15569 1.19319 -0.39183 0.11578 2.2364 -1.01119 0.19419 -0.05087 -0.98008 0.03396 -0.05322 -1.99069 0.04982 -2.15274 1.65146 -0.05477 0.07037 2.77248 0.03188,C C H H H H O C C C N H C O N H H H,-3.181,31_UracilEthene
C=C,O=c1cc[nH]c(=O)[nH]1,0,0,6,12,26563,S66x8,3057270,10,66868832,avdz,0.00512,-1.45339,-1.56498,-0.82665,-1.35981,-0.45279,-0.46522,-3.01325,-2.63413,0.37912,-0.04352,-1.59392,-1.6609200000000002,-3.29836,-0.04242,-1.55459,-1.6428900000000002,-3.23991,-1.6226200000000002,-1.6740700000000002,-3.3402199999999995,-2.96109,-1.93543,0.24566,0.02312,-1.55043,0.02327,-1.89213,1.93149,1.92707,-0.73875,0.58712,-3.72316,0.09137,0.15083,-0.07075,-3.664,-2.82573,-2.95228,-2.69145,0.73452 0.03588 3.71575 -0.59426 0.13647 3.6665 1.25163 -0.8351 3.33852 1.34013 0.82288 4.14306 -1.20626 -0.65101 3.2496 -1.10608 1.00754 4.0505 -2.32722 -1.03255 -0.00583 -1.30881 -0.36188 0.00403 -1.23682 1.08805 -0.01222 -0.03519 1.69784 0.0337 1.13453 0.99028 0.09184 2.02372 1.45677 0.15569 1.19319 -0.39183 0.11578 2.2364 -1.01119 0.19419 -0.05087 -0.98008 0.03396 -0.05322 -1.99069 0.04982 -2.15274 1.65146 -0.05477 0.07037 2.77248 0.03188,C C H H H H O C C C N H C O N H H H,-2.9210000000000003,31_UracilEthene
C=C,O=c1cc[nH]c(=O)[nH]1,0,0,6,12,26563,S66x8,3057270,25,66868833,avdz,-0.4981600000000001,-0.72048,-0.8333299999999999,-0.37239,-0.7397100000000001,-0.24497,-0.25003000000000003,-2.0519700000000003,-1.85522,0.19674,-0.52378,-0.7745,-0.87369,-2.17197,-0.52373,-0.75946,-0.86608,-2.14927,-0.7854800000000001,-0.87925,-2.18851,-1.99176,-0.95764,-0.41003,0.00677,-0.6974899999999999,0.006790000000000001,-0.95673,0.46782,0.46747,-0.20607,0.12036,-1.90859,0.02312,0.04334,-0.04404,-2.4607900000000003,-1.93622,-2.02246,-1.84801,0.74655 0.0512 4.16475 -0.58223 0.15179 4.1155 1.26367 -0.81979 3.78752 1.35216 0.83819 4.59206 -1.19423 -0.63569 3.6986 -1.09405 1.02286 4.4995 -2.32722 -1.03255 -0.00583 -1.30881 -0.36188 0.00403 -1.23682 1.08805 -0.01222 -0.03519 1.69784 0.0337 1.13453 0.99028 0.09184 2.02372 1.45677 0.15569 1.19319 -0.39183 0.11578 2.2364 -1.01119 0.19419 -0.05087 -0.98008 0.03396 -0.05322 -1.99069 0.04982 -2.15274 1.65146 -0.05477 0.07037 2.77248 0.03188,C C H H H H O C C C N H C O N H H H,-1.981,31_UracilEthene
C=C,O=c1cc[nH]c(=O)[nH]1,0,0,6,12,26563,S66x8,3057270,50,66868834,avdz,-0.43188,-0.22973,-0.31237,-0.08872999999999999,-0.28708,-0.09144,-0.0924,-0.97399,-0.8991299999999999,0.07485,-0.43633,-0.24366,-0.32321,-1.0032,-0.43751,-0.23956,-0.32118,-0.99825,-0.24664,-0.3247,-1.00767,-0.93281,-0.45647,-0.39926,0.00085,-0.31196,0.0008300000000000001,-0.46212,0.064,0.064,-0.04423,0.0104,-0.71175,0.00237,0.005220000000000001,-0.04943,-1.18553,-0.93524,-0.99079,-0.8776799999999999,0.76653 0.07663 4.91049 -0.56224 0.17722 4.86124 1.28365 -0.79436 4.53326 1.37214 0.86362 5.3378 -1.17425 -0.61026 4.44434 -1.07407 1.04829 5.24524 -2.32722 -1.03255 -0.00583 -1.30881 -0.36188 0.00403 -1.23682 1.08805 -0.01222 -0.03519 1.69784 0.0337 1.13453 0.99028 0.09184 2.02372 1.45677 0.15569 1.19319 -0.39183 0.11578 2.2364 -1.01119 0.19419 -0.05087 -0.98008 0.03396 -0.05322 -1.99069 0.04982 -2.15274 1.65146 -0.05477 0.07037 2.77248 0.03188,C C H H H H O C C C N H C O N H H H,-0.937,31_UracilEthene
C=C,O=c1cc[nH]c(=O)[nH]1,0,0,6,12,26563,S66x8,3057270,100,66868835,avdz,-0.18133,-0.02423,-0.0584,0.006790000000000001,-0.05832,-0.01647,-0.01623,-0.26397,-0.24934,0.01463,-0.18231,-0.026,-0.05918,-0.2675,-0.18302,-0.02512,-0.05895,-0.26709,-0.02665,-0.05935,-0.26831,-0.25369,-0.17542,-0.17463,2e-05,-0.12189,2e-05,-0.17598,0.00216,0.00216,-0.00758,7e-05,-0.14363,3e-05,7e-05,-0.01209,-0.33694,-0.26797,-0.27887,-0.25733,0.80671 0.12777 6.41003 -0.52206 0.22836 6.36079 1.32383 -0.74322 6.03281 1.41233 0.91476 6.83735 -1.13406 -0.55912 5.94389 -1.03389 1.09943 6.74479 -2.32722 -1.03255 -0.00583 -1.30881 -0.36188 0.00403 -1.23682 1.08805 -0.01222 -0.03519 1.69784 0.0337 1.13453 0.99028 0.09184 2.02372 1.45677 0.15569 1.19319 -0.39183 0.11578 2.2364 -1.01119 0.19419 -0.05087 -0.98008 0.03396 -0.05322 -1.99069 0.04982 -2.15274 1.65146 -0.05477 0.07037 2.77248 0.03188,C C H H H H O C C C N H C O N H H H,-0.257,31_UracilEthene
C#C,O=c1cc[nH]c(=O)[nH]1,0,0,4,12,26564,S66x8,3057198,-10,66868252,avdz,3.92678,-3.20153,-3.45039,-1.73289,-2.83905,-0.926,-0.9437,-2.72514,-1.57116,1.15398,3.84392,-3.8121,-3.8112,-3.77938,3.84415,-3.64474,-3.74439,-3.5449900000000003,-3.93422,-3.85995,-3.95025,-2.7962700000000003,-8.51286,5.46019,0.11052,-7.437489999999999,0.10993,-8.438080000000001,13.66331,13.52996,-4.75304,4.29456,-9.27429,0.47637,0.6773600000000001,-1.12755,-4.48136,-2.64099,-3.04755,-2.30776,0.69219 -0.17448 2.98352 -0.45241 0.21197 3.08971 1.68801 -0.52847 2.8693 -1.4573 0.54067 3.19008 -2.3289 -1.0079 -0.1231 -1.31396 -0.33514 -0.06459 -1.24836 1.11605 -0.06651 -0.05308 1.73143 0.0342 1.11593 1.02759 0.13517 1.99666 1.49728 0.26162 1.17535 -0.3538 0.17617 2.21463 -0.96647 0.33517 -0.05545 -0.94799 0.01001 -0.05732 -1.95771 0.05505 -2.16435 1.67533 -0.1471 0.04811 2.80643 0.04342,C C H H O C C C N H C O N H H H,-2.628,32_UracilEthyne
C#C,O=c1cc[nH]c(=O)[nH]1,0,0,4,12,26564,S66x8,3057198,-5,66868253,avdz,1.68796,-2.4942,-2.73303,-1.33031,-2.27924,-0.74875,-0.75843,-3.53927,-2.67034,0.86892,1.61277,-2.9248,-3.00049,-4.31252,1.61174,-2.80595,-2.9512,-4.14541,-3.01154,-3.03645,-4.435219999999998,-3.5663,-6.12062,2.65017,0.07443,-5.1868300000000005,0.07416,-6.03827,8.40953,8.3532,-2.80306,2.44848,-7.159089999999999,0.30942,0.4473,-0.5858,-4.9715,-3.45631,-3.69642,-3.23496,0.70033 -0.17335 3.1357 -0.44427 0.21311 3.24189 1.69615 -0.52734 3.02148 -1.44916 0.54181 3.34225 -2.3289 -1.0079 -0.1231 -1.31396 -0.33514 -0.06459 -1.24836 1.11605 -0.06651 -0.05308 1.73143 0.0342 1.11593 1.02759 0.13517 1.99666 1.49728 0.26162 1.17535 -0.3538 0.17617 2.21463 -0.96647 0.33517 -0.05545 -0.94799 0.01001 -0.05732 -1.95771 0.05505 -2.16435 1.67533 -0.1471 0.04811 2.80643 0.04342,C C H H O C C C N H C O N H H H,-3.442,32_UracilEthyne
C#C,O=c1cc[nH]c(=O)[nH]1,0,0,4,12,26564,S66x8,3057198,0,66868254,avdz,0.37649,-1.94202,-2.17047,-1.01479,-1.83346,-0.6060399999999999,-0.61048,-3.736,-3.0778,0.6582,0.306,-2.24641,-2.36956,-4.30996,0.30484,-2.16205,-2.3331,-4.19032,-2.30796,-2.39617,-4.39813,-3.73993,-4.50765,0.9882,0.04986,-3.69999,0.04978,-4.4375800000000005,5.13769,5.11431,-1.67441,1.39059,-5.5656,0.19858,0.29402,-0.27049,-4.92719,-3.65213,-3.81273,-3.49392,0.70843 -0.17222 3.28708 -0.43618 0.21424 3.39327 1.70424 -0.52621 3.17286 -1.44106 0.54294 3.49363 -2.3289 -1.0079 -0.1231 -1.31396 -0.33514 -0.06459 -1.24836 1.11605 -0.06651 -0.05308 1.73143 0.0342 1.11593 1.02759 0.13517 1.99666 1.49728 0.26162 1.17535 -0.3538 0.17617 2.21463 -0.96647 0.33517 -0.05545 -0.94799 0.01001 -0.05732 -1.95771 0.05505 -2.16435 1.67533 -0.1471 0.04811 2.80643 0.04342,C C H H O C C C N H C O N H H H,-3.649,32_UracilEthyne
C#C,O=c1cc[nH]c(=O)[nH]1,0,0,4,12,26564,S66x8,3057198,5,66868255,avdz,-0.36383,-1.5108700000000002,-1.7276900000000002,-0.7689199999999999,-1.47739,-0.49067,-0.49177,-3.60238,-3.10082,0.50156,-0.42886,-1.72669,-1.8764,-4.03195,-0.42994,-1.6668,-1.84932,-3.94605,-1.7704,-1.89617,-4.09543,-3.59386,-3.40376,0.03136,0.0332,-2.70613,0.03321,-3.35313,3.12096,3.11141,-1.01884,0.7902399999999999,-4.35578,0.12593,0.19254,-0.10778,-4.60587,-3.52178,-3.66916,-3.38593,0.7165 -0.1711 3.43807 -0.4281 0.21536 3.54426 1.71232 -0.52508 3.32385 -1.43299 0.54406 3.64462 -2.3289 -1.0079 -0.1231 -1.31396 -0.33514 -0.06459 -1.24836 1.11605 -0.06651 -0.05308 1.73143 0.0342 1.11593 1.02759 0.13517 1.99666 1.49728 0.26162 1.17535 -0.3538 0.17617 2.21463 -0.96647 0.33517 -0.05545 -0.94799 0.01001 -0.05732 -1.95771 0.05505 -2.16435 1.67533 -0.1471 0.04811 2.80643 0.04342,C C H H O C C C N H C O N H H H,-3.528,32_UracilEthyne
C#C,O=c1cc[nH]c(=O)[nH]1,0,0,4,12,26564,S66x8,3057198,10,66868256,avdz,-0.75441,-1.17549,-1.37935,-0.57909,-1.19336,-0.39752,-0.39658,-3.30925,-2.92437,0.38488,-0.8122199999999999,-1.32924,-1.49084,-3.6323,-0.81326,-1.2866,-1.4706,-3.57045,-1.36036,-1.50561,-3.67819,-3.29331,-2.63755,-0.49304,0.02199,-2.03452,0.02205,-2.60607,1.89435,1.89048,-0.63566,0.45194,-3.43359,0.07908,0.12587,-0.03785,-4.16193,-3.24275,-3.3696900000000003,-3.12075,0.72454 -0.16998 3.58845 -0.42006 0.21648 3.69465 1.72036 -0.52396 3.47424 -1.42494 0.54518 3.79501 -2.3289 -1.0079 -0.1231 -1.31396 -0.33514 -0.06459 -1.24836 1.11605 -0.06651 -0.05308 1.73143 0.0342 1.11593 1.02759 0.13517 1.99666 1.49728 0.26162 1.17535 -0.3538 0.17617 2.21463 -0.96647 0.33517 -0.05545 -0.94799 0.01001 -0.05732 -1.95771 0.05505 -2.16435 1.67533 -0.1471 0.04811 2.80643 0.04342,C C H H O C C C N H C O N H H H,-3.247,32_UracilEthyne
C#C,O=c1cc[nH]c(=O)[nH]1,0,0,4,12,26564,S66x8,3057198,25,66868257,avdz,-0.98193,-0.55543,-0.7157,-0.23756,-0.63949,-0.21252,-0.20956,-2.25306,-2.07151,0.18156,-1.01302,-0.6128600000000001,-0.76362,-2.3894900000000003,-1.01415,-0.59677,-0.75469,-2.36561,-0.62459,-0.7701399999999999,-2.40775,-2.2261900000000003,-1.40846,-0.88828,0.006229999999999999,-1.01416,0.00628,-1.41057,0.44374,0.44347,-0.18476,0.09024,-1.75388,0.01884,0.03488,-0.03186,-2.79338,-2.187,-2.27378,-2.09797,0.74855 -0.16663 4.03724 -0.39606 0.21982 4.14343 1.74436 -0.52062 3.92302 -1.40094 0.54852 4.24379 -2.3289 -1.0079 -0.1231 -1.31396 -0.33514 -0.06459 -1.24836 1.11605 -0.06651 -0.05308 1.73143 0.0342 1.11593 1.02759 0.13517 1.99666 1.49728 0.26162 1.17535 -0.3538 0.17617 2.21463 -0.96647 0.33517 -0.05545 -0.94799 0.01001 -0.05732 -1.95771 0.05505 -2.16435 1.67533 -0.1471 0.04811 2.80643 0.04342,C C H H O C C C N H C O N H H H,-2.213,32_UracilEthyne
C#C,O=c1cc[nH]c(=O)[nH]1,0,0,4,12,26564,S66x8,3057198,50,66868258,avdz,-0.64264,-0.16405999999999998,-0.25888,-0.04278,-0.24274,-0.078,-0.07576000000000001,-1.06557,-1.00615,0.059420000000000014,-0.64915,-0.17640999999999998,-0.27155,-1.0971,-0.65074,-0.17194,-0.26866,-1.09134,-0.17967,-0.27366,-1.10247,-1.04305,-0.6619,-0.6107600000000001,0.00074,-0.45744,0.00075,-0.6684,0.05941,0.0594,-0.04187,0.00782,-0.6532600000000001,0.0017399999999999998,0.00395,-0.04502,-1.33563,-1.06044,-1.10575,-1.01201,0.78826 -0.1611 4.77975 -0.35635 0.22536 4.88594 1.78407 -0.51509 4.66553 -1.36123 0.55406 4.9863 -2.3289 -1.0079 -0.1231 -1.31396 -0.33514 -0.06459 -1.24836 1.11605 -0.06651 -0.05308 1.73143 0.0342 1.11593 1.02759 0.13517 1.99666 1.49728 0.26162 1.17535 -0.3538 0.17617 2.21463 -0.96647 0.33517 -0.05545 -0.94799 0.01001 -0.05732 -1.95771 0.05505 -2.16435 1.67533 -0.1471 0.04811 2.80643 0.04342,C C H H O C C C N H C O N H H H,-1.045,32_UracilEthyne
C#C,O=c1cc[nH]c(=O)[nH]1,0,0,4,12,26564,S66x8,3057198,100,66868259,avdz,-0.21683,-0.01553,-0.04648,0.00866,-0.04793,-0.01386,-0.01313,-0.27884000000000003,-0.26996,0.008879999999999999,-0.21893,-0.01535,-0.04719,-0.28146,-0.21976,-0.01469,-0.04687,-0.28131,-0.01583,-0.04742,-0.28218000000000004,-0.2733,-0.21235,-0.21169,2e-05,-0.14682,2e-05,-0.21319,0.00214,0.00214,-0.00704,5e-05,-0.13380999999999998,2e-05,5e-05,-0.0102,-0.36195,-0.28205,-0.29392,-0.27105,0.86709 -0.15012 6.25377 -0.27752 0.23634 6.35996 1.86291 -0.5041 6.13955 -1.2824 0.56504 6.46032 -2.3289 -1.0079 -0.1231 -1.31396 -0.33514 -0.06459 -1.24836 1.11605 -0.06651 -0.05308 1.73143 0.0342 1.11593 1.02759 0.13517 1.99666 1.49728 0.26162 1.17535 -0.3538 0.17617 2.21463 -0.96647 0.33517 -0.05545 -0.94799 0.01001 -0.05732 -1.95771 0.05505 -2.16435 1.67533 -0.1471 0.04811 2.80643 0.04342,C C H H O C C C N H C O N H H H,-0.275,32_UracilEthyne
C=C,c1cccnc1,0,0,6,11,13354,S66x8,3057288,-10,66868972,avdz,6.928260000000001,-4.50136,-4.03786,-2.75305,-3.02849,-1.05174,-1.05658,-1.61096,0.09498,1.7059400000000002,6.916410000000001,-5.00554,-4.36573,-2.45486,6.92457,-4.87447,-4.30675,-2.25665,-5.10118,-4.40878,-2.59355,-0.88761,-5.81883,8.677010000000001,0.13416,-5.38278,0.12392,-5.65881,14.20064,14.04023,-4.10123,4.1344699999999985,-10.47574,0.66498,0.92457,-1.80851,-2.1196200000000003,-1.03456,-1.31965,-0.52528,0.01627 0.66642 3.1166 0.0166 -0.66626 3.11673 0.92674 1.22591 2.95749 -0.89328 1.22883 3.27356 0.92734 -1.22535 2.95772 -0.89269 -1.22909 3.27382 -0.70972 -1.19311 0.00666 -1.42161 0.00013 -0.04082 -0.7094 1.19318 0.00652 0.67965 1.13996 0.09189 1.38138 -0.00023 0.13146 0.67935 -1.14024 0.09208 -1.21409 -2.14856 -0.02531 -2.5007 0.00026 -0.10917 -1.21351 2.14875 -0.02553 1.25926 2.05451 0.1255 1.25872 -2.05496 0.12588,C C H H H H C C C C N C H H H H H,-0.6990000000000001,33_PyridineEthene
C=C,c1cccnc1,0,0,6,11,13354,S66x8,3057288,-5,66868973,avdz,4.5351300000000005,-3.59358,-3.20405,-2.21872,-2.41204,-0.8470700000000001,-0.8480700000000001,-2.26251,-0.9427,1.3198,4.51829,-3.92694,-3.43765,-2.84629,4.52462,-3.83663,-3.39385,-2.70586,-3.99284,-3.46961,-2.94415,-1.62435,-3.45802,5.58125,0.09105,-3.22896,0.08394,-3.3027,8.63464,8.56818,-2.27547,2.28797,-8.0075,0.4311100000000001,0.622,-0.9591,-2.56906,-1.74619,-1.96175,-1.39844,0.01771 0.66643 3.27697 0.01804 -0.66626 3.2771 0.92819 1.22592 3.11785 -0.89184 1.22883 3.43393 0.92878 -1.22534 3.11809 -0.89124 -1.22908 3.43419 -0.70972 -1.19311 0.00666 -1.42161 0.00013 -0.04082 -0.7094 1.19318 0.00652 0.67965 1.13996 0.09189 1.38138 -0.00023 0.13146 0.67935 -1.14024 0.09208 -1.21409 -2.14856 -0.02531 -2.5007 0.00026 -0.10917 -1.21351 2.14875 -0.02553 1.25926 2.05451 0.1255 1.25872 -2.05496 0.12588,C C H H H H C C C C N C H H H H H,-1.487,33_PyridineEthene
C=C,c1cccnc1,0,0,6,11,13354,S66x8,3057288,0,66868974,avdz,3.01408,-2.87481,-2.54998,-1.78757,-1.92482,-0.68308,-0.6821,-2.41072,-1.38139,1.02932,2.98431,-3.091,-2.71636,-2.82306,2.98942,-3.02938,-2.68388,-2.72384,-3.13597,-2.74006,-2.89173,-1.8624,-1.97373,3.63654,0.06132000000000001,-1.87832,0.05646,-1.84839,5.18525,5.158530000000002,-1.26691,1.25261,-6.15377,0.27574,0.41612,-0.45704,-2.5964,-1.84379,-2.48822,-1.54385,0.01915 0.66644 3.43718 0.01949 -0.66625 3.43731 0.92963 1.22592 3.27807 -0.89039 1.22884 3.59414 0.93022 -1.22533 3.2783 -0.8898 -1.22907 3.5944 -0.70972 -1.19311 0.00666 -1.42161 0.00013 -0.04082 -0.7094 1.19318 0.00652 0.67965 1.13996 0.09189 1.38138 -0.00023 0.13146 0.67935 -1.14024 0.09208 -1.21409 -2.14856 -0.02531 -2.5007 0.00026 -0.10917 -1.21351 2.14875 -0.02553 1.25926 2.05451 0.1255 1.25872 -2.05496 0.12588,C C H H H H C C C C N C H H H H H,-1.764,33_PyridineEthene
C=C,c1cccnc1,0,0,6,11,13354,S66x8,3057288,5,66868975,avdz,2.04473,-2.30456,-2.03471,-1.44106,-1.53839,-0.5512100000000001,-0.5494100000000001,-2.29454,-1.48593,0.80861,2.00243,-2.44165,-2.15341,-2.59263,2.00645,-2.40032,-2.12946,-2.52332,-2.47182,-2.17088,-2.64027,-1.83166,-1.05304,2.41158,0.04094,-1.04096,0.03767,-0.96386,3.0830900000000003,3.07263,-0.71345,0.68028,-4.75453,0.17421,0.27677,-0.1896,-2.40709,-1.8009700000000002,-2.00267,-1.57625,0.0206 0.66644 3.59755 0.02093 -0.66624 3.59769 0.93107 1.22593 3.43844 -0.88895 1.22885 3.75451 0.93167 -1.22533 3.43868 -0.88836 -1.22907 3.75477 -0.70972 -1.19311 0.00666 -1.42161 0.00013 -0.04082 -0.7094 1.19318 0.00652 0.67965 1.13996 0.09189 1.38138 -0.00023 0.13146 0.67935 -1.14024 0.09208 -1.21409 -2.14856 -0.02531 -2.5007 0.00026 -0.10917 -1.21351 2.14875 -0.02553 1.25926 2.05451 0.1255 1.25872 -2.05496 0.12588,C C H H H H C C C C N C H H H H H,-1.7619999999999998,33_PyridineEthene
C=C,c1cccnc1,0,0,6,11,13354,S66x8,3057288,10,66868976,avdz,1.42456,-1.85269,-1.62861,-1.16409,-1.23215,-0.44527,-0.44334,-2.05673,-1.41695,0.63979,1.37434,-1.93752,-1.7138099999999998,-2.27699,1.37744,-1.91051,-1.69628,-2.22935,-1.95723,-1.7266,-2.3094900000000003,-1.6697,-0.49388,1.63874,0.02713,-0.5311600000000001,0.02496,-0.43678,1.82604,1.82202,-0.41075,0.36807,-3.69639,0.10909,0.18318,-0.06569,-2.12324,-1.64273,-1.84694,-1.44459,0.02204 0.66645 3.75779 0.02237 -0.66624 3.75792 0.93251 1.22594 3.59867 -0.88751 1.22886 3.91475 0.93311 -1.22532 3.59891 -0.88692 -1.22906 3.91501 -0.70972 -1.19311 0.00666 -1.42161 0.00013 -0.04082 -0.7094 1.19318 0.00652 0.67965 1.13996 0.09189 1.38138 -0.00023 0.13146 0.67935 -1.14024 0.09208 -1.21409 -2.14856 -0.02531 -2.5007 0.00026 -0.10917 -1.21351 2.14875 -0.02553 1.25926 2.05451 0.1255 1.25872 -2.05496 0.12588,C C H H H H C C C C N C H H H H H,-1.621,33_PyridineEthene
C=C,c1cccnc1,0,0,6,11,13354,S66x8,3057288,25,66868977,avdz,0.5826100000000001,-0.98328,-0.8521200000000001,-0.62688,-0.64278,-0.237,-0.23609,-1.25279,-0.92405,0.32874000000000003,0.53567,-0.99852,-0.8857299999999999,-1.34859,0.5383100000000001,-0.99316,-0.87908,-1.3339299999999998,-1.00243,-0.89059,-1.35736,-1.02862,0.13180999999999998,0.6237,0.00758,0.04979,0.0069900000000000006,0.13733,0.39624,0.39601,-0.09804,0.05837000000000001,-1.80643,0.026,0.05147,-0.01803,-1.25309,-0.96184,-1.08494,-0.85375,0.02636 0.66647 4.2383 0.0267 -0.66622 4.23843 0.93684 1.22596 4.07918 -0.88318 1.22888 4.39526 0.93743 -1.2253 4.07942 -0.88259 -1.22904 4.39552 -0.70972 -1.19311 0.00666 -1.42161 0.00013 -0.04082 -0.7094 1.19318 0.00652 0.67965 1.13996 0.09189 1.38138 -0.00023 0.13146 0.67935 -1.14024 0.09208 -1.21409 -2.14856 -0.02531 -2.5007 0.00026 -0.10917 -1.21351 2.14875 -0.02553 1.25926 2.05451 0.1255 1.25872 -2.05496 0.12588,C C H H H H C C C C N C H H H H H,-1.013,33_PyridineEthene
C=C,c1cccnc1,0,0,6,11,13354,S66x8,3057288,50,66868978,avdz,0.23184,-0.37903,-0.31579,-0.25103000000000003,-0.23431,-0.08892,-0.0893,-0.46297,-0.34243,0.12055,0.209,-0.37221,-0.32398000000000005,-0.48719,0.21231,-0.37359,-0.32234,-0.48361,-0.3712,-0.32519000000000003,-0.48738,-0.36684,0.18881,0.23249,0.00086,0.12794,0.0008,0.18557,0.04838,0.04838,-0.02163,0.00278,-0.62712,0.00242,0.00572,-0.03148,-0.43536,-0.36816,-0.44829,-0.28568000000000005,0.03357 0.66651 5.03872 0.0339 -0.66618 5.03886 0.94404 1.22599 4.87961 -0.87598 1.22891 5.19568 0.94464 -1.22526 4.87985 -0.87539 -1.22901 5.19595 -0.70972 -1.19311 0.00666 -1.42161 0.00013 -0.04082 -0.7094 1.19318 0.00652 0.67965 1.13996 0.09189 1.38138 -0.00023 0.13146 0.67935 -1.14024 0.09208 -1.21409 -2.14856 -0.02531 -2.5007 0.00026 -0.10917 -1.21351 2.14875 -0.02553 1.25926 2.05451 0.1255 1.25872 -2.05496 0.12588,C C H H H H C C C C N C H H H H H,-0.3670000000000001,33_PyridineEthene
C=C,c1cccnc1,0,0,6,11,13354,S66x8,3057288,100,66868979,avdz,0.0763,-0.08292000000000001,-0.06187,-0.06034,-0.04388,-0.01782,-0.01828,-0.06849,-0.04573,0.02276,0.07076,-0.0777,-0.06194,-0.06888,0.07132000000000001,-0.07842,-0.06167,-0.06876,-0.07717,-0.06215,-0.06856,-0.0458,0.07377,0.07413,2e-05,0.051820000000000005,1e-05,0.07425,0.00122,0.00122,-0.0036,-1e-05,-0.11593,3e-05,7e-05,-0.00725,-0.051210000000000006,-0.06415,-0.07518999999999999,-0.05141,0.04797 0.66658 6.63869 0.0483 -0.66611 6.63882 0.95844 1.22606 6.47958 -0.86158 1.22898 6.79565 0.95903 -1.22519 6.47981 -0.86099 -1.22894 6.79591 -0.70972 -1.19311 0.00666 -1.42161 0.00013 -0.04082 -0.7094 1.19318 0.00652 0.67965 1.13996 0.09189 1.38138 -0.00023 0.13146 0.67935 -1.14024 0.09208 -1.21409 -2.14856 -0.02531 -2.5007 0.00026 -0.10917 -1.21351 2.14875 -0.02553 1.25926 2.05451 0.1255 1.25872 -2.05496 0.12588,C C H H H H C C C C N C H H H H H,-0.047,33_PyridineEthene
CCCCC,CCCCC,0,0,17,17,11134,S66x8,3057090,-10,66867388,avdz,7.903980000000002,-4.952380000000002,-4.9694,-3.54177,-4.67543,-1.30611,-1.35829,-2.01781,-1.61933,0.39848,7.87074,-5.64435,-5.33283,-3.10644,7.879689999999999,-5.4913300000000005,-5.2819,-2.89355,-5.75602,-5.3699900000000005,-3.25527,-2.85679,-3.95931,9.17883,0.13265,-4.5007199999999985,0.14497000000000002,-3.96612,13.03138,12.99594,-1.3988,1.47056,-12.35436,0.42912,0.74425,-1.37012,-3.41411,-2.61387,-2.88622,-2.26795,-2.53331 -0.29488 0.71315 -1.27188 0.55766 0.67435 -0.00014 -0.27842 0.7196 1.27189 0.55738 0.67406 2.5334 -0.29494 0.71328 -2.56363 -0.97708 -0.13642 -2.56698 -0.89588 1.62173 -3.43443 0.31596 0.6841 -1.27103 1.25657 1.51432 -1.26663 1.1679 -0.23183 -0.00016 -0.88723 1.62864 -0.00037 -0.98071 -0.1194 1.27097 1.25663 1.51371 1.26664 1.16718 -0.23239 2.56392 -0.97777 -0.13578 3.43431 0.31625 0.6836 2.56756 -0.89521 1.62233 2.53356 0.30072 4.23328 1.27173 -0.55117 4.27258 -4e-05 0.28493 4.22697 -1.2718 -0.55121 4.27224 -2.53352 0.30084 4.23326 2.56814 0.90053 3.32395 2.56406 0.98393 5.08202 3.43424 -0.31078 4.26349 1.26629 -1.16089 5.17908 1.2706 -1.25052 3.433 -0.0002 0.98724 5.06595 3e-05 0.89371 3.3179 -1.26642 -1.16132 5.17849 -1.2707 -1.25023 3.43237 -2.56772 0.90137 3.32438 -3.43433 -0.31046 4.26277 -2.56406 0.98342 5.08252,C C C C C H H H H H H H H H H H H C C C C C H H H H H H H H H H H H,-2.789,34_PentanePentane
CCCCC,CCCCC,0,0,17,17,11134,S66x8,3057090,-5,66867389,avdz,4.998480000000002,-4.0174,-4.00718,-2.89551,-3.78841,-1.07395,-1.1185200000000002,-3.02611,-2.7594,0.26671,4.98342,-4.49793,-4.27025,-3.78476,4.98923,-4.39277,-4.23383,-3.63737,-4.5746699999999985,-4.2968199999999985,-3.88807,-3.62136,-2.454,5.78364,0.0884,-2.8293,0.09771,-2.45432,8.17282,8.15925,-0.78527,0.8241299999999999,-9.6486,0.2793,0.49575,-0.86545,-3.98164,-3.32385,-3.55237,-2.73175,-2.53331 -0.29488 0.71315 -1.27188 0.55766 0.67435 -0.00014 -0.27842 0.7196 1.27189 0.55738 0.67406 2.5334 -0.29494 0.71328 -2.56363 -0.97708 -0.13642 -2.56698 -0.89588 1.62173 -3.43443 0.31596 0.6841 -1.27103 1.25657 1.51432 -1.26663 1.1679 -0.23183 -0.00016 -0.88723 1.62864 -0.00037 -0.98071 -0.1194 1.27097 1.25663 1.51371 1.26664 1.16718 -0.23239 2.56392 -0.97777 -0.13578 3.43431 0.31625 0.6836 2.56756 -0.89521 1.62233 2.53356 0.29764 4.38457 1.27173 -0.55425 4.42387 -4e-05 0.28185 4.37826 -1.2718 -0.55429 4.42353 -2.53352 0.29776 4.38455 2.56814 0.89745 3.47524 2.56406 0.98085 5.23331 3.43424 -0.31386 4.41478 1.26629 -1.16398 5.33037 1.2706 -1.2536 3.58429 -0.0002 0.98416 5.21724 3e-05 0.89063 3.46919 -1.26642 -1.1644 5.32978 -1.2707 -1.25331 3.58367 -2.56772 0.89829 3.47567 -3.43433 -0.31354 4.41406 -2.56406 0.98034 5.23381,C C C C C H H H H H H H H H H H H C C C C C H H H H H H H H H H H H,-3.569,34_PentanePentane
CCCCC,CCCCC,0,0,17,17,11134,S66x8,3057090,0,66867390,avdz,3.17768,-3.27783,-3.25435,-2.3756,-3.08726,-0.8858299999999999,-0.92403,-3.3545,-3.17101,0.18349,3.17154,-3.61247,-3.44562,-3.88655,3.17535,-3.53999,-3.4194,-3.78404,-3.66536,-3.46475,-3.95857,-3.77509,-1.52455,3.66464,0.059,-1.78493,0.066,-1.5215299999999998,5.13974,5.13457,-0.44378,0.46298,-7.619169999999999,0.18135,0.33063000000000003,-0.5465899999999999,-4.01636,-3.51243,-3.73537,-2.98826,-2.53331 -0.29488 0.71315 -1.27188 0.55766 0.67435 -0.00014 -0.27842 0.7196 1.27189 0.55738 0.67406 2.5334 -0.29494 0.71328 -2.56363 -0.97708 -0.13642 -2.56698 -0.89588 1.62173 -3.43443 0.31596 0.6841 -1.27103 1.25657 1.51432 -1.26663 1.1679 -0.23183 -0.00016 -0.88723 1.62864 -0.00037 -0.98071 -0.1194 1.27097 1.25663 1.51371 1.26664 1.16718 -0.23239 2.56392 -0.97777 -0.13578 3.43431 0.31625 0.6836 2.56756 -0.89521 1.62233 2.53356 0.29463 4.53223 1.27173 -0.55726 4.57153 -4e-05 0.27884 4.52591 -1.2718 -0.5573 4.57118 -2.53352 0.29475 4.53221 2.56814 0.89444 3.6229 2.56406 0.97784 5.38097 3.43424 -0.31687 4.56243 1.26629 -1.16698 5.47803 1.2706 -1.25661 3.73195 -0.0002 0.98115 5.3649 3e-05 0.88762 3.61684 -1.26642 -1.16741 5.47743 -1.2707 -1.25632 3.73132 -2.56772 0.89528 3.62333 -3.43433 -0.31655 4.56172 -2.56406 0.97733 5.38147,C C C C C H H H H H H H H H H H H C C C C C H H H H H H H H H H H H,-3.734,34_PentanePentane
CCCCC,CCCCC,0,0,17,17,11134,S66x8,3057090,5,66867391,avdz,2.02685,-2.68777,-2.65954,-1.95482,-2.52868,-0.7326199999999999,-0.76541,-3.32046,-3.18926,0.13119,2.02544,-2.92109,-2.79891,-3.69457,2.02795,-2.8711,-2.77997,-3.62312,-2.95758,-2.81274,-3.74487,-3.61368,-0.94607,2.33097,0.03939,-1.1267200000000002,0.04459,-0.94178,3.2337,3.23176,-0.25204,0.26025,-6.07538,0.11728,0.22067,-0.34557,-3.78289,-3.41552,-3.5870800000000003,-3.12546,-2.53331 -0.29488 0.71315 -1.27188 0.55766 0.67435 -0.00014 -0.27842 0.7196 1.27189 0.55738 0.67406 2.5334 -0.29494 0.71328 -2.56363 -0.97708 -0.13642 -2.56698 -0.89588 1.62173 -3.43443 0.31596 0.6841 -1.27103 1.25657 1.51432 -1.26663 1.1679 -0.23183 -0.00016 -0.88723 1.62864 -0.00037 -0.98071 -0.1194 1.27097 1.25663 1.51371 1.26664 1.16718 -0.23239 2.56392 -0.97777 -0.13578 3.43431 0.31625 0.6836 2.56756 -0.89521 1.62233 2.53356 0.29168 4.67724 1.27173 -0.56021 4.71654 -4e-05 0.27589 4.67093 -1.27181 -0.56025 4.7162 -2.53352 0.29179 4.67722 2.56814 0.89148 3.76791 2.56406 0.97488 5.52598 3.43424 -0.31982 4.70745 1.26629 -1.16994 5.62304 1.2706 -1.25956 3.87696 -0.0002 0.9782 5.50991 3e-05 0.88467 3.76186 -1.26642 -1.17036 5.62245 -1.2707 -1.25928 3.87634 -2.56772 0.89233 3.76834 -3.43433 -0.3195 4.70673 -2.56406 0.97438 5.52648,C C C C C H H H H H H H H H H H H C C C C C H H H H H H H H H H H H,-3.5810000000000004,34_PentanePentane
CCCCC,CCCCC,0,0,17,17,11134,S66x8,3057090,10,66867392,avdz,1.29778,-2.21539,-2.18725,-1.61406,-2.08216,-0.6078100000000001,-0.6359899999999999,-3.10486,-3.00625,0.09861,1.29894,-2.37834,-2.28901,-3.36841,1.3006,-2.34387,-2.27531,-3.3185800000000003,-2.40349,-2.29901,-3.40356,-3.30496,-0.5854199999999999,1.48944,0.026310000000000004,-0.71086,0.030160000000000006,-0.58108,2.0352900000000003,2.03458,-0.14403,0.14640999999999998,-4.89074,0.07558,0.14751,-0.21937,-3.4304300000000003,-3.17352,-3.32157,-2.9163900000000003,-2.53331 -0.29488 0.71315 -1.27188 0.55766 0.67435 -0.00014 -0.27842 0.7196 1.27189 0.55738 0.67406 2.5334 -0.29494 0.71328 -2.56363 -0.97708 -0.13642 -2.56698 -0.89588 1.62173 -3.43443 0.31596 0.6841 -1.27103 1.25657 1.51432 -1.26663 1.1679 -0.23183 -0.00016 -0.88723 1.62864 -0.00037 -0.98071 -0.1194 1.27097 1.25663 1.51371 1.26664 1.16718 -0.23239 2.56392 -0.97777 -0.13578 3.43431 0.31625 0.6836 2.56756 -0.89521 1.62233 2.53356 0.28877 4.81983 1.27173 -0.56311 4.85913 -4e-05 0.27298 4.81352 -1.27181 -0.56316 4.85879 -2.53352 0.28889 4.81981 2.56814 0.88858 3.9105 2.56406 0.97198 5.66857 3.43424 -0.32272 4.85004 1.26629 -1.17284 5.76563 1.2706 -1.26247 4.01955 -0.0002 0.97529 5.6525 3e-05 0.88176 3.90445 -1.26642 -1.17327 5.76504 -1.2707 -1.26218 4.01892 -2.56772 0.88942 3.91093 -3.43433 -0.32241 4.84932 -2.56406 0.97148 5.66907,C C C C C H H H H H H H H H H H H C C C C C H H H H H H H H H H H H,-3.278,34_PentanePentane
CCCCC,CCCCC,0,0,17,17,11134,S66x8,3057090,25,66867393,avdz,0.34992,-1.27768,-1.2592299999999998,-0.92824,-1.19744,-0.3539,-0.37183,-2.18699,-2.12966,0.05734,0.35262,-1.33392,-1.29949,-2.28079,0.35305,-1.32269,-1.29427,-2.26391,-1.34212,-1.3033,-2.2928,-2.23546,-0.1308,0.40061,0.00783,-0.17331,0.00933,-0.12835,0.50454,0.50451,-0.02809,0.02578,-2.68414,0.01979,0.04421,-0.06092,-2.30717,-2.17486,-2.26903,-2.02641,-2.53331 -0.29488 0.71315 -1.27188 0.55766 0.67435 -0.00014 -0.27842 0.7196 1.27189 0.55738 0.67406 2.5334 -0.29494 0.71328 -2.56363 -0.97708 -0.13642 -2.56698 -0.89588 1.62173 -3.43443 0.31596 0.6841 -1.27103 1.25657 1.51432 -1.26663 1.1679 -0.23183 -0.00016 -0.88723 1.62864 -0.00037 -0.98071 -0.1194 1.27097 1.25663 1.51371 1.26664 1.16718 -0.23239 2.56392 -0.97777 -0.13578 3.43431 0.31625 0.6836 2.56756 -0.89521 1.62233 2.53355 0.28027 5.23715 1.27173 -0.57162 5.27645 -5e-05 0.26448 5.23084 -1.27181 -0.57166 5.27611 -2.53353 0.28039 5.23713 2.56814 0.88008 4.32782 2.56406 0.96348 6.08589 3.43424 -0.33123 5.26736 1.26629 -1.18134 6.18295 1.2706 -1.27097 4.43687 -0.0002 0.96679 6.06982 3e-05 0.87326 4.32177 -1.26642 -1.18177 6.18236 -1.2707 -1.27068 4.43624 -2.56772 0.88092 4.32825 -3.43433 -0.33091 5.26664 -2.56407 0.96297 6.08639,C C C C C H H H H H H H H H H H H C C C C C H H H H H H H H H H H H,-2.2230000000000003,34_PentanePentane
CCCCC,CCCCC,0,0,17,17,11134,S66x8,3057090,50,66867394,avdz,0.048760000000000005,-0.56179,-0.55569,-0.40079,-0.52273,-0.15472,-0.16328,-1.06871,-1.02948,0.03924,0.05013,-0.57257,-0.56534,-1.08779,0.05007,-0.57077,-0.56421,-1.08491,-0.57389,-0.56617,-1.0899299999999998,-1.05069,0.00018,0.05573,0.00103,-0.00787,0.00131,0.00066,0.04783,0.04783,-0.00265,0.00128,-1.13785,0.00201,0.00579,-0.0203,-1.10323,-0.91506,-1.01271,-0.82652,-2.53331 -0.29488 0.71315 -1.27188 0.55766 0.67435 -0.00014 -0.27842 0.7196 1.27189 0.55738 0.67406 2.5334 -0.29494 0.71328 -2.56363 -0.97708 -0.13642 -2.56698 -0.89588 1.62173 -3.43443 0.31596 0.6841 -1.27103 1.25657 1.51432 -1.26663 1.1679 -0.23183 -0.00016 -0.88723 1.62864 -0.00037 -0.98071 -0.1194 1.27097 1.25663 1.51371 1.26664 1.16718 -0.23239 2.56392 -0.97777 -0.13578 3.43431 0.31625 0.6836 2.56756 -0.89521 1.62233 2.53355 0.26656 5.91023 1.27173 -0.58533 5.94953 -5e-05 0.25077 5.90392 -1.27181 -0.58537 5.94919 -2.53353 0.26668 5.91021 2.56814 0.86637 5.0009 2.56406 0.94977 6.75897 3.43423 -0.34494 5.94044 1.26628 -1.19506 6.85603 1.2706 -1.28468 5.10995 -0.0002 0.95308 6.7429 3e-05 0.85955 4.99485 -1.26643 -1.19548 6.85544 -1.2707 -1.28439 5.10932 -2.56772 0.86721 5.00133 -3.43433 -0.34462 5.93972 -2.56407 0.94926 6.75947,C C C C C H H H H H H H H H H H H C C C C C H H H H H H H H H H H H,-1.05,34_PentanePentane
CCCCC,CCCCC,0,0,17,17,11134,S66x8,3057090,100,66867395,avdz,0.0071,-0.14781,-0.14665999999999998,-0.10164,-0.13446,-0.03946,-0.04171,-0.28737,-0.26845,0.01891,0.0075200000000000015,-0.14918,-0.14822000000000002,-0.28988,0.007490000000000002,-0.14862,-0.14770999999999998,-0.28883000000000003,-0.1496,-0.14859,-0.29066,-0.27175,0.007229999999999999,0.00775,2e-05,0.00607,2e-05,0.00725,0.00035,0.00035,-0.00031,0.0,-0.29492,2e-05,8e-05,-0.0076,-0.29511,-0.23744,-0.29107,-0.17868,-2.53331 -0.29488 0.71315 -1.27188 0.55766 0.67435 -0.00014 -0.27842 0.7196 1.27189 0.55738 0.67406 2.5334 -0.29494 0.71328 -2.56363 -0.97708 -0.13642 -2.56698 -0.89588 1.62173 -3.43443 0.31596 0.6841 -1.27103 1.25657 1.51432 -1.26663 1.1679 -0.23183 -0.00016 -0.88723 1.62864 -0.00037 -0.98071 -0.1194 1.27097 1.25663 1.51371 1.26664 1.16718 -0.23239 2.56392 -0.97777 -0.13578 3.43431 0.31625 0.6836 2.56756 -0.89521 1.62233 2.53355 0.23999 7.21437 1.27172 -0.6119 7.25368 -5e-05 0.2242 7.20806 -1.27181 -0.61194 7.25333 -2.53353 0.24011 7.21435 2.56813 0.8398 6.30505 2.56405 0.9232 8.06312 3.43423 -0.37151 7.24458 1.26628 -1.22162 8.16017 1.27059 -1.31125 6.4141 -0.00021 0.92651 8.04704 2e-05 0.83298 6.29899 -1.26643 -1.22205 8.15958 -1.27071 -1.31096 6.41347 -2.56773 0.84064 6.30548 -3.43433 -0.37119 7.24387 -2.56407 0.92269 8.06362,C C C C C H H H H H H H H H H H H C C C C C H H H H H H H H H H H H,-0.273,34_PentanePentane
CC(C)(C)C,CCCCC,0,0,17,17,26565,S66x8,3057360,-10,66869548,avdz,5.86489,-3.4524800000000004,-3.51799,-2.46686,-3.3603400000000003,-0.95026,-0.9894,-1.10558,-0.91257,0.19301,5.78918,-3.96299,-3.76568,-1.93948,5.7978,-3.85063,-3.73261,-1.78544,-4.044980000000002,-3.78981,-2.04561,-1.8526,-3.0297,6.85855,0.09927,-3.50655,0.1093,-3.05392,9.90872,9.85152,-1.23106,1.2919999999999998,-8.809660000000003,0.31925,0.5491199999999999,-1.21709,-2.24264,-1.70695,-1.97803,-1.44208,0.00058 -0.08508 6.44718 -0.00049 0.05505 4.92745 -1.23995 -0.6266 4.35355 1.25211 -0.60249 4.35398 -0.01474 1.53484 4.55283 -0.88646 0.379 6.88055 0.00983 -1.13586 6.74019 0.87924 0.39458 6.88082 -1.26325 -0.53764 3.26672 -1.25203 -1.68788 4.60656 -2.15089 -0.17431 4.74863 1.27344 -0.5142 3.26701 1.28524 -1.66305 4.60807 2.15392 -0.13185 4.7484 0.86302 2.04543 4.95178 -0.01527 1.6613 3.46918 -0.90285 2.02818 4.95062 -2.53038 -0.41758 0.68131 -1.27616 0.44363 0.75002 0.0022 -0.38072 0.67899 1.26833 0.4624 0.74937 2.53497 -0.38042 0.68069 -2.55989 -0.98279 -0.25016 -2.55404 -1.13386 1.50266 -3.43621 0.18414 0.73677 -1.27808 1.02522 1.67509 -1.28034 1.16856 -0.06716 0.00783 -1.11141 1.49383 0.00625 -0.96052 -0.24882 1.26202 1.04425 1.67425 1.26163 1.18706 -0.06803 2.57244 -0.94572 -0.25045 3.43198 0.23441 0.73558 2.56921 -1.09581 1.50246,C C C C C H H H H H H H H H H H H C C C C C H H H H H H H H H H H H,-1.817,35_NeopentanePentane
CC(C)(C)C,CCCCC,0,0,17,17,26565,S66x8,3057360,-5,66869549,avdz,3.54892,-2.7455,-2.77076,-1.98386,-2.6609700000000003,-0.7664,-0.7994399999999999,-1.96735,-1.86232,0.10503,3.50156,-3.08609,-2.94274,-2.52728,3.50721,-3.0119700000000003,-2.92018,-2.4249400000000003,-3.14018,-2.9592,-2.59782,-2.4927900000000003,-1.7968,4.12868,0.0637,-2.11628,0.07116,-1.8157,5.99305,5.97097,-0.65578,0.6857300000000001,-6.69683,0.20044,0.35048,-0.78267,-2.72128,-2.38355,-2.57781,-2.02253,0.00056 -0.08015 6.62058 -0.00051 0.05998 5.10084 -1.23996 -0.62167 4.52694 1.2521 -0.59756 4.52737 -0.01476 1.53977 4.72622 -0.88647 0.38392 7.05395 0.00981 -1.13093 6.91359 0.87922 0.39951 7.05422 -1.26326 -0.53272 3.44012 -1.25205 -1.68295 4.77996 -2.15091 -0.16938 4.92203 1.27342 -0.50928 3.4404 1.28523 -1.65812 4.78146 2.15391 -0.12692 4.92179 0.86301 2.05036 5.12518 -0.01528 1.66623 3.64257 -0.90286 2.03311 5.12401 -2.53038 -0.41758 0.68131 -1.27616 0.44363 0.75002 0.0022 -0.38072 0.67899 1.26833 0.4624 0.74937 2.53497 -0.38042 0.68069 -2.55989 -0.98279 -0.25016 -2.55404 -1.13386 1.50266 -3.43621 0.18414 0.73677 -1.27808 1.02522 1.67509 -1.28034 1.16856 -0.06716 0.00783 -1.11141 1.49383 0.00625 -0.96052 -0.24882 1.26202 1.04425 1.67425 1.26163 1.18706 -0.06803 2.57244 -0.94572 -0.25045 3.43198 0.23441 0.73558 2.56921 -1.09581 1.50246,C C C C C H H H H H H H H H H H H C C C C C H H H H H H H H H H H H,-2.466,35_NeopentanePentane
CC(C)(C)C,CCCCC,0,0,17,17,26565,S66x8,3057360,0,66869550,avdz,2.17683,-2.20763,-2.21193,-1.60738,-2.13203,-0.62303,-0.65115,-2.24274,-2.18562,0.05712,2.14853,-2.43708,-2.33256,-2.6211,2.15223,-2.38774,-2.31698,-2.55249,-2.47308,-2.34393,-2.66847,-2.61135,-1.07914,2.52286,0.04128,-1.29488,0.0468,-1.09317,3.67093,3.66221,-0.35463,0.36717,-5.185,0.12648,0.22549,-0.5064,-2.74913,-2.51293,-2.67552,-2.23796,0.00055 -0.07545 6.78607 -0.00052 0.06468 5.26633 -1.23998 -0.61697 4.69243 1.25208 -0.59286 4.69286 -0.01477 1.54448 4.89171 -0.88649 0.38863 7.21943 0.0098 -1.12623 7.07908 0.87921 0.40422 7.21971 -1.26328 -0.52801 3.6056 -1.25206 -1.67825 4.94545 -2.15092 -0.16468 5.08752 1.27341 -0.50457 3.60589 1.28521 -1.65342 4.94695 2.15389 -0.12221 5.08728 0.86299 2.05506 5.29067 -0.0153 1.67093 3.80806 -0.90288 2.03781 5.2895 -2.53038 -0.41758 0.68131 -1.27616 0.44363 0.75002 0.0022 -0.38072 0.67899 1.26833 0.4624 0.74937 2.53497 -0.38042 0.68069 -2.55989 -0.98279 -0.25016 -2.55404 -1.13386 1.50266 -3.43621 0.18414 0.73677 -1.27808 1.02522 1.67509 -1.28034 1.16856 -0.06716 0.00783 -1.11141 1.49383 0.00625 -0.96052 -0.24882 1.26202 1.04425 1.67425 1.26163 1.18706 -0.06803 2.57244 -0.94572 -0.25045 3.43198 0.23441 0.73558 2.56921 -1.09581 1.50246,C C C C C H H H H H H H H H H H H C C C C C H H H H H H H H H H H H,-2.59,35_NeopentanePentane
CC(C)(C)C,CCCCC,0,0,17,17,26565,S66x8,3057360,5,66869551,avdz,1.34753,-1.79092,-1.78521,-1.31004,-1.7245400000000002,-0.50964,-0.53368,-2.2286,-2.19668,0.03191,1.33208,-1.94645,-1.87032,-2.4847,1.33447,-1.91348,-1.85948,-2.4384900000000003,-1.97051,-1.87824,-2.51667,-2.48476,-0.65253,1.55837,0.02692,-0.79897,0.03098,-0.66235,2.26475,2.26126,-0.19416,0.19793,-4.07549,0.07986,0.14601,-0.32942,-2.57286,-2.37633,-2.5019,-2.14834,0.00053 -0.07091 6.94585 -0.00054 0.06922 5.42611 -1.23999 -0.61243 4.85221 1.25207 -0.58832 4.85264 -0.01479 1.54902 5.05149 -0.8865 0.39317 7.37921 0.00979 -1.12169 7.23885 0.87919 0.40876 7.37949 -1.26329 -0.52347 3.76538 -1.25208 -1.6737 5.10523 -2.15094 -0.16014 5.2473 1.27339 -0.50003 3.76567 1.2852 -1.64888 5.10673 2.15388 -0.11767 5.24706 0.86298 2.0596 5.45045 -0.01531 1.67547 3.96784 -0.90289 2.04235 5.44928 -2.53038 -0.41758 0.68131 -1.27616 0.44363 0.75002 0.0022 -0.38072 0.67899 1.26833 0.4624 0.74937 2.53497 -0.38042 0.68069 -2.55989 -0.98279 -0.25016 -2.55404 -1.13386 1.50266 -3.43621 0.18414 0.73677 -1.27808 1.02522 1.67509 -1.28034 1.16856 -0.06716 0.00783 -1.11141 1.49383 0.00625 -0.96052 -0.24882 1.26202 1.04425 1.67425 1.26163 1.18706 -0.06803 2.57244 -0.94572 -0.25045 3.43198 0.23441 0.73558 2.56921 -1.09581 1.50246,C C C C C H H H H H H H H H H H H C C C C C H H H H H H H H H H H H,-2.467,35_NeopentanePentane
CC(C)(C)C,CCCCC,0,0,17,17,26565,S66x8,3057360,10,66869552,avdz,0.84115,-1.46468,-1.455,-1.0738299999999998,-1.40701,-0.41932,-0.43994,-2.07853,-2.05901,0.01953,0.83391,-1.57071,-1.51537,-2.25217,0.8354299999999999,-1.54859,-1.50776,-2.22093,-1.58685,-1.52092,-2.27386,-2.25434,-0.3955,0.97224,0.01765,-0.4954,0.02062,-0.40214,1.404,1.40259,-0.10781,0.10752,-3.2471,0.05041,0.09518,-0.21622,-2.31617,-2.1651,-2.28155,-2.02361,0.00052 -0.0665 7.1009 -0.00055 0.07363 5.58117 -1.24001 -0.60802 5.00727 1.25205 -0.58391 5.0077 -0.0148 1.55342 5.20655 -0.88652 0.39758 7.53427 0.00977 -1.11728 7.39391 0.87918 0.41316 7.53455 -1.26331 -0.51906 3.92044 -1.25209 -1.6693 5.26028 -2.15095 -0.15573 5.40236 1.27338 -0.49562 3.92073 1.28518 -1.64447 5.26179 2.15387 -0.11327 5.40212 0.86297 2.06401 5.6055 -0.01532 1.67988 4.1229 -0.9029 2.04676 5.60434 -2.53038 -0.41758 0.68131 -1.27616 0.44363 0.75002 0.0022 -0.38072 0.67899 1.26833 0.4624 0.74937 2.53497 -0.38042 0.68069 -2.55989 -0.98279 -0.25016 -2.55404 -1.13386 1.50266 -3.43621 0.18414 0.73677 -1.27808 1.02522 1.67509 -1.28034 1.16856 -0.06716 0.00783 -1.11141 1.49383 0.00625 -0.96052 -0.24882 1.26202 1.04425 1.67425 1.26163 1.18706 -0.06803 2.57244 -0.94572 -0.25045 3.43198 0.23441 0.73558 2.56921 -1.09581 1.50246,C C C C C H H H H H H H H H H H H C C C C C H H H H H H H H H H H H,-2.24,35_NeopentanePentane
CC(C)(C)C,CCCCC,0,0,17,17,26565,S66x8,3057360,25,66869553,avdz,0.21485,-0.8352,-0.82644,-0.61065,-0.79761,-0.24084,-0.25397,-1.44679,-1.43426,0.01254,0.21636,-0.86974,-0.84872,-1.5021,0.21674,-0.8628299999999999,-0.84593,-1.49202,-0.8747799999999999,-0.85075,-1.50918,-1.49664,-0.08413,0.24972,0.00506,-0.11671,0.0062,-0.08484,0.33694,0.33685,-0.02048,0.01786,-1.75555,0.01253,0.02712,-0.0672,-1.53361,-1.4573,-1.53417,-1.35016,0.00048 -0.05384 7.54635 -0.00059 0.08629 6.02662 -1.24004 -0.59536 5.45272 1.25202 -0.57125 5.45315 -0.01484 1.56608 5.652 -0.88655 0.41024 7.97972 0.00973 -1.10462 7.83936 0.87914 0.42583 7.98 -1.26334 -0.5064 4.36589 -1.25213 -1.65664 5.70574 -2.15099 -0.14307 5.84781 1.27334 -0.48296 4.36618 1.28515 -1.63181 5.70724 2.15383 -0.10061 5.84757 0.86293 2.07667 6.05096 -0.01536 1.69254 4.56835 -0.90294 2.05942 6.04979 -2.53038 -0.41758 0.68131 -1.27616 0.44363 0.75002 0.0022 -0.38072 0.67899 1.26833 0.4624 0.74937 2.53497 -0.38042 0.68069 -2.55989 -0.98279 -0.25016 -2.55404 -1.13386 1.50266 -3.43621 0.18414 0.73677 -1.27808 1.02522 1.67509 -1.28034 1.16856 -0.06716 0.00783 -1.11141 1.49383 0.00625 -0.96052 -0.24882 1.26202 1.04425 1.67425 1.26163 1.18706 -0.06803 2.57244 -0.94572 -0.25045 3.43198 0.23441 0.73558 2.56921 -1.09581 1.50246,C C C C C H H H H H H H H H H H H C C C C C H H H H H H H H H H H H,-1.491,35_NeopentanePentane
CC(C)(C)C,CCCCC,0,0,17,17,26565,S66x8,3057360,50,66869554,avdz,0.02984,-0.36849,-0.36501,-0.2646,-0.34802,-0.1052,-0.11153,-0.7036600000000001,-0.68798,0.01568,0.031580000000000004,-0.37457,-0.37003,-0.71302,0.03157,-0.37344,-0.36943,-0.71131,-0.37539,-0.37047,-0.71428,-0.6986,0.00183,0.03535,0.00065,-0.00399,0.00086,0.00268,0.0303,0.0303,-0.00223,0.00094,-0.74557,0.00119,0.00344,-0.02024,-0.72948,-0.6289600000000001,-0.69711,-0.56192,0.00042 -0.03387 8.24879 -0.00065 0.10626 6.72906 -1.24011 -0.57539 6.15516 1.25195 -0.55128 6.15559 -0.0149 1.58605 6.35444 -0.88661 0.4302 8.68216 0.00967 -1.08465 8.5418 0.87908 0.44579 8.68244 -1.26341 -0.48644 5.06833 -1.25219 -1.63667 6.40818 -2.15105 -0.1231 6.55025 1.27328 -0.463 5.06862 1.28509 -1.61184 6.40968 2.15377 -0.08064 6.55001 0.86287 2.09664 6.75339 -0.01542 1.7125 5.27079 -0.903 2.07938 6.75223 -2.53038 -0.41758 0.68131 -1.27616 0.44363 0.75002 0.0022 -0.38072 0.67899 1.26833 0.4624 0.74937 2.53497 -0.38042 0.68069 -2.55989 -0.98279 -0.25016 -2.55404 -1.13386 1.50266 -3.43621 0.18414 0.73677 -1.27808 1.02522 1.67509 -1.28034 1.16856 -0.06716 0.00783 -1.11141 1.49383 0.00625 -0.96052 -0.24882 1.26202 1.04425 1.67425 1.26163 1.18706 -0.06803 2.57244 -0.94572 -0.25045 3.43198 0.23441 0.73558 2.56921 -1.09581 1.50246,C C C C C H H H H H H H H H H H H C C C C C H H H H H H H H H H H H,-0.6990000000000001,35_NeopentanePentane
CC(C)(C)C,CCCCC,0,0,17,17,26565,S66x8,3057360,100,66869555,avdz,0.00541,-0.09995,-0.099,-0.06936,-0.09191,-0.02752,-0.02924,-0.19354,-0.18339,0.01016,0.00572,-0.10042,-0.09966,-0.19436,0.005679999999999999,-0.10035,-0.09959,-0.19426,-0.10046,-0.09972,-0.19447,-0.18431,0.0056,0.00592,1e-05,0.00498,2e-05,0.00571,0.0002,0.0002,-0.00025,0.0,-0.19919,1e-05,5e-05,-0.006640000000000001,-0.2001,-0.16937,-0.19518,-0.13907,0.00031 0.00406 9.58336 -0.00077 0.14419 8.06363 -1.24022 -0.53746 7.48973 1.25184 -0.51335 7.49016 -0.01501 1.62398 7.689 -0.88673 0.46813 10.01673 0.00956 -1.04672 9.87637 0.87897 0.48372 10.017 -1.26352 -0.44851 6.4029 -1.25231 -1.59874 7.74274 -2.15117 -0.08517 7.88481 1.27317 -0.42507 6.40318 1.28497 -1.57391 7.74425 2.15365 -0.04271 7.88458 0.86275 2.13457 8.08796 -0.01554 1.75044 6.60535 -0.90312 2.11732 8.08679 -2.53038 -0.41758 0.68131 -1.27616 0.44363 0.75002 0.0022 -0.38072 0.67899 1.26833 0.4624 0.74937 2.53497 -0.38042 0.68069 -2.55989 -0.98279 -0.25016 -2.55404 -1.13386 1.50266 -3.43621 0.18414 0.73677 -1.27808 1.02522 1.67509 -1.28034 1.16856 -0.06716 0.00783 -1.11141 1.49383 0.00625 -0.96052 -0.24882 1.26202 1.04425 1.67425 1.26163 1.18706 -0.06803 2.57244 -0.94572 -0.25045 3.43198 0.23441 0.73558 2.56921 -1.09581 1.50246,C C C C C H H H H H H H H H H H H C C C C C H H H H H H H H H H H H,-0.187,35_NeopentanePentane
CC(C)(C)C,CC(C)(C)C,0,0,17,17,11092,S66x8,3057081,-10,66867316,avdz,3.56178,-2.24762,-2.23772,-1.66022,-2.1878,-0.64648,-0.6733899999999999,-0.92356,-0.93271,-0.00916,3.52912,-2.54266,-2.37118,-1.38471,3.53358,-2.4772,-2.35361,-1.29723,-2.59042,-2.3839900000000003,-1.4453,-1.45445,-1.52334,4.1755900000000015,0.06143,-1.8054,0.06898,-1.53262,5.7734,5.74324,-0.49386,0.51659,-5.58709,0.16065,0.30421,-0.81066,-1.66938,-1.5134299999999998,-1.62047,-1.39274,-1.04064 0.39681 1.06094 0.38252 -0.07061 0.7669 0.59085 -1.46682 1.34798 1.37827 0.89844 1.39915 0.60196 -0.11103 -0.7431 -1.77157 -0.2815 0.61833 -1.22472 0.43574 2.13552 -1.21407 1.39372 0.65309 1.60291 -1.82295 1.1501 0.43897 -1.46675 2.42829 -0.10992 -2.17868 0.90931 2.40439 0.58544 1.20073 1.24378 0.94597 2.48071 1.24837 1.90502 0.99895 0.45921 0.87704 -1.1829 1.61369 -0.44346 -0.97967 -0.09953 -0.79755 -1.21922 1.08729 -0.40695 5.40191 -0.33552 0.06202 5.69531 -0.54192 1.45858 5.11448 -0.55581 0.10219 7.20516 -1.33198 -0.90576 5.06216 1.27173 -0.44628 4.32739 1.81873 0.27072 5.84464 1.25956 -1.40396 5.81003 -1.55388 1.81556 5.31132 0.159 2.16965 5.5542 -0.38881 1.45877 4.03433 -1.56703 0.43647 7.44123 0.1467 0.78714 7.682 -0.41525 -0.88633 7.64461 -1.20306 -1.91274 5.46174 -2.35787 -0.59199 5.26055 -1.19728 -0.95274 3.98058,C C C C C H H H H H H H H H H H H C C C C C H H H H H H H H H H H H,-1.4280000000000002,36_NeopentaneNeopentane
CC(C)(C)C,CC(C)(C)C,0,0,17,17,11092,S66x8,3057081,-5,66867317,avdz,2.29395,-1.82864,-1.80618,-1.3624,-1.7732900000000005,-0.5322600000000001,-0.55547,-1.34087,-1.374,-0.03313,2.26956,-2.03002,-1.90057,-1.66104,2.27239,-1.98612,-1.88868,-1.60241,-2.06206,-1.90925,-1.70176,-1.73489,-0.92644,2.67098,0.04115,-1.12292,0.04696,-0.93339,3.68271,3.66959,-0.28227,0.28973000000000004,-4.37375,0.10537,0.20119,-0.55119,-1.8616,-1.76413,-1.85589,-1.6700400000000002,-1.04064 0.39681 1.06094 0.38252 -0.07061 0.7669 0.59085 -1.46682 1.34798 1.37827 0.89844 1.39915 0.60196 -0.11103 -0.7431 -1.77157 -0.2815 0.61833 -1.22472 0.43574 2.13552 -1.21407 1.39372 0.65309 1.60291 -1.82295 1.1501 0.43897 -1.46675 2.42829 -0.10992 -2.17868 0.90931 2.40439 0.58544 1.20073 1.24378 0.94597 2.48071 1.24837 1.90502 0.99895 0.45921 0.87704 -1.1829 1.61369 -0.44346 -0.97967 -0.09953 -0.79755 -1.21922 1.06377 -0.40261 5.56334 -0.35904 0.06636 5.85674 -0.56544 1.46292 5.27591 -0.57933 0.10654 7.36659 -1.3555 -0.90142 5.22359 1.24821 -0.44194 4.48882 1.79521 0.27507 6.00608 1.23604 -1.39961 5.97146 -1.5774 1.81991 5.47276 0.13548 2.17399 5.71563 -0.41233 1.46312 4.19577 -1.59055 0.44081 7.60267 0.12318 0.79149 7.84343 -0.43877 -0.88198 7.80605 -1.22658 -1.90839 5.62317 -2.38139 -0.58764 5.42198 -1.2208 -0.94839 4.14202,C C C C C H H H H H H H H H H H H C C C C C H H H H H H H H H H H H,-1.713,36_NeopentaneNeopentane
CC(C)(C)C,CC(C)(C)C,0,0,17,17,11092,S66x8,3057081,0,66867318,avdz,1.48741,-1.49862,-1.47134,-1.12305,-1.44854,-0.44022,-0.46035,-1.48255,-1.52441,-0.04185,1.471,-1.63575,-1.53818,-1.70294,1.47288,-1.60636,-1.53012,-1.66359,-1.6572,-1.54407,-1.73027,-1.77212,-0.55991,1.7217900000000002,0.02763,-0.69677,0.03205,-0.56498,2.35753,2.3518,-0.1633,0.16309,-3.46569,0.06897,0.13314,-0.37334,-1.84457,-1.77253,-1.84658,-1.6905599999999998,-1.04064 0.39681 1.06094 0.38252 -0.07061 0.7669 0.59085 -1.46682 1.34798 1.37827 0.89844 1.39915 0.60196 -0.11103 -0.7431 -1.77157 -0.2815 0.61833 -1.22472 0.43574 2.13552 -1.21407 1.39372 0.65309 1.60291 -1.82295 1.1501 0.43897 -1.46675 2.42829 -0.10992 -2.17868 0.90931 2.40439 0.58544 1.20073 1.24378 0.94597 2.48071 1.24837 1.90502 0.99895 0.45921 0.87704 -1.1829 1.61369 -0.44346 -0.97967 -0.09953 -0.79755 -1.21922 1.04096 -0.39839 5.7199 -0.38185 0.07057 6.0133 -0.58825 1.46713 5.43247 -0.60214 0.11075 7.52315 -1.37831 -0.8972 5.38015 1.2254 -0.43772 4.64538 1.7724 0.27928 6.16264 1.21323 -1.3954 6.12802 -1.60021 1.82412 5.62932 0.11267 2.17821 5.87219 -0.43514 1.46733 4.35233 -1.61336 0.44503 7.75923 0.10037 0.7957 7.99999 -0.46158 -0.87777 7.96261 -1.24939 -1.90418 5.77973 -2.4042 -0.58343 5.57854 -1.24361 -0.94418 4.29858,C C C C C H H H H H H H H H H H H C C C C C H H H H H H H H H H H H,-1.753,36_NeopentaneNeopentane
CC(C)(C)C,CC(C)(C)C,0,0,17,17,11092,S66x8,3057081,5,66867319,avdz,0.96959,-1.23539,-1.20774,-0.92895,-1.19088,-0.36541,-0.38291,-1.47354,-1.51566,-0.04212,0.96019,-1.3284200000000002,-1.25508,-1.62332,0.96142,-1.3088,-1.24959,-1.59697,-1.34275,-1.25908,-1.6416400000000002,-1.68376,-0.33339,1.11751,0.01857,-0.42857,0.0219,-0.33665,1.50964,1.50714,-0.09553,0.09196,-2.77527,0.04494,0.08827,-0.25215,-1.72479,-1.6715400000000002,-1.73692,-1.59878,-1.04064 0.39681 1.06094 0.38252 -0.07061 0.7669 0.59085 -1.46682 1.34798 1.37827 0.89844 1.39915 0.60196 -0.11103 -0.7431 -1.77157 -0.2815 0.61833 -1.22472 0.43574 2.13552 -1.21407 1.39372 0.65309 1.60291 -1.82295 1.1501 0.43897 -1.46675 2.42829 -0.10992 -2.17868 0.90931 2.40439 0.58544 1.20073 1.24378 0.94597 2.48071 1.24837 1.90502 0.99895 0.45921 0.87704 -1.1829 1.61369 -0.44346 -0.97967 -0.09953 -0.79755 -1.21922 1.01867 -0.39428 5.87289 -0.40414 0.07469 6.16629 -0.61053 1.47125 5.58546 -0.62443 0.11487 7.67614 -1.4006 -0.89309 5.53314 1.20311 -0.4336 4.79837 1.75011 0.2834 6.31563 1.19094 -1.39128 6.28101 -1.6225 1.82824 5.78231 0.09038 2.18232 6.02518 -0.45743 1.47145 4.50532 -1.63565 0.44914 7.91222 0.07808 0.79982 8.15298 -0.48387 -0.87365 8.1156 -1.27167 -1.90006 5.93272 -2.42649 -0.57931 5.73153 -1.2659 -0.94006 4.45157,C C C C C H H H H H H H H H H H H C C C C C H H H H H H H H H H H H,-1.6669999999999998,36_NeopentaneNeopentane
CC(C)(C)C,CC(C)(C)C,0,0,17,17,11092,S66x8,3057081,10,66867320,avdz,0.63643,-1.02415,-0.99845,-0.77117,-0.98506,-0.30442,-0.31966,-1.38616,-1.42422,-0.03806,0.63231,-1.08713,-1.03206,-1.48688,0.6330399999999999,-1.07399,-1.02826,-1.46921,-1.09672,-1.03483,-1.49924,-1.5373,-0.19348,0.73144,0.01249,-0.25961,0.01499,-0.19516,0.96593,0.96484,-0.05665,0.05195,-2.24492,0.02915,0.05873,-0.17067000000000002,-1.56164,-1.52332,-1.58575,-1.44734,-1.04064 0.39681 1.06094 0.38252 -0.07061 0.7669 0.59085 -1.46682 1.34798 1.37827 0.89844 1.39915 0.60196 -0.11103 -0.7431 -1.77157 -0.2815 0.61833 -1.22472 0.43574 2.13552 -1.21407 1.39372 0.65309 1.60291 -1.82295 1.1501 0.43897 -1.46675 2.42829 -0.10992 -2.17868 0.90931 2.40439 0.58544 1.20073 1.24378 0.94597 2.48071 1.24837 1.90502 0.99895 0.45921 0.87704 -1.1829 1.61369 -0.44346 -0.97967 -0.09953 -0.79755 -1.21922 0.99684 -0.39024 6.02273 -0.42597 0.07872 6.31613 -0.63237 1.47528 5.7353 -0.64626 0.1189 7.82599 -1.42243 -0.88905 5.68299 1.18128 -0.42957 4.94821 1.72828 0.28743 6.46547 1.16911 -1.38725 6.43085 -1.64433 1.83227 5.93215 0.06855 2.18636 6.17503 -0.47926 1.47548 4.65516 -1.65748 0.45318 8.06206 0.05625 0.80385 8.30283 -0.5057 -0.86962 8.26544 -1.29351 -1.89603 6.08257 -2.44832 -0.57528 5.88138 -1.28773 -0.93603 4.60141,C C C C C H H H H H H H H H H H H C C C C C H H H H H H H H H H H H,-1.524,36_NeopentaneNeopentane
CC(C)(C)C,CC(C)(C)C,0,0,17,17,11092,S66x8,3057081,25,66867321,avdz,0.19187,-0.60145,-0.5848399999999999,-0.451,-0.57544,-0.17972,-0.18979,-0.99442,-1.0142799999999998,-0.01986,0.19386,-0.6207,-0.59725,-1.02409,0.19384,-0.61669,-0.5958,-1.01865,-0.62363,-0.59831,-1.02807,-1.04793,-0.02195,0.21938,0.00379,-0.04392,0.0048,-0.02189,0.24804,0.24795,-0.01312,0.00935,-1.25229,0.00772,0.01764,-0.05598,-1.06055,-1.03844,-1.07462,-0.98754,-1.04064 0.39681 1.06094 0.38252 -0.07061 0.7669 0.59085 -1.46682 1.34798 1.37827 0.89844 1.39915 0.60196 -0.11103 -0.7431 -1.77157 -0.2815 0.61833 -1.22472 0.43574 2.13552 -1.21407 1.39372 0.65309 1.60291 -1.82295 1.1501 0.43897 -1.46675 2.42829 -0.10992 -2.17868 0.90931 2.40439 0.58544 1.20073 1.24378 0.94597 2.48071 1.24837 1.90502 0.99895 0.45921 0.87704 -1.1829 1.61369 -0.44346 -0.97967 -0.09953 -0.79755 -1.21922 0.93331 -0.37851 6.4588 -0.4895 0.09046 6.7522 -0.6959 1.48702 6.17137 -0.70979 0.13063 8.26205 -1.48596 -0.87732 6.11905 1.11775 -0.41784 5.38428 1.66475 0.29917 6.90154 1.10558 -1.37551 6.86692 -1.70786 1.84401 6.36822 0.00502 2.19809 6.61109 -0.54279 1.48722 5.09123 -1.72101 0.46491 8.49813 -0.00728 0.81558 8.73889 -0.56923 -0.85789 8.7015 -1.35704 -1.88429 6.51863 -2.51185 -0.56355 6.31744 -1.35126 -0.92429 5.03748,C C C C C H H H H H H H H H H H H C C C C C H H H H H H H H H H H H,-1.042,36_NeopentaneNeopentane
CC(C)(C)C,CC(C)(C)C,0,0,17,17,11092,S66x8,3057081,50,66867322,avdz,0.0395,-0.27232,-0.26528,-0.20057,-0.25783,-0.08047,-0.08552,-0.4981,-0.49938,-0.00128,0.04073,-0.27475,-0.26818000000000003,-0.5021899999999999,0.0406,-0.27419,-0.26773,-0.50132,-0.27515,-0.26851,-0.50293,-0.5042,0.01796,0.043910000000000005,0.0005099999999999999,0.01456,0.0007099999999999999,0.01755,0.02321,0.02321,-0.00193,0.0005099999999999999,-0.54571,0.00078,0.00238,-0.01721,-0.52042,-0.47933,-0.51954,-0.42667,-1.04064 0.39681 1.06094 0.38252 -0.07061 0.7669 0.59085 -1.46682 1.34798 1.37827 0.89844 1.39915 0.60196 -0.11103 -0.7431 -1.77157 -0.2815 0.61833 -1.22472 0.43574 2.13552 -1.21407 1.39372 0.65309 1.60291 -1.82295 1.1501 0.43897 -1.46675 2.42829 -0.10992 -2.17868 0.90931 2.40439 0.58544 1.20073 1.24378 0.94597 2.48071 1.24837 1.90502 0.99895 0.45921 0.87704 -1.1829 1.61369 -0.44346 -0.97967 -0.09953 -0.79755 -1.21922 0.83157 -0.35971 7.15715 -0.59124 0.10925 7.45055 -0.79764 1.50581 6.86972 -0.81154 0.14943 8.9604 -1.58771 -0.85853 6.8174 1.01601 -0.39904 6.08263 1.563 0.31796 7.59989 1.00383 -1.35672 7.56527 -1.8096 1.8628 7.06657 -0.09672 2.21689 7.30944 -0.64453 1.50601 5.78958 -1.82275 0.48371 9.19648 -0.10903 0.83438 9.43724 -0.67098 -0.83909 9.39985 -1.45878 -1.8655 7.21698 -2.6136 -0.54475 7.01579 -1.453 -0.9055 5.73583,C C C C C H H H H H H H H H H H H C C C C C H H H H H H H H H H H H,-0.504,36_NeopentaneNeopentane
CC(C)(C)C,CC(C)(C)C,0,0,17,17,11092,S66x8,3057081,100,66867323,avdz,0.00866,-0.07497000000000001,-0.07304,-0.05351,-0.06917000000000001,-0.02137,-0.02278,-0.13935999999999998,-0.13539,0.00397,0.00872,-0.07526000000000001,-0.07389,-0.14043,0.00859,-0.07489,-0.07341,-0.13971,-0.07553,-0.07424,-0.14105,-0.13708,0.00864,0.00891,1e-05,0.00861,1e-05,0.008579999999999999,0.00016,0.00016,-0.00022,0.0,-0.14802,1e-05,3e-05,-0.00576,-0.14520999999999998,-0.13015,-0.14447000000000002,-0.11096,-1.04064 0.39681 1.06094 0.38252 -0.07061 0.7669 0.59085 -1.46682 1.34798 1.37827 0.89844 1.39915 0.60196 -0.11103 -0.7431 -1.77157 -0.2815 0.61833 -1.22472 0.43574 2.13552 -1.21407 1.39372 0.65309 1.60291 -1.82295 1.1501 0.43897 -1.46675 2.42829 -0.10992 -2.17868 0.90931 2.40439 0.58544 1.20073 1.24378 0.94597 2.48071 1.24837 1.90502 0.99895 0.45921 0.87704 -1.1829 1.61369 -0.44346 -0.97967 -0.09953 -0.79755 -1.21922 0.63568 -0.32353 8.50167 -0.78713 0.14544 8.79507 -0.99353 1.542 8.21424 -1.00742 0.18561 10.30492 -1.78359 -0.82234 8.16192 0.82012 -0.36286 7.42715 1.36712 0.35414 8.9444 0.80795 -1.32054 8.90979 -2.00549 1.89898 8.41108 -0.29261 2.25307 8.65396 -0.84042 1.54219 7.13409 -2.01864 0.51989 10.54099 -0.30491 0.87056 10.78176 -0.86686 -0.80291 10.74437 -1.65467 -1.82932 8.5615 -2.80948 -0.50857 8.36031 -1.64889 -0.86932 7.08034,C C C C C H H H H H H H H H H H H C C C C C H H H H H H H H H H H H,-0.136,36_NeopentaneNeopentane
C1CCCC1,CC(C)(C)C,0,0,15,17,26566,S66x8,3057225,-10,66868468,avdz,6.0171199999999985,-3.42595,-3.50781,-2.41688,-3.3270699999999995,-0.94744,-0.98789,-0.91664,-0.67427,0.24238,5.9634,-3.94823,-3.7554,-1.74023,5.97278,-3.83282,-3.72173,-1.58176,-4.03246,-3.77996,-1.84902,-1.60665,-3.14357,7.08759,0.10158,-3.64291,0.11179,-3.1671400000000003,10.23126,10.16124,-1.23172,1.30567,-8.81537,0.32324,0.55815,-1.27026,-2.06618,-1.57342,-1.83556,-1.24778,0.79991 -1.02205 0.68774 1.11689 0.42495 1.09966 -0.24456 1.16569 1.10298 -1.29871 0.10381 0.73931 -0.64688 -1.22007 1.13631 0.85356 -1.12205 -0.39801 1.4914 -1.74417 1.11972 1.83814 0.89015 0.43045 1.55557 0.43982 2.09708 -0.25808 2.00086 0.40532 -0.4488 1.577 2.09098 -1.47356 0.10524 -0.33801 -2.25673 0.27804 1.22716 -1.12444 -2.08763 0.68299 -0.68602 -1.34528 2.22022 -0.05414 -0.07276 6.78966 0.04221 0.07933 5.27402 0.75626 1.38623 4.93839 -1.36281 0.09915 4.6767 0.83011 -1.09416 4.69668 0.93841 -0.08822 7.24202 -0.61306 0.75513 7.22809 -0.5613 -1.00142 7.05501 0.83778 1.51973 3.85871 0.21279 2.24092 5.34389 1.76386 1.39688 5.35663 -1.32587 0.21634 3.59285 -1.94511 0.92658 5.08504 -1.89271 -0.82863 4.89803 0.33489 -2.04115 4.91692 0.92495 -1.00697 3.61354 1.83482 -1.13156 5.12043,C C C C C H H H H H H H H H H C C C C C H H H H H H H H H H H H,-1.574,37_CyclopentaneNeopentane
C1CCCC1,CC(C)(C)C,0,0,15,17,26566,S66x8,3057225,-5,66868469,avdz,3.73163,-2.72759,-2.76384,-1.9484,-2.63731,-0.7655,-0.79962,-1.7598,-1.61958,0.14023,3.69941,-3.08053,-2.93622,-2.31735,3.705,-3.00327,-2.9130700000000003,-2.21133,-3.13692,-2.95311,-2.39062,-2.2504,-1.90061,4.37692,0.06646,-2.23989,0.07418,-1.91496,6.31871,6.2895900000000005,-0.67035,0.70921,-6.7203,0.20558,0.36317,-0.8295600000000001,-2.53851,-2.24451,-2.4113900000000004,-2.04842,0.79991 -1.02205 0.68774 1.11689 0.42495 1.09966 -0.24456 1.16569 1.10298 -1.29871 0.10381 0.73931 -0.64688 -1.22007 1.13631 0.85356 -1.12205 -0.39801 1.4914 -1.74417 1.11972 1.83814 0.89015 0.43045 1.55557 0.43982 2.09708 -0.25808 2.00086 0.40532 -0.4488 1.577 2.09098 -1.47356 0.10524 -0.33801 -2.25673 0.27804 1.22716 -1.12444 -2.08763 0.68299 -0.68602 -1.34528 2.22022 -0.05027 -0.06522 6.96313 0.04608 0.08687 5.44749 0.76013 1.39378 5.11186 -1.35893 0.10669 4.85017 0.83398 -1.08661 4.87015 0.94228 -0.08068 7.41548 -0.60919 0.76267 7.40156 -0.55743 -0.99388 7.22848 0.84165 1.52727 4.03218 0.21666 2.24846 5.51736 1.76774 1.40443 5.53009 -1.322 0.22388 3.76632 -1.94123 0.93412 5.25851 -1.88884 -0.82109 5.0715 0.33876 -2.03361 5.09039 0.92882 -0.99943 3.78701 1.8387 -1.12402 5.2939,C C C C C H H H H H H H H H H C C C C C H H H H H H H H H H H H,-2.225,37_CyclopentaneNeopentane
C1CCCC1,CC(C)(C)C,0,0,15,17,26566,S66x8,3057225,0,66868470,avdz,2.35555,-2.1994,-2.21053,-1.58534,-2.11847,-0.62442,-0.65349,-2.05438,-1.97268,0.08171,2.33551,-2.44054,-2.3321,-2.43713,2.33887,-2.38828,-2.31601,-2.36543,-2.47868,-2.34383,-2.487,-2.40529,-1.16602,2.75198,0.04404,-1.39903,0.04986,-1.1745,3.96379,3.95138,-0.37345,0.39145,-5.22234,0.13207,0.23844,-0.54784,-2.5923700000000003,-2.3636,-2.50241,-2.15825,0.79991 -1.02205 0.68774 1.11689 0.42495 1.09966 -0.24456 1.16569 1.10298 -1.29871 0.10381 0.73931 -0.64688 -1.22007 1.13631 0.85356 -1.12205 -0.39801 1.4914 -1.74417 1.11972 1.83814 0.89015 0.43045 1.55557 0.43982 2.09708 -0.25808 2.00086 0.40532 -0.4488 1.577 2.09098 -1.47356 0.10524 -0.33801 -2.25673 0.27804 1.22716 -1.12444 -2.08763 0.68299 -0.68602 -1.34528 2.22022 -0.04659 -0.05806 7.12765 0.04975 0.09402 5.61201 0.7638 1.40093 5.27638 -1.35526 0.11385 5.01469 0.83765 -1.07946 5.03467 0.94595 -0.07353 7.58001 -0.60552 0.76982 7.56608 -0.55376 -0.98673 7.393 0.84532 1.53443 4.1967 0.22033 2.25562 5.68189 1.77141 1.41158 5.69462 -1.31833 0.23104 3.93084 -1.93756 0.94127 5.42304 -1.88516 -0.81394 5.23602 0.34243 -2.02645 5.25491 0.93249 -0.99228 3.95154 1.84237 -1.11687 5.45842,C C C C C H H H H H H H H H H C C C C C H H H H H H H H H H H H,-2.384,37_CyclopentaneNeopentane
C1CCCC1,CC(C)(C)C,0,0,15,17,26566,S66x8,3057225,5,66868471,avdz,1.50436,-1.79086,-1.7888,-1.29888,-1.7193200000000002,-0.51297,-0.53789,-2.0753,-2.02681,0.04848,1.49266,-1.95667,-1.87519,-2.3392,1.49469,-1.92111,-1.86396,-2.29037,-1.98261,-1.88339,-2.37335,-2.32486,-0.7206899999999999,1.75198,0.02941,-0.88181,0.033780000000000004,-0.72524,2.50943,2.50408,-0.21173000000000006,0.21838,-4.12054,0.08525,0.15747,-0.36374,-2.45072,-2.26237,-2.38804,-2.07112,0.79991 -1.02205 0.68774 1.11689 0.42495 1.09966 -0.24456 1.16569 1.10298 -1.29871 0.10381 0.73931 -0.64688 -1.22007 1.13631 0.85356 -1.12205 -0.39801 1.4914 -1.74417 1.11972 1.83814 0.89015 0.43045 1.55557 0.43982 2.09708 -0.25808 2.00086 0.40532 -0.4488 1.577 2.09098 -1.47356 0.10524 -0.33801 -2.25673 0.27804 1.22716 -1.12444 -2.08763 0.68299 -0.68602 -1.34528 2.22022 -0.04306 -0.05119 7.28578 0.05328 0.1009 5.77014 0.76733 1.4078 5.43452 -1.35173 0.12072 5.17282 0.84118 -1.07259 5.19281 0.94948 -0.06666 7.73814 -0.60199 0.77669 7.72422 -0.55023 -0.97986 7.55113 0.84885 1.5413 4.35484 0.22386 2.26249 5.84002 1.77494 1.41845 5.85275 -1.3148 0.23791 4.08897 -1.93403 0.94814 5.58117 -1.88163 -0.80707 5.39415 0.34596 -2.01958 5.41305 0.93602 -0.98541 4.10967 1.8459 -1.10999 5.61655,C C C C C H H H H H H H H H H C C C C C H H H H H H H H H H H H,-2.306,37_CyclopentaneNeopentane
C1CCCC1,CC(C)(C)C,0,0,15,17,26566,S66x8,3057225,10,66868472,avdz,0.96985,-1.47063,-1.46231,-1.07072,-1.40799,-0.4240600000000001,-0.44551,-1.9631,-1.93292,0.03018,0.96423,-1.58519,-1.52409,-2.14505,0.96548,-1.56092,-1.5162,-2.11164,-1.6029,-1.52984,-2.16852,-2.1383400000000004,-0.44672,1.12736,0.01976,-0.55874,0.02304,-0.44867,1.5985200000000002,1.59619,-0.122,0.1229,-3.2948800000000005,0.055179999999999986,0.10458,-0.24245,-2.22683,-2.09011,-2.19708,-1.92639,0.79991 -1.02205 0.68774 1.11689 0.42495 1.09966 -0.24456 1.16569 1.10298 -1.29871 0.10381 0.73931 -0.64688 -1.22007 1.13631 0.85356 -1.12205 -0.39801 1.4914 -1.74417 1.11972 1.83814 0.89015 0.43045 1.55557 0.43982 2.09708 -0.25808 2.00086 0.40532 -0.4488 1.577 2.09098 -1.47356 0.10524 -0.33801 -2.25673 0.27804 1.22716 -1.12444 -2.08763 0.68299 -0.68602 -1.34528 2.22022 -0.03965 -0.04454 7.43873 0.05669 0.10754 5.92308 0.77075 1.41445 5.58746 -1.34832 0.12737 5.32577 0.84459 -1.06594 5.34575 0.9529 -0.06001 7.89108 -0.59857 0.78334 7.87716 -0.54681 -0.97321 7.70407 0.85227 1.54795 4.50778 0.22728 2.26914 5.99296 1.77835 1.4251 6.00569 -1.31139 0.24456 4.24192 -1.93062 0.95479 5.73411 -1.87822 -0.80042 5.54709 0.34937 -2.01293 5.56599 0.93944 -0.97876 4.26261 1.84931 -1.10334 5.7695,C C C C C H H H H H H H H H H C C C C C H H H H H H H H H H H H,-2.122,37_CyclopentaneNeopentane
C1CCCC1,CC(C)(C)C,0,0,15,17,26566,S66x8,3057225,25,66868473,avdz,0.27237,-0.84834,-0.8381200000000001,-0.61842,-0.80707,-0.24693,-0.26079,-1.41409,-1.40005,0.01404,0.27502,-0.8869299999999999,-0.86146,-1.47336,0.27535,-0.87916,-0.85864,-1.46246,-0.89259,-0.8635200000000001,-1.48108,-1.46704,-0.10139,0.3175,0.00611,-0.13990999999999998,0.00746,-0.09988,0.41772,0.41753,-0.02564,0.02259,-1.7965400000000002,0.01494,0.0315,-0.076,-1.51131,-1.45358,-1.52774,-1.36271,0.79991 -1.02205 0.68774 1.11689 0.42495 1.09966 -0.24456 1.16569 1.10298 -1.29871 0.10381 0.73931 -0.64688 -1.22007 1.13631 0.85356 -1.12205 -0.39801 1.4914 -1.74417 1.11972 1.83814 0.89015 0.43045 1.55557 0.43982 2.09708 -0.25808 2.00086 0.40532 -0.4488 1.577 2.09098 -1.47356 0.10524 -0.33801 -2.25673 0.27804 1.22716 -1.12444 -2.08763 0.68299 -0.68602 -1.34528 2.22022 -0.02989 -0.02553 7.8761 0.06646 0.12656 6.36046 0.78051 1.43346 6.02484 -1.33855 0.14638 5.76314 0.85436 -1.04693 5.78312 0.96266 -0.04099 8.32846 -0.58881 0.80236 8.31454 -0.53705 -0.95419 8.14145 0.86203 1.56696 4.94515 0.23704 2.28815 6.43034 1.78812 1.44411 6.44307 -1.30162 0.26357 4.67929 -1.92085 0.97381 6.17149 -1.86846 -0.7814 5.98447 0.35914 -1.99392 6.00337 0.9492 -0.95974 4.69999 1.85908 -1.08433 6.20687,C C C C C H H H H H H H H H H C C C C C H H H H H H H H H H H H,-1.4580000000000002,37_CyclopentaneNeopentane
C1CCCC1,CC(C)(C)C,0,0,15,17,26566,S66x8,3057225,50,66868474,avdz,0.04265,-0.37872,-0.37394,-0.27214,-0.35655,-0.10948,-0.11633,-0.71001,-0.69552,0.01449,0.04498,-0.38553,-0.37932,-0.71988,0.04502,-0.38432,-0.3787,-0.718,-0.38641,-0.37978,-0.72122,-0.70673,0.00196,0.05029,0.00088,-0.0050100000000000006,0.00117,0.00282,0.0433,0.0433,-0.00299,0.0014199999999999998,-0.76807,0.00165,0.00449,-0.02197,-0.73936,-0.65997,-0.72597,-0.59224,0.79991 -1.02205 0.68774 1.11689 0.42495 1.09966 -0.24456 1.16569 1.10298 -1.29871 0.10381 0.73931 -0.64688 -1.22007 1.13631 0.85356 -1.12205 -0.39801 1.4914 -1.74417 1.11972 1.83814 0.89015 0.43045 1.55557 0.43982 2.09708 -0.25808 2.00086 0.40532 -0.4488 1.577 2.09098 -1.47356 0.10524 -0.33801 -2.25673 0.27804 1.22716 -1.12444 -2.08763 0.68299 -0.68602 -1.34528 2.22022 -0.01457 0.0043 8.56218 0.08177 0.15638 7.04654 0.79583 1.46329 6.71091 -1.32324 0.17621 6.44922 0.86967 -1.0171 6.4692 0.97797 -0.01117 9.01453 -0.5735 0.83218 9.00061 -0.52174 -0.92437 8.82753 0.87735 1.59679 5.63123 0.25235 2.31798 7.11641 1.80343 1.47394 7.12914 -1.28631 0.2934 5.36537 -1.90554 1.00363 6.85756 -1.85314 -0.75158 6.67055 0.37445 -1.96409 6.68944 0.96452 -0.92992 5.38606 1.87439 -1.05451 6.89295,C C C C C H H H H H H H H H H C C C C C H H H H H H H H H H H H,-0.705,37_CyclopentaneNeopentane
C1CCCC1,CC(C)(C)C,0,0,15,17,26566,S66x8,3057225,100,66868475,avdz,0.00689,-0.10304,-0.10168,-0.0716,-0.0944,-0.02873,-0.03062,-0.19784,-0.18784,0.01,0.00727,-0.10329,-0.10229,-0.1983,0.00729,-0.10337,-0.10229,-0.19837,-0.10323,-0.10228,-0.19824,-0.18824,0.0069,0.00755,2e-05,0.0065,3e-05,0.006959999999999999,0.0005200000000000001,0.0005200000000000001,-0.0003,1e-05,-0.20506,2e-05,8e-05,-0.0069900000000000006,-0.20475,-0.18048,-0.20174,-0.15289,0.79991 -1.02205 0.68774 1.11689 0.42495 1.09966 -0.24456 1.16569 1.10298 -1.29871 0.10381 0.73931 -0.64688 -1.22007 1.13631 0.85356 -1.12205 -0.39801 1.4914 -1.74417 1.11972 1.83814 0.89015 0.43045 1.55557 0.43982 2.09708 -0.25808 2.00086 0.40532 -0.4488 1.577 2.09098 -1.47356 0.10524 -0.33801 -2.25673 0.27804 1.22716 -1.12444 -2.08763 0.68299 -0.68602 -1.34528 2.22022 0.01447 0.06085 9.86308 0.11081 0.21293 8.34744 0.82486 1.51984 8.01181 -1.2942 0.23276 7.75012 0.89871 -0.96055 7.7701 1.00701 0.04538 10.31544 -0.54446 0.88873 10.30151 -0.4927 -0.86782 10.12843 0.90638 1.65334 6.93213 0.28139 2.37453 8.41731 1.83247 1.53049 8.43005 -1.25727 0.34995 6.66627 -1.8765 1.06018 8.15846 -1.8241 -0.69503 7.97145 0.40349 -1.90754 7.99034 0.99355 -0.87337 6.68697 1.90343 -0.99796 8.19385,C C C C C H H H H H H H H H H C C C C C H H H H H H H H H H H H,-0.191,37_CyclopentaneNeopentane
C1CCCC1,C1CCCC1,0,0,15,15,11065,S66x8,3057054,-10,66867100,avdz,6.266380000000002,-3.85953,-3.95793,-2.69687,-3.73256,-1.07341,-1.12028,-1.55108,-1.23646,0.31462,6.22888,-4.42456,-4.23741,-2.43309,6.23728,-4.30032,-4.19843,-2.26147,-4.5152199999999985,-4.26585,-2.55219,-2.2375700000000003,-3.29115,7.3728,0.10665,-3.74489,0.11663,-3.30465,10.63184,10.59547,-1.04674,1.1047,-9.66429,0.33158000000000004,0.57157,-1.25244,-2.6284400000000003,-2.03855,-2.29028,-1.7870099999999998,0.95688 -0.89185 1.14195 0.99095 0.65851 1.1455 -0.47945 1.10232 1.10388 -1.18211 -0.0528 0.39335 -0.53066 -1.27489 1.03931 1.50457 -1.27836 0.28342 1.42138 -1.31478 2.03103 1.51059 1.0231 0.25995 1.51626 1.05982 2.01054 -0.61627 2.06488 0.61357 -0.87474 1.18907 2.11807 -0.94888 -0.02683 -0.6738 -2.26566 -0.03356 0.50127 -0.69039 -2.19702 0.48299 -0.95085 -1.41541 2.03675 -1.13825 -0.3965 4.77011 0.17536 -1.19205 4.72235 1.30468 -0.12934 4.72295 0.5945 1.23233 4.83081 -0.74755 0.89785 5.48063 -1.47138 -0.15981 3.75753 -1.94303 -0.9396 5.2631 0.22531 -1.84979 3.85622 0.25565 -1.82341 5.60674 1.92594 -0.19002 3.83107 1.96209 -0.27923 5.57835 0.41464 1.64082 3.83481 1.17489 1.96673 5.38679 -1.48722 1.69037 5.37574 -0.60751 0.70621 6.54717,C C C C C H H H H H H H H H H C C C C C H H H H H H H H H H,-2.199,38_CyclopentaneCyclopentane
C1CCCC1,C1CCCC1,0,0,15,15,11065,S66x8,3057054,-5,66867101,avdz,4.0694300000000005,-3.17988,-3.23107,-2.24662,-3.0613,-0.8932700000000001,-0.93374,-2.34152,-2.13176,0.20976,4.04801,-3.57981,-3.43584,-2.96763,4.0532900000000005,-3.49208,-3.40731,-2.8461,-3.64383,-3.45665,-3.05247,-2.84271,-2.10848,4.77502,0.07299,-2.43139,0.0808,-2.11455,6.87487,6.8595,-0.60642,0.63502,-7.67718,0.22179,0.39079,-0.83078,-3.10645,-2.6808400000000003,-2.91457,-2.3548400000000003,0.95688 -0.89185 1.14195 0.99095 0.65851 1.1455 -0.47945 1.10232 1.10388 -1.18211 -0.0528 0.39335 -0.53066 -1.27489 1.03931 1.50457 -1.27836 0.28342 1.42138 -1.31478 2.03103 1.51059 1.0231 0.25995 1.51626 1.05982 2.01054 -0.61627 2.06488 0.61357 -0.87474 1.18907 2.11807 -0.94888 -0.02683 -0.6738 -2.26566 -0.03356 0.50127 -0.69039 -2.19702 0.48299 -0.95085 -1.41541 2.03675 -1.13516 -0.3903 4.91093 0.17844 -1.18585 4.86317 1.30776 -0.12314 4.86377 0.59759 1.23853 4.97163 -0.74447 0.90405 5.62145 -1.4683 -0.15361 3.89835 -1.93995 -0.9334 5.40392 0.22839 -1.84359 3.99704 0.25873 -1.81721 5.74756 1.92902 -0.18382 3.97189 1.96517 -0.27303 5.71917 0.41772 1.64702 3.97564 1.17797 1.97293 5.52761 -1.48413 1.69657 5.51657 -0.60443 0.71241 6.688,C C C C C H H H H H H H H H H C C C C C H H H H H H H H H H,-2.8110000000000004,38_CyclopentaneCyclopentane
C1CCCC1,C1CCCC1,0,0,15,15,11065,S66x8,3057054,0,66867102,avdz,2.5197700000000003,-2.57419,-2.5935200000000003,-1.83575,-2.46616,-0.72936,-0.76384,-2.64794,-2.5115,0.13644,2.50843,-2.8458,-2.73855,-3.07592,2.51143,-2.7865,-2.71845,-2.99352,-2.88907,-2.75321,-3.13385,-2.99742,-1.28342,2.94835,0.04777,-1.5034299999999998,0.05364,-1.2846799999999998,4.2262,4.22032,-0.33066,0.34125,-5.99783,0.14102,0.25477,-0.5253399999999999,-3.17528,-2.84901,-3.04957,-2.51153,0.95688 -0.89185 1.14195 0.99095 0.65851 1.1455 -0.47945 1.10232 1.10388 -1.18211 -0.0528 0.39335 -0.53066 -1.27489 1.03931 1.50457 -1.27836 0.28342 1.42138 -1.31478 2.03103 1.51059 1.0231 0.25995 1.51626 1.05982 2.01054 -0.61627 2.06488 0.61357 -0.87474 1.18907 2.11807 -0.94888 -0.02683 -0.6738 -2.26566 -0.03356 0.50127 -0.69039 -2.19702 0.48299 -0.95085 -1.41541 2.03675 -1.13178 -0.38351 5.06534 0.18183 -1.17905 5.01757 1.31114 -0.11635 5.01817 0.60097 1.24532 5.12604 -0.74108 0.91085 5.77585 -1.46491 -0.14681 4.05275 -1.93657 -0.9266 5.55832 0.23177 -1.83679 4.15144 0.26211 -1.81041 5.90196 1.93241 -0.17702 4.1263 1.96855 -0.26623 5.87358 0.42111 1.65382 4.13004 1.18135 1.97973 5.68201 -1.48075 1.70336 5.67097 -0.60104 0.71921 6.8424,C C C C C H H H H H H H H H H C C C C C H H H H H H H H H H,-2.971,38_CyclopentaneCyclopentane
C1CCCC1,C1CCCC1,0,0,15,15,11065,S66x8,3057054,5,66867103,avdz,1.54706,-2.08475,-2.0864,-1.49642,-1.98833,-0.59445,-0.62379,-2.6240900000000003,-2.53214,0.09195,1.54206,-2.26751,-2.18856,-2.91401,1.5436299999999998,-2.22796,-2.17455,-2.85887,-2.29638,-2.19879,-2.95311,-2.86116,-0.77179,1.8061,0.03095,-0.91984,0.03528,-0.77059,2.56736,2.56517,-0.17856,0.18042,-4.70969,0.08834,0.16421,-0.32777,-2.9862900000000003,-2.7669,-2.91515,-2.54143,0.95688 -0.89185 1.14195 0.99095 0.65851 1.1455 -0.47945 1.10232 1.10388 -1.18211 -0.0528 0.39335 -0.53066 -1.27489 1.03931 1.50457 -1.27836 0.28342 1.42138 -1.31478 2.03103 1.51059 1.0231 0.25995 1.51626 1.05982 2.01054 -0.61627 2.06488 0.61357 -0.87474 1.18907 2.11807 -0.94888 -0.02683 -0.6738 -2.26566 -0.03356 0.50127 -0.69039 -2.19702 0.48299 -0.95085 -1.41541 2.03675 -1.12838 -0.37667 5.2206 0.18523 -1.17222 5.17284 1.31454 -0.10951 5.17344 0.60437 1.25216 5.28131 -0.73768 0.91769 5.93112 -1.46151 -0.13997 4.20802 -1.93317 -0.91977 5.71359 0.23517 -1.82996 4.30671 0.26551 -1.80357 6.05723 1.93581 -0.17019 4.28157 1.97195 -0.25939 6.02884 0.42451 1.66065 4.28531 1.18475 1.98656 5.83728 -1.47735 1.7102 5.82624 -0.59764 0.72605 6.99767,C C C C C H H H H H H H H H H C C C C C H H H H H H H H H H,-2.839,38_CyclopentaneCyclopentane
C1CCCC1,C1CCCC1,0,0,15,15,11065,S66x8,3057054,10,66867104,avdz,0.95858,-1.7021400000000002,-1.69538,-1.2263700000000002,-1.61714,-0.48738,-0.51243,-2.43893,-2.37231,0.06662,0.95768,-1.82583,-1.76788,-2.63603,0.95844,-1.7994,-1.75807,-2.59903,-1.84512,-1.7750400000000002,-2.66248,-2.59586,-0.46592,1.11779,0.02016,-0.56579,0.02333,-0.46382,1.56784,1.56702,-0.09787,0.09614,-3.7488,0.055429999999999986,0.10652,-0.20496,-2.68952,-2.53202,-2.65796,-2.34336,0.95688 -0.89185 1.14195 0.99095 0.65851 1.1455 -0.47945 1.10232 1.10388 -1.18211 -0.0528 0.39335 -0.53066 -1.27489 1.03931 1.50457 -1.27836 0.28342 1.42138 -1.31478 2.03103 1.51059 1.0231 0.25995 1.51626 1.05982 2.01054 -0.61627 2.06488 0.61357 -0.87474 1.18907 2.11807 -0.94888 -0.02683 -0.6738 -2.26566 -0.03356 0.50127 -0.69039 -2.19702 0.48299 -0.95085 -1.41541 2.03675 -1.12508 -0.37003 5.37142 0.18853 -1.16557 5.32366 1.31785 -0.10287 5.32426 0.60767 1.2588 5.43213 -0.73438 0.92433 6.08194 -1.45821 -0.13333 4.35884 -1.92986 -0.91313 5.86441 0.23848 -1.82332 4.45753 0.26882 -1.79693 6.20805 1.93911 -0.16355 4.43239 1.97526 -0.25275 6.17966 0.42781 1.66729 4.43613 1.18806 1.9932 5.9881 -1.47405 1.71684 5.97706 -0.59434 0.73269 7.14849,C C C C C H H H H H H H H H H C C C C C H H H H H H H H H H,-2.5780000000000003,38_CyclopentaneCyclopentane
C1CCCC1,C1CCCC1,0,0,15,15,11065,S66x8,3057054,25,66867105,avdz,0.2393,-0.96563,-0.95575,-0.6954100000000001,-0.90897,-0.27722,-0.29296,-1.6820700000000002,-1.6422900000000002,0.03978,0.2426,-1.00516,-0.9827,-1.7452599999999998,0.24258,-0.99718,-0.97922,-1.73382,-1.01098,-0.98525,-1.75363,-1.71385,-0.09946,0.28005,0.00569,-0.13044,0.0069,-0.0972,0.3602,0.36015,-0.01787,0.015069999999999997,-2.02097,0.01366,0.03001,-0.05591,-1.77302,-1.66346,-1.74643,-1.55261,0.95688 -0.89185 1.14195 0.99095 0.65851 1.1455 -0.47945 1.10232 1.10388 -1.18211 -0.0528 0.39335 -0.53066 -1.27489 1.03931 1.50457 -1.27836 0.28342 1.42138 -1.31478 2.03103 1.51059 1.0231 0.25995 1.51626 1.05982 2.01054 -0.61627 2.06488 0.61357 -0.87474 1.18907 2.11807 -0.94888 -0.02683 -0.6738 -2.26566 -0.03356 0.50127 -0.69039 -2.19702 0.48299 -0.95085 -1.41541 2.03675 -1.11557 -0.35093 5.80526 0.19803 -1.14647 5.7575 1.32735 -0.08377 5.7581 0.61717 1.2779 5.86596 -0.72488 0.94343 6.51578 -1.44871 -0.11423 4.79268 -1.92036 -0.89403 6.29825 0.24798 -1.80422 4.89137 0.27832 -1.77783 6.64189 1.94861 -0.14445 4.86622 1.98476 -0.23365 6.6135 0.43731 1.68639 4.86996 1.19756 2.0123 6.42194 -1.46455 1.73594 6.41089 -0.58484 0.75179 7.58232,C C C C C H H H H H H H H H H C C C C C H H H H H H H H H H,-1.705,38_CyclopentaneCyclopentane
C1CCCC1,C1CCCC1,0,0,15,15,11065,S66x8,3057054,50,66867106,avdz,0.03175,-0.42234,-0.4182,-0.2985,-0.39196,-0.11944,-0.12692,-0.8088,-0.77815,0.03065,0.0335,-0.42915,-0.42441,-0.82005,0.03337,-0.4279600000000001,-0.42364,-0.81823,-0.43002,-0.4249600000000001,-0.8214799999999999,-0.79083,0.00026000000000000003,0.03747,0.0007099999999999999,-0.00444,0.00093,0.00125,0.03053,0.03053,-0.00193,0.00082,-0.85362,0.0013,0.0038,-0.01904,-0.8368899999999999,-0.7088399999999999,-0.78046,-0.63593,0.95688 -0.89185 1.14195 0.99095 0.65851 1.1455 -0.47945 1.10232 1.10388 -1.18211 -0.0528 0.39335 -0.53066 -1.27489 1.03931 1.50457 -1.27836 0.28342 1.42138 -1.31478 2.03103 1.51059 1.0231 0.25995 1.51626 1.05982 2.01054 -0.61627 2.06488 0.61357 -0.87474 1.18907 2.11807 -0.94888 -0.02683 -0.6738 -2.26566 -0.03356 0.50127 -0.69039 -2.19702 0.48299 -0.95085 -1.41541 2.03675 -1.10057 -0.32076 6.49042 0.21304 -1.11631 6.44266 1.34235 -0.0536 6.44326 0.63218 1.30807 6.55112 -0.70987 0.97359 7.20094 -1.4337 -0.08407 5.47784 -1.90536 -0.86386 6.98341 0.26298 -1.77405 5.57653 0.29333 -1.74767 7.32705 1.96362 -0.11428 5.55138 1.99976 -0.20349 7.29866 0.45232 1.71656 5.55513 1.21256 2.04247 7.1071 -1.44954 1.7661 7.09606 -0.56983 0.78195 8.26749,C C C C C H H H H H H H H H H C C C C C H H H H H H H H H H,-0.7909999999999999,38_CyclopentaneCyclopentane
C1CCCC1,C1CCCC1,0,0,15,15,11065,S66x8,3057054,100,66867107,avdz,0.0053,-0.11273,-0.11174,-0.07658,-0.10147,-0.03059,-0.03258,-0.21916,-0.20334,0.015819999999999997,0.00574,-0.11315,-0.11247,-0.21989,0.00571,-0.11312,-0.11244,-0.21984,-0.11317,-0.1125,-0.21994,-0.20412,0.00557,0.00593,1e-05,0.00524,2e-05,0.00545,0.00039,0.00039,-0.00025,1e-05,-0.22493,1e-05,6e-05,-0.00587,-0.22513,-0.18553,-0.21926,-0.14582,0.95688 -0.89185 1.14195 0.99095 0.65851 1.1455 -0.47945 1.10232 1.10388 -1.18211 -0.0528 0.39335 -0.53066 -1.27489 1.03931 1.50457 -1.27836 0.28342 1.42138 -1.31478 2.03103 1.51059 1.0231 0.25995 1.51626 1.05982 2.01054 -0.61627 2.06488 0.61357 -0.87474 1.18907 2.11807 -0.94888 -0.02683 -0.6738 -2.26566 -0.03356 0.50127 -0.69039 -2.19702 0.48299 -0.95085 -1.41541 2.03675 -1.07202 -0.26338 7.79381 0.24159 -1.05893 7.74605 1.3709 0.00378 7.74664 0.66073 1.36545 7.85451 -0.68132 1.03098 8.50432 -1.40516 -0.02668 6.78122 -1.87681 -0.80648 8.28679 0.29153 -1.71667 6.87991 0.32187 -1.69028 8.63043 1.99217 -0.0569 6.85477 2.02831 -0.1461 8.60205 0.48086 1.77394 6.85851 1.24111 2.09985 8.41048 -1.42099 1.82349 8.39944 -0.54128 0.83934 9.57087,C C C C C H H H H H H H H H H C C C C C H H H H H H H H H H,-0.207,38_CyclopentaneCyclopentane
C1CCCC1,c1ccccc1,0,0,15,12,12777,S66x8,3057243,-10,66868612,avdz,8.62561,-5.67812,-5.49616,-3.5980800000000004,-4.42886,-1.42623,-1.45905,-2.54868,-0.8275600000000001,1.72111,8.564160000000001,-6.39646,-5.87969,-3.71199,8.57368,-6.2264800000000005,-5.82123,-3.4740300000000004,-6.5205,-5.92236,-3.87869,-2.15758,-6.21975,10.46008,0.16045,-6.31833,0.16034,-6.20824,16.48922,16.38358,-3.32971,3.3521,-13.97137,0.6974100000000001,1.05914,-2.00013,-3.91158,-1.7891099999999998,-2.36521,-1.27393,-0.77918 -0.7546 3.7122 0.69036 -1.01166 4.05633 1.33049 0.39374 4.14728 0.15145 1.39291 4.17415 -1.08232 0.53582 4.4698 -0.88544 -0.57965 2.63989 -1.43082 -1.58386 3.98535 1.18559 -1.64924 3.32574 0.75364 -1.51187 5.02379 1.98076 0.58641 3.29543 1.94336 0.48291 5.043 0.0343 1.85188 3.19186 0.29704 2.19442 4.89655 -2.01331 1.01156 4.16389 -1.14775 0.3265 5.54033 0.76555 0.86824 0.82099 1.23765 -0.44284 0.79389 0.37224 -1.48854 0.47727 -0.96493 -1.22297 0.18688 -1.43707 0.08841 0.21328 -0.57191 1.13402 0.53081 1.43748 1.68001 1.0651 2.27576 -0.64854 1.01771 0.73819 -2.50608 0.45706 -1.63646 -2.03456 -0.05777 -2.47468 0.2943 -0.01147 -0.9377 2.15171 0.55108,C C C C C H H H H H H H H H H C C C C C C H H H H H H,-2.013,39_BenzeneCyclopentane
C1CCCC1,c1ccccc1,0,0,15,12,12777,S66x8,3057243,-5,66868613,avdz,5.28627,-4.54565,-4.4087,-2.87949,-3.57269,-1.16117,-1.18707,-3.66807,-2.32709,1.3409799999999998,5.26101,-5.0423,-4.68348,-4.46477,5.26813,-4.924,-4.64107,-4.29694,-5.12862,-4.71442,-4.58204,-3.24105,-3.96263,6.4444,0.10791,-4.0395699999999986,0.10862,-3.94279,10.21767,10.17531,-1.91546,1.88888,-10.84518,0.45844,0.7154,-1.21744,-4.64047,-2.98263,-3.3649,-2.63695,-0.77206 -0.742 3.86954 0.69748 -0.99907 4.21367 1.33761 0.40633 4.30463 0.15857 1.40551 4.3315 -1.0752 0.54841 4.62715 -0.87832 -0.56705 2.79724 -1.4237 -1.57127 4.1427 1.19271 -1.63665 3.48309 0.76076 -1.49928 5.18114 1.98788 0.599 3.45277 1.95048 0.4955 5.20035 0.04142 1.86448 3.34921 0.30416 2.20701 5.0539 -2.00619 1.02415 4.32123 -1.14063 0.33909 5.69768 0.76555 0.86824 0.82099 1.23765 -0.44284 0.79389 0.37224 -1.48854 0.47727 -0.96493 -1.22297 0.18688 -1.43707 0.08841 0.21328 -0.57191 1.13402 0.53081 1.43748 1.68001 1.0651 2.27576 -0.64854 1.01771 0.73819 -2.50608 0.45706 -1.63646 -2.03456 -0.05777 -2.47468 0.2943 -0.01147 -0.9377 2.15171 0.55108,C C C C C H H H H H H H H H H C C C C C C H H H H H H,-3.135,39_BenzeneCyclopentane
C1CCCC1,c1ccccc1,0,0,15,12,12777,S66x8,3057243,0,66868614,avdz,3.15571,-3.62549,-3.5264800000000003,-2.29115,-2.87076,-0.94082,-0.96134,-3.99627,-2.94702,1.04925,3.14827,-3.96482,-3.72145,-4.538,3.15309,-3.88351,-3.690830000000001,-4.42124,-4.02415,-3.74379,-4.619680000000002,-3.5704300000000004,-2.50607,3.88893,0.07137,-2.56153,0.07245,-2.48314,6.20329,6.18708,-1.09654,1.04039,-8.41526,0.29463,0.47682,-0.72128,-4.70108,-3.39857,-3.73189,-3.16428,-0.76477 -0.72911 4.03068 0.70477 -0.98617 4.37481 1.34491 0.41923 4.46576 0.16586 1.4184 4.49263 -1.06791 0.56131 4.78828 -0.87103 -0.55416 2.95837 -1.41641 -1.55837 4.30383 1.2 -1.62375 3.64422 0.76805 -1.48638 5.34227 1.99517 0.6119 3.61391 1.95777 0.5084 5.36149 0.04871 1.87737 3.51035 0.31145 2.21991 5.21503 -1.9989 1.03705 4.48237 -1.13334 0.35199 5.85882 0.76555 0.86824 0.82099 1.23765 -0.44284 0.79389 0.37224 -1.48854 0.47727 -0.96493 -1.22297 0.18688 -1.43707 0.08841 0.21328 -0.57191 1.13402 0.53081 1.43748 1.68001 1.0651 2.27576 -0.64854 1.01771 0.73819 -2.50608 0.45706 -1.63646 -2.03456 -0.05777 -2.47468 0.2943 -0.01147 -0.9377 2.15171 0.55108,C C C C C H H H H H H H H H H C C C C C C H H H H H H,-3.4960000000000004,39_BenzeneCyclopentane
C1CCCC1,c1ccccc1,0,0,15,12,12777,S66x8,3057243,5,66868615,avdz,1.82851,-2.8851,-2.81695,-1.81554,-2.30088,-0.7592899999999999,-0.77562,-3.87353,-3.04719,0.82634,1.82804,-3.11517,-2.95423,-4.24135,1.83095,-3.05992,-2.93224,-4.16121,-3.15548,-2.97027,-4.29771,-3.47136,-1.58162,2.29712,0.04651,-1.6183,0.04765,-1.56047,3.69961,3.69369,-0.63256,0.56366,-6.53867,0.18557,0.31397,-0.42804,-4.39693,-3.35463,-3.5497300000000003,-3.18495,-0.75734 -0.71596 4.19494 0.7122 -0.97302 4.53907 1.35234 0.43237 4.63002 0.17329 1.43155 4.65689 -1.06048 0.57445 4.95254 -0.86359 -0.54101 3.12263 -1.40898 -1.54522 4.46809 1.20743 -1.61061 3.80848 0.77548 -1.47324 5.50653 2.00261 0.62504 3.77817 1.96521 0.52154 5.52574 0.05614 1.89052 3.67461 0.31889 2.23305 5.37929 -1.99147 1.05019 4.64663 -1.1259 0.36513 6.02308 0.76555 0.86824 0.82099 1.23765 -0.44284 0.79389 0.37224 -1.48854 0.47727 -0.96493 -1.22297 0.18688 -1.43707 0.08841 0.21328 -0.57191 1.13402 0.53081 1.43748 1.68001 1.0651 2.27576 -0.64854 1.01771 0.73819 -2.50608 0.45706 -1.63646 -2.03456 -0.05777 -2.47468 0.2943 -0.01147 -0.9377 2.15171 0.55108,C C C C C H H H H H H H H H H C C C C C C H H H H H H,-3.42,39_BenzeneCyclopentane
C1CCCC1,c1ccccc1,0,0,15,12,12777,S66x8,3057243,10,66868616,avdz,1.03869,-2.31085,-2.26617,-1.446,-1.85498,-0.61527,-0.62842,-3.5383400000000003,-2.87757,0.66077,1.04083,-2.46824,-2.3633900000000003,-3.79079,1.04233,-2.43069,-2.34758,-3.73594,-2.49563,-2.37492,-3.82972,-3.16896,-1.01751,1.34826,0.030330000000000006,-1.03955,0.031389999999999994,-1.00068,2.21218,2.21004,-0.37904,0.30851,-5.13542,0.11662,0.20716,-0.26892,-3.9396,-3.08815,-3.3080800000000004,-2.94479,-0.75003 -0.70304 4.35642 0.71951 -0.9601 4.70055 1.35965 0.4453 4.7915 0.1806 1.44447 4.81837 -1.05317 0.58738 5.11402 -0.85629 -0.52809 3.28411 -1.40167 -1.5323 4.62957 1.21474 -1.59768 3.96996 0.78279 -1.46031 5.66801 2.00991 0.63797 3.93965 1.97251 0.53447 5.68723 0.06345 1.90344 3.83609 0.32619 2.24598 5.54077 -1.98416 1.06312 4.80811 -1.1186 0.37806 6.18456 0.76555 0.86824 0.82099 1.23765 -0.44284 0.79389 0.37224 -1.48854 0.47727 -0.96493 -1.22297 0.18688 -1.43707 0.08841 0.21328 -0.57191 1.13402 0.53081 1.43748 1.68001 1.0651 2.27576 -0.64854 1.01771 0.73819 -2.50608 0.45706 -1.63646 -2.03456 -0.05777 -2.47468 0.2943 -0.01147 -0.9377 2.15171 0.55108,C C C C C H H H H H H H H H H C C C C C C H H H H H H,-3.135,39_BenzeneCyclopentane
C1CCCC1,c1ccccc1,0,0,15,12,12777,S66x8,3057243,25,66868617,avdz,0.12065,-1.23121,-1.22534,-0.75366,-1.0038200000000002,-0.33496,-0.34217,-2.3359,-1.97178,0.36412,0.1285,-1.28522,-1.26132,-2.41804,0.12796,-1.27375,-1.25573,-2.40151,-1.2936,-1.2654,-2.4305,-2.06638,-0.31644,0.23523,0.00843,-0.31497,0.00901,-0.31348000000000004,0.48738,0.4873,-0.10732,0.05525,-2.63283,0.02873,0.05929,-0.10831,-2.5313,-1.92533,-2.06243,-1.79535,-0.72865 -0.66523 4.82884 0.74089 -0.92229 5.17297 1.38102 0.48311 5.26392 0.20198 1.48228 5.29079 -1.03179 0.62519 5.58644 -0.83491 -0.49028 3.75653 -1.38029 -1.49449 5.10199 1.23612 -1.55988 4.44238 0.80417 -1.4225 6.14043 2.03129 0.67578 4.41207 1.99389 0.57228 6.15965 0.08483 1.94125 4.30851 0.34757 2.28379 6.01319 -1.96278 1.10093 5.28053 -1.09722 0.41587 6.65698 0.76555 0.86824 0.82099 1.23765 -0.44284 0.79389 0.37224 -1.48854 0.47727 -0.96493 -1.22297 0.18688 -1.43707 0.08841 0.21328 -0.57191 1.13402 0.53081 1.43748 1.68001 1.0651 2.27576 -0.64854 1.01771 0.73819 -2.50608 0.45706 -1.63646 -2.03456 -0.05777 -2.47468 0.2943 -0.01147 -0.9377 2.15171 0.55108,C C C C C H H H H H H H H H H C C C C C C H H H H H H,-2.062,39_BenzeneCyclopentane
C1CCCC1,c1ccccc1,0,0,15,12,12777,S66x8,3057243,50,66868618,avdz,-0.07393999999999999,-0.4783,-0.48611,-0.28125,-0.39464,-0.1309,-0.13389,-1.03836,-0.88074,0.15762,-0.06641,-0.49029,-0.49468,-1.05137,-0.06705,-0.48889,-0.49383,-1.04977,-0.49131,-0.49529,-1.05301,-0.8953899999999999,-0.08884,-0.0369,0.001,-0.08111,0.00112,-0.09077,0.04838,0.04838,-0.02734,0.00434,-1.00024,0.0027600000000000003,0.006959999999999999,-0.058670000000000014,-1.11457,-0.85751,-0.94708,-0.76739,-0.6937 -0.60341 5.60125 0.77584 -0.86047 5.94538 1.41598 0.54492 6.03633 0.23693 1.5441 6.0632 -0.99684 0.68701 6.35885 -0.79995 -0.42846 4.52894 -1.34534 -1.43267 5.8744 1.27107 -1.49806 5.21479 0.83912 -1.36069 6.91284 2.06625 0.7376 5.18448 2.02884 0.63409 6.93205 0.11978 2.00307 5.08092 0.38252 2.34561 6.7856 -1.92783 1.16274 6.05294 -1.06227 0.47769 7.42938 0.76555 0.86824 0.82099 1.23765 -0.44284 0.79389 0.37224 -1.48854 0.47727 -0.96493 -1.22297 0.18688 -1.43707 0.08841 0.21328 -0.57191 1.13402 0.53081 1.43748 1.68001 1.0651 2.27576 -0.64854 1.01771 0.73819 -2.50608 0.45706 -1.63646 -2.03456 -0.05777 -2.47468 0.2943 -0.01147 -0.9377 2.15171 0.55108,C C C C C H H H H H H H H H H C C C C C C H H H H H H,-0.903,39_BenzeneCyclopentane
C1CCCC1,c1ccccc1,0,0,15,12,12777,S66x8,3057243,100,66868619,avdz,-0.03057,-0.09599,-0.09981,-0.05297,-0.07923,-0.02582,-0.02646,-0.22637,-0.18859,0.03778,-0.028860000000000007,-0.09717,-0.10056,-0.22659,-0.02902,-0.09703,-0.10046,-0.22651,-0.09727,-0.10063,-0.22676,-0.18898,-0.02532,-0.02489,2e-05,-0.02231,2e-05,-0.025480000000000003,0.00088,0.00088,-0.004,2e-05,-0.201,3e-05,8e-05,-0.02021,-0.24969,-0.19779,-0.22764,-0.16441,-0.62121 -0.47521 7.20309 0.84833 -0.73227 7.54722 1.48846 0.67313 7.63818 0.30942 1.6723 7.66505 -0.92435 0.81521 7.9607 -0.72747 -0.30026 6.13079 -1.27285 -1.30447 7.47624 1.34356 -1.36986 6.81664 0.91161 -1.23248 8.51469 2.13873 0.8658 6.78632 2.10133 0.7623 8.5339 0.19227 2.13127 6.68276 0.45501 2.47381 8.38745 -1.85534 1.29095 7.65478 -0.98978 0.60589 9.03123 0.76555 0.86824 0.82099 1.23765 -0.44284 0.79389 0.37224 -1.48854 0.47727 -0.96493 -1.22297 0.18688 -1.43707 0.08841 0.21328 -0.57191 1.13402 0.53081 1.43748 1.68001 1.0651 2.27576 -0.64854 1.01771 0.73819 -2.50608 0.45706 -1.63646 -2.03456 -0.05777 -2.47468 0.2943 -0.01147 -0.9377 2.15171 0.55108,C C C C C H H H H H H H H H H C C C C C C H H H H H H,-0.194,39_BenzeneCyclopentane
CC(C)(C)C,c1ccccc1,0,0,17,12,13960,S66x8,3057378,-10,66869692,avdz,6.45666,-4.2896,-4.16881,-2.75442,-3.42015,-1.1002299999999998,-1.12222,-2.00175,-0.81813,1.18362,6.3844,-4.8522,-4.45233,-2.92013,6.39192,-4.71897,-4.41056,-2.73761,-4.9494099999999985,-4.4828199999999985,-3.04783,-1.86421,-4.45972,7.8182,0.12392,-4.66632,0.12536,-4.49297,12.16713,12.07648,-2.27028,2.2147900000000003,-10.67285,0.49786,0.79142,-1.46743,-3.23233,-1.78626,-2.45706,-1.421,1.63099 0.69632 4.02622 0.18474 0.51753 4.48118 0.13035 0.48616 6.00604 -0.36464 -0.79196 3.92088 -0.65663 1.68211 3.96497 2.04685 1.6296 4.40964 2.25439 -0.12429 4.38507 1.6916 0.71571 2.93728 -0.89544 0.35874 6.35513 0.72575 -0.33952 6.3986 0.51864 1.41405 6.42895 -1.39951 -0.94223 4.23355 0.22182 -1.64093 4.27669 -0.33586 -0.79241 2.83057 -0.63509 1.71814 2.87497 -1.69642 1.57834 4.27946 -0.28098 2.6328 4.34708 0.31195 0.56102 0.4967 1.14218 -0.55807 0.53606 0.5878 -1.83669 0.55414 -0.79666 -1.99638 0.53296 -1.62689 -0.87747 0.49417 -1.07267 0.40121 0.47597 0.74214 1.55337 0.48157 2.21651 -0.43425 0.55235 1.23191 -2.70484 0.58522 -1.22677 -2.98844 0.54864 -2.70112 -1.00135 0.47981 -1.71697 1.2694 0.44592,C C C C C H H H H H H H H H H H H C C C C C C H H H H H H,-1.753,40_BenzeneNeopentane
CC(C)(C)C,c1ccccc1,0,0,17,12,13960,S66x8,3057378,-5,66869693,avdz,3.85175,-3.4039,-3.32525,-2.17556,-2.74531,-0.89266,-0.91001,-2.8774,-1.96178,0.91563,3.81745,-3.79366,-3.52655,-3.50275,3.82282,-3.70153,-3.49674,-3.37545,-3.86088,-3.54831,-3.59173,-2.6761,-2.84597,4.71644,0.08254,-2.98314,0.08412,-2.86861,7.4748899999999985,7.43981,-1.2684799999999998,1.1903,-8.20872,0.32157,0.5280699999999999,-0.91749,-3.74847,-2.5131900000000003,-2.95436,-2.27449,1.62411 0.69083 4.19663 0.17786 0.51204 4.65159 0.12347 0.48067 6.17645 -0.37152 -0.79745 4.09129 -0.66351 1.67661 4.13538 2.03997 1.6241 4.58005 2.24751 -0.12979 4.55548 1.68472 0.71022 3.10769 -0.90232 0.35325 6.52554 0.71887 -0.34502 6.56901 0.51176 1.40855 6.59936 -1.40639 -0.94773 4.40396 0.21494 -1.64643 4.4471 -0.34274 -0.79791 3.00098 -0.64197 1.71264 3.04538 -1.7033 1.57284 4.44987 -0.28786 2.6273 4.51749 0.31195 0.56102 0.4967 1.14218 -0.55807 0.53606 0.5878 -1.83669 0.55414 -0.79666 -1.99638 0.53296 -1.62689 -0.87747 0.49417 -1.07267 0.40121 0.47597 0.74214 1.55337 0.48157 2.21651 -0.43425 0.55235 1.23191 -2.70484 0.58522 -1.22677 -2.98844 0.54864 -2.70112 -1.00135 0.47981 -1.71697 1.2694 0.44592,C C C C C H H H H H H H H H H H H C C C C C C H H H H H H,-2.597,40_BenzeneNeopentane
CC(C)(C)C,c1ccccc1,0,0,17,12,13960,S66x8,3057378,0,66869694,avdz,2.25983,-2.71401,-2.66742,-1.72351,-2.21316,-0.7257100000000001,-0.73957,-3.1216,-2.40255,0.71904,2.24457,-2.98556,-2.81077,-3.55176,2.24802,-2.92157,-2.7892,-3.46275,-3.03226,-2.82651,-3.6142,-2.89515,-1.84351,2.81786,0.054810000000000005,-1.9321,0.05631,-1.85531,4.57618,4.5629300000000015,-0.71895,0.63215,-6.37375,0.20607,0.35206,-0.57699,-3.75854,-2.74174,-3.11081,-2.5571900000000003,1.61735 0.68543 4.36395 0.1711 0.50664 4.81892 0.11671 0.47527 6.34378 -0.37828 -0.80285 4.25862 -0.67027 1.67121 4.30271 2.03321 1.61871 4.74738 2.24075 -0.13519 4.72281 1.67796 0.70482 3.27502 -0.90908 0.34785 6.69287 0.71212 -0.35042 6.73633 0.50501 1.40315 6.76669 -1.41315 -0.95313 4.57129 0.20818 -1.65182 4.61443 -0.3495 -0.8033 3.16831 -0.64873 1.70724 3.21271 -1.71006 1.56744 4.61719 -0.29462 2.62191 4.68482 0.31195 0.56102 0.4967 1.14218 -0.55807 0.53606 0.5878 -1.83669 0.55414 -0.79666 -1.99638 0.53296 -1.62689 -0.87747 0.49417 -1.07267 0.40121 0.47597 0.74214 1.55337 0.48157 2.21651 -0.43425 0.55235 1.23191 -2.70484 0.58522 -1.22677 -2.98844 0.54864 -2.70112 -1.00135 0.47981 -1.71697 1.2694 0.44592,C C C C C H H H H H H H H H H H H C C C C C C H H H H H H,-2.839,40_BenzeneNeopentane
CC(C)(C)C,c1ccccc1,0,0,17,12,13960,S66x8,3057378,5,66869695,avdz,1.2880200000000002,-2.17323,-2.15053,-1.3692,-1.79095,-0.5908100000000001,-0.602,-3.03573,-2.46293,0.5728,1.2824,-2.36371,-2.25279,-3.3341,1.28449,-2.3191,-2.23705,-3.27166,-2.39626,-2.26427,-3.37813,-2.80534,-1.21535,1.6559400000000002,0.03624,-1.27024,0.03757,-1.21983,2.78877,2.78392,-0.41819,0.333,-4.99212,0.13091,0.23395,-0.37332,-3.51682,-2.7104,-2.94077,-2.54311,1.61069 0.6801 4.52907 0.16444 0.50132 4.98403 0.11005 0.46994 6.5089 -0.38494 -0.80818 4.42374 -0.67693 1.66589 4.46783 2.02654 1.61338 4.91249 2.23409 -0.14051 4.88792 1.6713 0.69949 3.44014 -0.91574 0.34252 6.85798 0.70545 -0.35574 6.90145 0.49834 1.39783 6.9318 -1.41981 -0.95845 4.73641 0.20152 -1.65715 4.77955 -0.35616 -0.80863 3.33342 -0.65539 1.70192 3.37783 -1.71672 1.56212 4.78231 -0.30128 2.61658 4.84993 0.31195 0.56102 0.4967 1.14218 -0.55807 0.53606 0.5878 -1.83669 0.55414 -0.79666 -1.99638 0.53296 -1.62689 -0.87747 0.49417 -1.07267 0.40121 0.47597 0.74214 1.55337 0.48157 2.21651 -0.43425 0.55235 1.23191 -2.70484 0.58522 -1.22677 -2.98844 0.54864 -2.70112 -1.00135 0.47981 -1.71697 1.2694 0.44592,C C C C C H H H H H H H H H H H H C C C C C C H H H H H H,-2.767,40_BenzeneNeopentane
CC(C)(C)C,c1ccccc1,0,0,17,12,13960,S66x8,3057378,10,66869696,avdz,0.6984100000000001,-1.7487400000000002,-1.7432599999999998,-1.09176,-1.45551,-0.48195,-0.49105,-2.79359,-2.33081,0.46278,0.69896,-1.88361,-1.81635,-3.0010000000000003,0.70015,-1.85241,-1.80485,-2.9571,-1.90637,-1.8247400000000005,-3.03216,-2.56938,-0.82021,0.94911,0.02388,-0.8521200000000001,0.02499,-0.8209200000000001,1.69487,1.6931599999999998,-0.25333,0.17521,-3.94526,0.08256000000000001,0.15489,-0.25446,-3.16644,-2.51513,-2.68546,-2.38008,1.60411 0.67485 4.69202 0.15786 0.49606 5.14698 0.10347 0.46469 6.67185 -0.39152 -0.81343 4.58668 -0.68351 1.66063 4.63077 2.01997 1.60812 5.07544 2.22751 -0.14577 5.05087 1.66472 0.69424 3.60308 -0.92232 0.33727 7.02093 0.69888 -0.361 7.0644 0.49176 1.39257 7.09475 -1.42639 -0.96371 4.89936 0.19494 -1.66241 4.9425 -0.36274 -0.81389 3.49637 -0.66197 1.69666 3.54078 -1.7233 1.55686 4.94526 -0.30786 2.61133 5.01288 0.31195 0.56102 0.4967 1.14218 -0.55807 0.53606 0.5878 -1.83669 0.55414 -0.79666 -1.99638 0.53296 -1.62689 -0.87747 0.49417 -1.07267 0.40121 0.47597 0.74214 1.55337 0.48157 2.21651 -0.43425 0.55235 1.23191 -2.70484 0.58522 -1.22677 -2.98844 0.54864 -2.70112 -1.00135 0.47981 -1.71697 1.2694 0.44592,C C C C C H H H H H H H H H H H H C C C C C C H H H H H H,-2.544,40_BenzeneNeopentane
CC(C)(C)C,c1ccccc1,0,0,17,12,13960,S66x8,3057378,25,66869697,avdz,0.00771,-0.93855,-0.95748,-0.56763,-0.8011,-0.2653,-0.27042,-1.88832,-1.62632,0.262,0.02096,-0.99058,-0.98515,-1.95476,0.02055,-0.97979,-0.98088,-1.94012,-0.99844,-0.98826,-1.96574,-1.7037400000000005,-0.30269,0.11105,0.0067,-0.30249000000000004,0.007240000000000002,-0.30354000000000003,0.38035,0.3803,-0.07702,0.02645,-2.04775,0.01997,0.04368,-0.11145,-2.06931,-1.66439,-1.7623,-1.5592,1.58474 0.65937 5.17172 0.13849 0.48059 5.62669 0.0841 0.44922 7.15155 -0.41089 -0.8289 5.06639 -0.70288 1.64516 5.11048 2.0006 1.59265 5.55515 2.20814 -0.16124 5.53058 1.64535 0.67877 4.08279 -0.94169 0.3218 7.50064 0.67951 -0.37647 7.5441 0.4724 1.3771 7.57446 -1.44576 -0.97918 5.37906 0.17557 -1.67788 5.4222 -0.38211 -0.82936 3.97608 -0.68134 1.68119 4.02048 -1.74267 1.54139 5.42496 -0.32723 2.59585 5.49259 0.31195 0.56102 0.4967 1.14218 -0.55807 0.53606 0.5878 -1.83669 0.55414 -0.79666 -1.99638 0.53296 -1.62689 -0.87747 0.49417 -1.07267 0.40121 0.47597 0.74214 1.55337 0.48157 2.21651 -0.43425 0.55235 1.23191 -2.70484 0.58522 -1.22677 -2.98844 0.54864 -2.70112 -1.00135 0.47981 -1.71697 1.2694 0.44592,C C C C C H H H H H H H H H H H H C C C C C C H H H H H H,-1.703,40_BenzeneNeopentane
CC(C)(C)C,c1ccccc1,0,0,17,12,13960,S66x8,3057378,50,66869698,avdz,-0.1103,-0.37022,-0.38988,-0.2123,-0.32388,-0.10554,-0.10774,-0.8704,-0.75202,0.11839,-0.09843,-0.38564,-0.39746,-0.8815299999999999,-0.09945,-0.3834,-0.39673,-0.8795799999999999,-0.38728,-0.39799,-0.8837,-0.76531,-0.10957,-0.07242,0.00078,-0.10141,0.0008900000000000002,-0.1111,0.03671,0.03671,-0.02276,0.00148,-0.79835,0.00179,0.00494,-0.056060000000000006,-0.94334,-0.73842,-0.82257,-0.65252,1.55328 0.63424 5.95106 0.10703 0.45545 6.40602 0.05264 0.42408 7.93089 -0.44235 -0.85404 5.84573 -0.73434 1.62002 5.88982 1.96914 1.56752 6.33449 2.17668 -0.18638 6.30992 1.61389 0.65363 4.86213 -0.97315 0.29666 8.27998 0.64805 -0.40161 8.32344 0.44093 1.35196 8.35379 -1.47722 -1.00432 6.1584 0.14411 -1.70301 6.20154 -0.41357 -0.85449 4.75541 -0.7128 1.65605 4.79982 -1.77413 1.51625 6.2043 -0.35869 2.57072 6.27193 0.31195 0.56102 0.4967 1.14218 -0.55807 0.53606 0.5878 -1.83669 0.55414 -0.79666 -1.99638 0.53296 -1.62689 -0.87747 0.49417 -1.07267 0.40121 0.47597 0.74214 1.55337 0.48157 2.21651 -0.43425 0.55235 1.23191 -2.70484 0.58522 -1.22677 -2.98844 0.54864 -2.70112 -1.00135 0.47981 -1.71697 1.2694 0.44592,C C C C C H H H H H H H H H H H H C C C C C C H H H H H H,-0.773,40_BenzeneNeopentane
CC(C)(C)C,c1ccccc1,0,0,17,12,13960,S66x8,3057378,100,66869699,avdz,-0.04322,-0.08321,-0.091,-0.04396,-0.07422999999999999,-0.02344,-0.02394,-0.21742,-0.18484,0.03258,-0.04042,-0.08645,-0.09217,-0.21903000000000006,-0.04057,-0.08588,-0.09199,-0.21844,-0.08686,-0.0923,-0.21958000000000005,-0.18699,-0.03648,-0.03619,1e-05,-0.03272,2e-05,-0.0364,0.0005200000000000001,0.0005200000000000001,-0.00418,1e-05,-0.18266,2e-05,6e-05,-0.01985,-0.24247,-0.19624,-0.22116,-0.16829000000000002,1.49191 0.58521 7.47117 0.04566 0.40642 7.92613 -0.00873 0.37505 9.45099 -0.50372 -0.90307 7.36583 -0.79571 1.57099 7.40992 1.90777 1.51849 7.85459 2.11531 -0.23541 7.83002 1.55252 0.6046 6.38223 -1.03452 0.24763 9.80008 0.58668 -0.45064 9.84355 0.37957 1.30294 9.8739 -1.53859 -1.05334 7.6785 0.08274 -1.75204 7.72164 -0.47494 -0.90352 6.27552 -0.77417 1.60702 6.31992 -1.8355 1.46722 7.7244 -0.42006 2.52169 7.79203 0.31195 0.56102 0.4967 1.14218 -0.55807 0.53606 0.5878 -1.83669 0.55414 -0.79666 -1.99638 0.53296 -1.62689 -0.87747 0.49417 -1.07267 0.40121 0.47597 0.74214 1.55337 0.48157 2.21651 -0.43425 0.55235 1.23191 -2.70484 0.58522 -1.22677 -2.98844 0.54864 -2.70112 -1.00135 0.47981 -1.71697 1.2694 0.44592,C C C C C H H H H H H H H H H H H C C C C C C H H H H H H,-0.191,40_BenzeneNeopentane
CCCCC,O=c1cc[nH]c(=O)[nH]1,0,0,17,12,26567,S66x8,3057396,-10,66869836,avdz,8.355039999999999,-5.72278,-5.88014,-3.79304,-5.16415,-1.6702400000000002,-1.79174,-3.24788,-2.27239,0.97549,8.28637,-6.556489999999998,-6.3351,-4.6052300000000015,8.29777,-6.35534,-6.26255,-4.320119999999998,-6.70327,-6.38805,-4.80496,-3.82947,-5.5532,10.14269,0.13783,-6.424,0.15322,-5.55258,15.35656,15.305220000000002,-3.73169,3.21325,-14.64905,0.5816600000000001,0.92628,-1.36342,-5.21898,-3.26803,-4.04673,-2.8434,1.11943 2.35418 3.7956 1.19245 0.83531 3.88512 -0.17233 0.17714 3.73031 -0.11605 -1.34354 3.78994 -1.48533 -1.98542 3.60617 0.68859 2.66523 2.84282 0.4852 2.75961 4.58385 2.10231 2.81463 3.88873 1.62283 0.54575 4.84641 1.86704 0.44415 3.12 -0.84358 0.54602 4.51192 -0.61981 0.48741 2.78041 0.30756 -1.64598 4.75058 0.57548 -1.70542 3.02544 -1.92371 -1.71196 2.64598 -1.42839 -3.07219 3.65022 -2.17329 -1.65707 4.3854 -2.46124 -1.01079 0.19789 -1.44634 -0.34458 0.30666 -1.35778 1.10319 0.22814 -0.163 1.70989 0.38113 0.98545 1.00082 0.61121 1.86756 1.46693 0.74478 1.02702 -0.37917 0.71265 2.0492 -0.9974 0.93726 -0.2089 -0.96458 0.53476 -0.22415 -1.97311 0.60508 -2.25657 1.66773 0.04985 -0.04629 2.78245 0.33335,C C C C C H H H H H H H H H H H H O C C C N H C O N H H H,-3.732,41_UracilPentane
CCCCC,O=c1cc[nH]c(=O)[nH]1,0,0,17,12,26567,S66x8,3057396,-5,66869837,avdz,5.14581,-4.67431,-4.78552,-3.1206400000000003,-4.22029,-1.3843299999999998,-1.48526,-4.31401,-3.57945,0.73456,5.1034,-5.26865,-5.12065,-5.2859,5.1098300000000005,-5.1257199999999985,-5.06711,-5.0829900000000015,-5.37294,-5.1597300000000015,-5.42927,-4.69471,-3.53579,6.33301,0.09253,-4.14495,0.10429,-3.53039,9.63695,9.61678,-2.26237,1.83417,-11.533,0.38022,0.62255,-0.89671,-5.7485800000000005,-4.1966199999999985,-4.62215,-3.84458,1.13173 2.35577 3.94188 1.20475 0.8369 4.0314 -0.16004 0.17874 3.87658 -0.10375 -1.34195 3.93622 -1.47303 -1.98382 3.75245 0.70088 2.66682 2.9891 0.4975 2.76121 4.73013 2.11461 2.81622 4.035 1.63513 0.54734 4.99269 1.87934 0.44574 3.26628 -0.83128 0.54761 4.6582 -0.60751 0.489 2.92668 0.31986 -1.64438 4.89685 0.58777 -1.70383 3.17172 -1.91141 -1.71036 2.79226 -1.41609 -3.07059 3.7965 -2.161 -1.65548 4.53168 -2.46124 -1.01079 0.19789 -1.44634 -0.34458 0.30666 -1.35778 1.10319 0.22814 -0.163 1.70989 0.38113 0.98545 1.00082 0.61121 1.86756 1.46693 0.74478 1.02702 -0.37917 0.71265 2.0492 -0.9974 0.93726 -0.2089 -0.96458 0.53476 -0.22415 -1.97311 0.60508 -2.25657 1.66773 0.04985 -0.04629 2.78245 0.33335,C C C C C H H H H H H H H H H H H O C C C N H C O N H H H,-4.624,41_UracilPentane
CCCCC,O=c1cc[nH]c(=O)[nH]1,0,0,17,12,26567,S66x8,3057396,0,66869838,avdz,3.12708,-3.82317,-3.90462,-2.56548,-3.45384,-1.14668,-1.23091,-4.6007,-4.03892,0.5617800000000001,3.10047,-4.24851,-4.15215,-5.30019,3.10364,-4.14687,-4.11252,-5.15575,-4.32267,-4.1810800000000015,-5.4032800000000005,-4.8415,-2.25336,3.9327,0.06178,-2.67751,0.07063,-2.24611,6.02447,6.0167199999999985,-1.39248,1.03941,-9.13687,0.24618,0.41621,-0.60978,-5.6589800000000015,-4.48148,-4.85498,-4.1283,1.14398 2.35736 4.0876 1.21699 0.83849 4.17712 -0.14779 0.18033 4.0223 -0.0915 -1.34036 4.08194 -1.46078 -1.98223 3.89816 0.71313 2.66841 3.13482 0.50974 2.7628 4.87585 2.12686 2.81781 4.18072 1.64738 0.54893 5.13841 1.89158 0.44733 3.412 -0.81903 0.5492 4.80392 -0.59526 0.49059 3.0724 0.3321 -1.64279 5.04257 0.60002 -1.70224 3.31744 -1.89916 -1.70878 2.93798 -1.40385 -3.069 3.94222 -2.14875 -1.65389 4.6774 -2.46124 -1.01079 0.19789 -1.44634 -0.34458 0.30666 -1.35778 1.10319 0.22814 -0.163 1.70989 0.38113 0.98545 1.00082 0.61121 1.86756 1.46693 0.74478 1.02702 -0.37917 0.71265 2.0492 -0.9974 0.93726 -0.2089 -0.96458 0.53476 -0.22415 -1.97311 0.60508 -2.25657 1.66773 0.04985 -0.04629 2.78245 0.33335,C C C C C H H H H H H H H H H H H O C C C N H C O N H H H,-4.792,41_UracilPentane
CCCCC,O=c1cc[nH]c(=O)[nH]1,0,0,17,12,26567,S66x8,3057396,5,66869839,avdz,1.86022,-3.12922,-3.1914700000000003,-2.10656,-2.82864,-0.94859,-1.01906,-4.46047,-4.02358,0.43689,1.84428,-3.4346,-3.37457,-4.9648900000000005,1.84541,-3.36234,-3.34519,-4.8621300000000005,-3.4873300000000005,-3.39601,-5.03906,-4.60217,-1.43557,2.42036,0.04094,-1.72947,0.0475,-1.42834,3.74439,3.7415,-0.87498,0.58507,-7.27628,0.15750999999999998,0.27621,-0.43636,-5.25279,-4.30914,-4.58865,-4.03899,1.15626 2.35896 4.23368 1.22927 0.84009 4.32319 -0.13551 0.18192 4.16838 -0.07922 -1.33877 4.22801 -1.44851 -1.98064 4.04424 0.72541 2.67001 3.28089 0.52202 2.76439 5.02192 2.13914 2.81941 4.3268 1.65966 0.55052 5.28449 1.90386 0.44893 3.55808 -0.80676 0.5508 4.95 -0.58298 0.49219 3.21848 0.34438 -1.6412 5.18865 0.6123 -1.70065 3.46351 -1.88689 -1.70718 3.08405 -1.39157 -3.06741 4.0883 -2.13647 -1.65229 4.82347 -2.46124 -1.01079 0.19789 -1.44634 -0.34458 0.30666 -1.35778 1.10319 0.22814 -0.163 1.70989 0.38113 0.98545 1.00082 0.61121 1.86756 1.46693 0.74478 1.02702 -0.37917 0.71265 2.0492 -0.9974 0.93726 -0.2089 -0.96458 0.53476 -0.22415 -1.97311 0.60508 -2.25657 1.66773 0.04985 -0.04629 2.78245 0.33335,C C C C C H H H H H H H H H H H H O C C C N H C O N H H H,-4.569,41_UracilPentane
CCCCC,O=c1cc[nH]c(=O)[nH]1,0,0,17,12,26567,S66x8,3057396,10,66869840,avdz,0.95943,-2.46665,-2.51434,-1.66328,-2.23106,-0.7552800000000001,-0.8123199999999999,-4.02156,-3.69018,0.33137,0.95273,-2.67319,-2.6423,-4.36276,0.9526,-2.62513,-2.62178,-4.29431,-2.70827,-2.65727,-4.41281,-4.08144,-0.8382299999999999,1.33606,0.02479,-1.02711,0.02929,-0.83263,2.10604,2.1051900000000003,-0.52113,0.29264,-5.58089,0.09092,0.1675,-0.31642,-4.59397,-3.83133,-4.05069,-3.62559,1.17099 2.36087 4.40901 1.24401 0.842 4.49853 -0.12077 0.18383 4.34371 -0.06449 -1.33685 4.40335 -1.43377 -1.97873 4.21958 0.74015 2.67192 3.45623 0.53676 2.7663 5.19726 2.15387 2.82132 4.50213 1.67439 0.55244 5.45982 1.9186 0.45084 3.73341 -0.79202 0.55271 5.12533 -0.56824 0.4941 3.39381 0.35912 -1.63928 5.36399 0.62704 -1.69873 3.63885 -1.87215 -1.70527 3.25939 -1.37683 -3.0655 4.26363 -2.12173 -1.65038 4.99881 -2.46124 -1.01079 0.19789 -1.44634 -0.34458 0.30666 -1.35778 1.10319 0.22814 -0.163 1.70989 0.38113 0.98545 1.00082 0.61121 1.86756 1.46693 0.74478 1.02702 -0.37917 0.71265 2.0492 -0.9974 0.93726 -0.2089 -0.96458 0.53476 -0.22415 -1.97311 0.60508 -2.25657 1.66773 0.04985 -0.04629 2.78245 0.33335,C C C C C H H H H H H H H H H H H O C C C N H C O N H H H,-4.064,41_UracilPentane
CCCCC,O=c1cc[nH]c(=O)[nH]1,0,0,17,12,26567,S66x8,3057396,25,66869841,avdz,0.06293,-1.26246,-1.28954,-0.84704,-1.14112,-0.39183,-0.423,-2.48907,-2.31707,0.172,0.069,-1.33281,-1.33664,-2.60045,0.06848,-1.3177299999999998,-1.32938,-2.57863,-1.34382,-1.34195,-2.61676,-2.44476,-0.18376,0.21341,0.00551,-0.23802,0.00688,-0.18312,0.3892,0.38919,-0.15585,0.03846,-2.71256,0.017130000000000003,0.03718,-0.16909000000000002,-2.73865,-2.28062,-2.46758,-2.16437,1.21397 2.36645 4.92027 1.28699 0.84758 5.00979 -0.0778 0.18941 4.85498 -0.02151 -1.33128 4.91461 -1.39079 -1.97315 4.73084 0.78312 2.6775 3.96749 0.57974 2.77188 5.70852 2.19685 2.8269 5.0134 1.71737 0.55801 5.97108 1.96158 0.45642 4.24467 -0.74904 0.55829 5.63659 -0.52527 0.49968 3.90508 0.4021 -1.63371 5.87525 0.67001 -1.69316 4.15011 -1.82917 -1.69969 3.77065 -1.33385 -3.05992 4.77489 -2.07876 -1.6448 5.51007 -2.46124 -1.01079 0.19789 -1.44634 -0.34458 0.30666 -1.35778 1.10319 0.22814 -0.163 1.70989 0.38113 0.98545 1.00082 0.61121 1.86756 1.46693 0.74478 1.02702 -0.37917 0.71265 2.0492 -0.9974 0.93726 -0.2089 -0.96458 0.53476 -0.22415 -1.97311 0.60508 -2.25657 1.66773 0.04985 -0.04629 2.78245 0.33335,C C C C C H H H H H H H H H H H H O C C C N H C O N H H H,-2.451,41_UracilPentane
CCCCC,O=c1cc[nH]c(=O)[nH]1,0,0,17,12,26567,S66x8,3057396,50,66869842,avdz,-0.05053,-0.48214,-0.49462,-0.31674,-0.43171,-0.14828,-0.16069,-1.02729,-0.94726,0.08002999999999999,-0.04536,-0.49992,-0.5070899999999999,-1.05237,-0.04537,-0.49668,-0.50539,-1.04743,-0.5022800000000001,-0.50834,-1.05598,-0.97594,-0.02156,0.00331,0.00047,-0.03357,0.00064,-0.02183,0.02842,0.02842,-0.04858,0.00155,-1.00598,0.0011,0.00303,-0.08004,-1.12232,-0.8768100000000001,-0.96617,-0.7873600000000001,1.28206 2.37528 5.73029 1.35507 0.85641 5.81981 -0.00971 0.19825 5.66499 0.04658 -1.32244 5.72463 -1.32271 -1.96431 5.54085 0.85121 2.68633 4.77751 0.64782 2.78072 6.51854 2.26494 2.83573 5.82341 1.78546 0.56685 6.7811 2.02966 0.46525 5.05469 -0.68096 0.56712 6.44661 -0.45718 0.50851 4.71509 0.47018 -1.62487 6.68526 0.7381 -1.68432 4.96012 -1.76109 -1.69086 4.58067 -1.26577 -3.05108 5.58491 -2.01067 -1.63597 6.32009 -2.46124 -1.01079 0.19789 -1.44634 -0.34458 0.30666 -1.35778 1.10319 0.22814 -0.163 1.70989 0.38113 0.98545 1.00082 0.61121 1.86756 1.46693 0.74478 1.02702 -0.37917 0.71265 2.0492 -0.9974 0.93726 -0.2089 -0.96458 0.53476 -0.22415 -1.97311 0.60508 -2.25657 1.66773 0.04985 -0.04629 2.78245 0.33335,C C C C C H H H H H H H H H H H H O C C C N H C O N H H H,-0.986,41_UracilPentane
CCCCC,O=c1cc[nH]c(=O)[nH]1,0,0,17,12,26567,S66x8,3057396,100,66869843,avdz,-0.01272,-0.1092,-0.11164,-0.06955,-0.09505,-0.03245,-0.03512,-0.23356,-0.20978,0.02379,-0.01125,-0.11196,-0.11342,-0.23664,-0.01122,-0.11139,-0.11311,-0.23572,-0.11238,-0.11364,-0.23728,-0.21349,0.00044,0.00047,0.0,-0.00271,1e-05,0.00039,0.00031,0.00031,-0.01184,1e-05,-0.22435,1e-05,2e-05,-0.01599,-0.25144,-0.20239,-0.23435,-0.16675,1.41109 2.39203 7.26537 1.48411 0.87316 7.35489 0.11932 0.21499 7.20007 0.17561 -1.3057 7.25971 -1.19367 -1.94757 7.07593 0.98024 2.70308 6.31259 0.77686 2.79746 8.05362 2.39397 2.85248 7.35849 1.91449 0.5836 8.31618 2.1587 0.482 6.58977 -0.55192 0.58387 7.98169 -0.32815 0.52526 6.25017 0.59922 -1.60813 8.22034 0.86713 -1.66757 6.4952 -1.63205 -1.67411 6.11575 -1.13673 -3.03434 7.11999 -1.88164 -1.61922 7.85517 -2.46124 -1.01079 0.19789 -1.44634 -0.34458 0.30666 -1.35778 1.10319 0.22814 -0.163 1.70989 0.38113 0.98545 1.00082 0.61121 1.86756 1.46693 0.74478 1.02702 -0.37917 0.71265 2.0492 -0.9974 0.93726 -0.2089 -0.96458 0.53476 -0.22415 -1.97311 0.60508 -2.25657 1.66773 0.04985 -0.04629 2.78245 0.33335,C C C C C H H H H H H H H H H H H O C C C N H C O N H H H,-0.22,41_UracilPentane
C1CCCC1,O=c1cc[nH]c(=O)[nH]1,0,0,15,12,26568,S66x8,3057234,-10,66868540,avdz,8.0439,-5.31989,-5.36347,-3.54425,-4.65244,-1.5299200000000002,-1.64475,-2.63946,-1.68271,0.95675,7.98878,-6.05234,-5.76761,-3.83118,7.9999600000000015,-5.8746,-5.70254,-3.57718,-6.18205,-5.8151,-4.008369999999998,-3.05162,-4.88892,9.53262,0.12517,-5.69011,0.13835999999999998,-4.8726,14.08598,14.032570000000002,-3.48631,3.13136,-13.3212,0.5330600000000001,0.8470700000000001,-1.21902,-4.30166,-2.62102,-3.51468,-2.28841,1.04809 -0.85881 4.11875 1.10241 0.60714 4.55168 -0.06494 1.21996 3.78091 -1.18189 0.18239 3.95194 -0.45885 -1.18416 4.0556 1.50195 -0.95086 3.13077 1.5926 -1.52279 4.78795 2.0607 1.08004 4.34096 0.91429 0.68878 5.62491 0.20936 1.30874 2.72744 -0.34936 2.2111 4.13255 -1.90743 0.206 3.14057 -1.72597 0.38708 4.87419 -0.70152 -1.82832 3.21224 -0.77396 -1.71156 4.95469 -1.99365 -1.45627 0.9669 -1.17905 -0.57368 0.75948 -1.47671 0.81116 0.43756 -0.46811 1.68296 0.23489 0.84563 1.30599 0.32683 1.58969 1.96888 0.18596 1.25426 0.01946 0.63624 2.4223 -0.30172 0.73188 0.19573 -0.84469 0.82385 0.4504 -1.79675 1.04977 -2.50636 1.11565 0.36389 -0.63844 2.72164 -0.00616,C C C C C H H H H H H H H H H O C C C N H C O N H H H,-2.963,42_UracilCyclopentane
C1CCCC1,O=c1cc[nH]c(=O)[nH]1,0,0,15,12,26568,S66x8,3057234,-5,66868541,avdz,4.83663,-4.27406,-4.29229,-2.86852,-3.74197,-1.25004,-1.34406,-3.72973,-3.0239,0.70582,4.80313,-4.77583,-4.58114,-4.55384,4.8097400000000015,-4.6543199999999985,-4.53449,-4.37907,-4.86451,-4.6151800000000005,-4.67655,-3.97073,-2.95256,5.76476,0.08127000000000001,-3.5042800000000005,0.09119,-2.93565,8.49628,8.47653,-1.99401,1.71314,-10.28712,0.33645,0.5513600000000001,-0.78069,-4.90024,-3.68766,-4.06486,-3.31638,1.05289 -0.86142 4.2742 1.1072 0.60453 4.70714 -0.06015 1.21735 3.93637 -1.1771 0.17978 4.10739 -0.45406 -1.18677 4.21105 1.50674 -0.95348 3.28622 1.59739 -1.5254 4.9434 2.06549 1.07743 4.49641 0.91908 0.68617 5.78036 0.21415 1.30613 2.88289 -0.34457 2.20849 4.288 -1.90264 0.20339 3.29602 -1.72118 0.38447 5.02964 -0.69673 -1.83093 3.36769 -0.76917 -1.71417 5.11014 -1.99365 -1.45627 0.9669 -1.17905 -0.57368 0.75948 -1.47671 0.81116 0.43756 -0.46811 1.68296 0.23489 0.84563 1.30599 0.32683 1.58969 1.96888 0.18596 1.25426 0.01946 0.63624 2.4223 -0.30172 0.73188 0.19573 -0.84469 0.82385 0.4504 -1.79675 1.04977 -2.50636 1.11565 0.36389 -0.63844 2.72164 -0.00616,C C C C C H H H H H H H H H H O C C C N H C O N H H H,-3.91,42_UracilCyclopentane
C1CCCC1,O=c1cc[nH]c(=O)[nH]1,0,0,15,12,26568,S66x8,3057234,0,66868542,avdz,2.8971400000000003,-3.44832,-3.45535,-2.32507,-3.02319,-1.02295,-1.10058,-4.0065300000000015,-3.47407,0.53245,2.87636,-3.79467,-3.66343,-4.58174,2.88003,-3.71138,-3.62978,-4.461130000000002,-3.85545,-3.687980000000001,-4.66707,-4.13461,-1.78984,3.4932800000000004,0.05272,-2.16946,0.06007000000000001,-1.7743,5.13277,5.12551,-1.15999,0.9346,-8.02829,0.21137,0.35844000000000004,-0.52382,-4.84922,-3.9101,-4.18375,-3.64842,1.0576 -0.86399 4.42723 1.11191 0.60196 4.86017 -0.05544 1.21478 4.08939 -1.17238 0.17721 4.26042 -0.44935 -1.18934 4.36408 1.51145 -0.95604 3.43925 1.6021 -1.52797 5.09643 2.0702 1.07486 4.64944 0.9238 0.6836 5.93339 0.21887 1.30356 3.03592 -0.33985 2.20592 4.44103 -1.89792 0.20082 3.44905 -1.71647 0.3819 5.18267 -0.69201 -1.8335 3.52072 -0.76445 -1.71674 5.26317 -1.99365 -1.45627 0.9669 -1.17905 -0.57368 0.75948 -1.47671 0.81116 0.43756 -0.46811 1.68296 0.23489 0.84563 1.30599 0.32683 1.58969 1.96888 0.18596 1.25426 0.01946 0.63624 2.4223 -0.30172 0.73188 0.19573 -0.84469 0.82385 0.4504 -1.79675 1.04977 -2.50636 1.11565 0.36389 -0.63844 2.72164 -0.00616,C C C C C H H H H H H H H H H O C C C N H C O N H H H,-4.0939999999999985,42_UracilCyclopentane
C1CCCC1,O=c1cc[nH]c(=O)[nH]1,0,0,15,12,26568,S66x8,3057234,5,66868543,avdz,1.72073,-2.79275,-2.7962700000000003,-1.88739,-2.45234,-0.8382,-0.90265,-3.8683,-3.4572,0.4111,1.70849,-3.03373,-2.94721,-4.27245,1.71042,-2.97649,-2.92283,-4.1889,-3.0754900000000003,-2.96501,-4.33201,-3.92091,-1.08845,2.11648,0.03413,-1.34958,0.03951,-1.0752700000000002,3.10202,3.09938,-0.6908,0.50938,-6.32525,0.13201,0.23245,-0.37487,-4.49033,-3.74631,-3.99176,-3.5189,1.06226 -0.86653 4.57857 1.11658 0.59942 5.0115 -0.05077 1.21224 4.24073 -1.16772 0.17466 4.41176 -0.44468 -1.19188 4.51542 1.51612 -0.95859 3.59058 1.60677 -1.53051 5.24776 2.07487 1.07232 4.80078 0.92846 0.68106 6.08473 0.22353 1.30102 3.18726 -0.33519 2.20338 4.59237 -1.89326 0.19828 3.60039 -1.7118 0.37936 5.33401 -0.68735 -1.83604 3.67206 -0.75979 -1.71929 5.4145 -1.99365 -1.45627 0.9669 -1.17905 -0.57368 0.75948 -1.47671 0.81116 0.43756 -0.46811 1.68296 0.23489 0.84563 1.30599 0.32683 1.58969 1.96888 0.18596 1.25426 0.01946 0.63624 2.4223 -0.30172 0.73188 0.19573 -0.84469 0.82385 0.4504 -1.79675 1.04977 -2.50636 1.11565 0.36389 -0.63844 2.72164 -0.00616,C C C C C H H H H H H H H H H O C C C N H C O N H H H,-3.895,42_UracilCyclopentane
C1CCCC1,O=c1cc[nH]c(=O)[nH]1,0,0,15,12,26568,S66x8,3057234,10,66868544,avdz,1.00916,-2.27212,-2.27577,-1.53609,-1.99845,-0.68828,-0.74202,-3.53872,-3.21365,0.32507,1.00328,-2.44135,-2.38612,-3.8242,1.00424,-2.4018200000000003,-2.36835,-3.76592,-2.4702,-2.39909,-3.86601,-3.54094,-0.6653899999999999,1.28195,0.02207,-0.84546,0.02597,-0.65522,1.87809,1.8771400000000005,-0.42491,0.27857,-5.03158,0.08206000000000001,0.15048,-0.28725,-4.00976,-3.43947,-3.652530000000001,-3.16855,1.06688 -0.86904 4.72817 1.12119 0.59691 5.16111 -0.04616 1.20972 4.39033 -1.16311 0.17215 4.56136 -0.44007 -1.1944 4.66502 1.52073 -0.9611 3.74019 1.61138 -1.53302 5.39737 2.07948 1.06981 4.95038 0.93307 0.67855 6.23433 0.22814 1.29851 3.33686 -0.33058 2.20087 4.74197 -1.88865 0.19577 3.74999 -1.70719 0.37685 5.48361 -0.68274 -1.83855 3.82166 -0.75518 -1.7218 5.56411 -1.99365 -1.45627 0.9669 -1.17905 -0.57368 0.75948 -1.47671 0.81116 0.43756 -0.46811 1.68296 0.23489 0.84563 1.30599 0.32683 1.58969 1.96888 0.18596 1.25426 0.01946 0.63624 2.4223 -0.30172 0.73188 0.19573 -0.84469 0.82385 0.4504 -1.79675 1.04977 -2.50636 1.11565 0.36389 -0.63844 2.72164 -0.00616,C C C C C H H H H H H H H H H O C C C N H C O N H H H,-3.526,42_UracilCyclopentane
C1CCCC1,O=c1cc[nH]c(=O)[nH]1,0,0,15,12,26568,S66x8,3057234,25,66868545,avdz,0.16645,-1.25813,-1.26653,-0.84449,-1.11113,-0.38709,-0.41885,-2.35821,-2.17626,0.18195,0.17046,-1.32086,-1.3121200000000002,-2.46252,0.17064,-1.30735,-1.30505,-2.44176,-1.33071,-1.3172700000000002,-2.47753,-2.29558,-0.16135,0.27729000000000004,0.00592,-0.22229,0.00732,-0.15875999999999998,0.42247,0.42243,-0.12616,0.047310000000000005,-2.66745,0.01921,0.04028,-0.16368,-2.58679,-2.18136,-2.31639,-2.06475,1.08048 -0.87646 5.16972 1.1348 0.5895 5.60265 -0.03256 1.20231 4.83188 -1.1495 0.16474 5.00291 -0.42646 -1.20181 5.10657 1.53434 -0.96851 4.18174 1.62499 -1.54044 5.83892 2.09309 1.06239 5.39193 0.94668 0.67113 6.67588 0.24175 1.29109 3.77841 -0.31697 2.19345 5.18352 -1.87504 0.18835 4.19154 -1.69359 0.36944 5.92516 -0.66913 -1.84597 4.26321 -0.74157 -1.72921 6.00565 -1.99365 -1.45627 0.9669 -1.17905 -0.57368 0.75948 -1.47671 0.81116 0.43756 -0.46811 1.68296 0.23489 0.84563 1.30599 0.32683 1.58969 1.96888 0.18596 1.25426 0.01946 0.63624 2.4223 -0.30172 0.73188 0.19573 -0.84469 0.82385 0.4504 -1.79675 1.04977 -2.50636 1.11565 0.36389 -0.63844 2.72164 -0.00616,C C C C C H H H H H H H H H H O C C C N H C O N H H H,-2.298,42_UracilCyclopentane
C1CCCC1,O=c1cc[nH]c(=O)[nH]1,0,0,15,12,26568,S66x8,3057234,50,66868546,avdz,-0.030160000000000006,-0.51767,-0.52779,-0.33865,-0.45843,-0.15944,-0.17325,-1.07561,-0.98667,0.08893999999999999,-0.02643,-0.53476,-0.5414,-1.10259,-0.02621,-0.53174,-0.5395300000000001,-1.09748,-0.53696,-0.54277,-1.10616,-1.01721,-0.02877,0.00831,0.00065,-0.04143,0.0008699999999999999,-0.0291,0.03914,0.03914,-0.03556,0.0032,-1.07328,0.0016600000000000002,0.00433,-0.08204,-1.17165,-0.90996,-1.00001,-0.82055,1.10266 -0.88854 5.88946 1.15698 0.57741 6.3224 -0.01037 1.19022 5.55163 -1.12732 0.15265 5.72266 -0.40428 -1.2139 5.82631 1.55652 -0.9806 4.90148 1.64717 -1.55252 6.55866 2.11527 1.05031 6.11168 0.96886 0.65905 7.39562 0.26393 1.27901 4.49816 -0.29479 2.18137 5.90326 -1.85286 0.17627 4.91129 -1.6714 0.35735 6.64491 -0.64695 -1.85805 4.98296 -0.71939 -1.7413 6.7254 -1.99365 -1.45627 0.9669 -1.17905 -0.57368 0.75948 -1.47671 0.81116 0.43756 -0.46811 1.68296 0.23489 0.84563 1.30599 0.32683 1.58969 1.96888 0.18596 1.25426 0.01946 0.63624 2.4223 -0.30172 0.73188 0.19573 -0.84469 0.82385 0.4504 -1.79675 1.04977 -2.50636 1.11565 0.36389 -0.63844 2.72164 -0.00616,C C C C C H H H H H H H H H H O C C C N H C O N H H H,-1.026,42_UracilCyclopentane
C1CCCC1,O=c1cc[nH]c(=O)[nH]1,0,0,15,12,26568,S66x8,3057234,100,66868547,avdz,-0.02165,-0.12186,-0.12677,-0.07553,-0.10786,-0.03693,-0.0401,-0.27029000000000003,-0.24197,0.02832,-0.0208,-0.12473,-0.12886,-0.27439,-0.02065,-0.12410999999999997,-0.12852,-0.27328,-0.12519,-0.1291,-0.27509,-0.24677,-0.01263,-0.01242,1e-05,-0.01377,1e-05,-0.01251,0.0008,0.0008,-0.00851,3e-05,-0.25392,2e-05,5e-05,-0.01941,-0.29345,-0.2303,-0.26999,-0.18648,1.14616 -0.91224 7.3008 1.20047 0.55371 7.73373 0.03312 1.16652 6.96296 -1.08383 0.12895 7.13399 -0.36079 -1.23759 7.23765 1.60001 -1.0043 6.31281 1.69066 -1.57622 7.96999 2.15876 1.02661 7.52301 1.01236 0.63535 8.80696 0.30742 1.25531 5.90949 -0.2513 2.15767 7.31459 -1.80936 0.15257 6.32262 -1.62791 0.33365 8.05624 -0.60345 -1.88175 6.39429 -0.6759 -1.765 8.13673 -1.99365 -1.45627 0.9669 -1.17905 -0.57368 0.75948 -1.47671 0.81116 0.43756 -0.46811 1.68296 0.23489 0.84563 1.30599 0.32683 1.58969 1.96888 0.18596 1.25426 0.01946 0.63624 2.4223 -0.30172 0.73188 0.19573 -0.84469 0.82385 0.4504 -1.79675 1.04977 -2.50636 1.11565 0.36389 -0.63844 2.72164 -0.00616,C C C C C H H H H H H H H H H O C C C N H C O N H H H,-0.253,42_UracilCyclopentane
CC(C)(C)C,O=c1cc[nH]c(=O)[nH]1,0,0,17,12,26569,S66x8,3057369,-10,66869620,avdz,5.77975,-4.01123,-4.1229,-2.69814,-3.67196,-1.19515,-1.28043,-2.35438,-1.7855,0.56888,5.72021,-4.58734,-4.4345300000000005,-3.30166,5.72789,-4.4482,-4.38553,-3.10585,-4.68887,-4.47029,-3.43895,-2.87007,-4.88236,6.97301,0.10279,-5.4127,0.11448,-4.86869,11.65438,11.60144,-2.94853,2.64805,-10.5223,0.4243,0.68094,-1.0594,-3.99127,-2.40678,-2.81706,-2.08819,-1.84942 0.71696 4.69185 -0.53267 -0.02433 4.47697 0.08276 -0.37776 5.82825 0.43245 0.86915 3.70118 -0.79399 -1.30436 3.68661 -2.55649 0.09876 5.24671 -1.68992 1.63715 5.25603 -2.30713 0.97846 3.73669 1.02593 -0.91014 5.69747 0.27979 0.52198 6.41305 -0.58853 -1.0155 6.40499 1.38102 0.35656 3.53083 0.63774 1.78729 4.25461 0.01006 1.14764 2.73372 -1.25773 -1.08253 2.72398 0.13859 -1.84276 3.50697 -1.4645 -1.96617 4.23679 -1.53077 -0.5884 0.12359 -0.43246 -0.08734 0.29466 -0.06687 1.29128 0.01964 1.18354 1.71794 0.29053 2.13413 0.8866 0.81908 3.05534 1.2239 1.04343 1.90278 -0.44318 1.12831 2.74381 -1.16392 1.62859 0.62608 -0.85091 0.80592 0.40919 -1.8115 1.0344 -0.80974 1.95181 -0.39284 1.50185 2.73387 0.10983,C C C C C H H H H H H H H H H H H O C C C N H C O N H H H,-2.807,43_UracilNeopentane
CC(C)(C)C,O=c1cc[nH]c(=O)[nH]1,0,0,17,12,26569,S66x8,3057369,-5,66869621,avdz,3.23986,-3.20859,-3.30201,-2.16411,-2.95649,-0.97459,-1.04476,-3.27074,-2.85532,0.41542,3.20311,-3.60145,-3.52307,-3.92141,3.20735,-3.50618,-3.4879300000000004,-3.78676,-3.67097,-3.54871,-4.01657,-3.60116,-3.16475,3.97618,0.0665,-3.4980800000000003,0.07528,-3.15,6.98147,6.96133,-1.67464,1.44259,-8.10406,0.26782,0.44049,-0.65462,-4.45096,-3.29638,-3.5939400000000004,-3.05525,-1.90282 0.7138 4.84139 -0.58607 -0.02749 4.62652 0.02936 -0.38093 5.97779 0.37905 0.86599 3.85073 -0.84739 -1.30752 3.83615 -2.60989 0.09559 5.39625 -1.74332 1.63398 5.40557 -2.36053 0.9753 3.88624 0.97253 -0.9133 5.84701 0.22638 0.51882 6.5626 -0.64193 -1.01866 6.55453 1.32762 0.35339 3.68037 0.58434 1.78413 4.40415 -0.04334 1.14448 2.88326 -1.31113 -1.08569 2.87353 0.08519 -1.84592 3.65651 -1.5179 -1.96934 4.38634 -1.53077 -0.5884 0.12359 -0.43246 -0.08734 0.29466 -0.06687 1.29128 0.01964 1.18354 1.71794 0.29053 2.13413 0.8866 0.81908 3.05534 1.2239 1.04343 1.90278 -0.44318 1.12831 2.74381 -1.16392 1.62859 0.62608 -0.85091 0.80592 0.40919 -1.8115 1.0344 -0.80974 1.95181 -0.39284 1.50185 2.73387 0.10983,C C C C C H H H H H H H H H H H H O C C C N H C O N H H H,-3.56,43_UracilNeopentane
CC(C)(C)C,O=c1cc[nH]c(=O)[nH]1,0,0,17,12,26569,S66x8,3057369,0,66869622,avdz,1.74598,-2.57926,-2.66089,-1.74032,-2.39191,-0.79673,-0.8550200000000001,-3.4941800000000005,-3.18298,0.3112,1.7218,-2.84908,-2.81882,-3.94609,1.724,-2.78338,-2.79334,-3.85271,-2.89703,-2.83741,-4.0126300000000015,-3.70143,-2.10243,2.21146,0.04298,-2.30487,0.0495,-2.08993,4.18582,4.17816,-0.96958,0.78894,-6.31093,0.16799,0.28474,-0.42028,-4.36324,-3.4330199999999995,-3.68793,-3.23719,-1.95534 0.71069 4.98846 -0.63859 -0.0306 4.77359 -0.02316 -0.38404 6.12486 0.32653 0.86288 3.9978 -0.89991 -1.31063 3.98322 -2.66241 0.09248 5.54332 -1.79584 1.63087 5.55264 -2.41305 0.97219 4.03331 0.92001 -0.91641 5.99408 0.17387 0.5157 6.70967 -0.69445 -1.02178 6.7016 1.2751 0.35028 3.82744 0.53182 1.78101 4.55122 -0.09586 1.14136 3.03033 -1.36365 -1.0888 3.0206 0.03267 -1.84903 3.80358 -1.57042 -1.97245 4.53341 -1.53077 -0.5884 0.12359 -0.43246 -0.08734 0.29466 -0.06687 1.29128 0.01964 1.18354 1.71794 0.29053 2.13413 0.8866 0.81908 3.05534 1.2239 1.04343 1.90278 -0.44318 1.12831 2.74381 -1.16392 1.62859 0.62608 -0.85091 0.80592 0.40919 -1.8115 1.0344 -0.80974 1.95181 -0.39284 1.50185 2.73387 0.10983,C C C C C H H H H H H H H H H H H O C C C N H C O N H H H,-3.678,43_UracilNeopentane
CC(C)(C)C,O=c1cc[nH]c(=O)[nH]1,0,0,17,12,26569,S66x8,3057369,5,66869623,avdz,0.87211,-2.08237,-2.15575,-1.40285,-1.94327,-0.65258,-0.70131,-3.36601,-3.12659,0.23942,0.8552200000000001,-2.26919,-2.26938,-3.68335,0.8562200000000001,-2.22359,-2.25075,-3.61811,-2.30246,-2.28298,-3.73022,-3.4908,-1.43513,1.17401,0.02773,-1.55169,0.0325,-1.42599,2.5106,2.50769,-0.57511,0.43419,-4.9637,0.10461,0.1838,-0.28875,-4.02034,-3.25394,-3.427,-3.11373,-2.00723 0.70761 5.13377 -0.69048 -0.03367 4.91889 -0.07504 -0.38711 6.27017 0.27464 0.8598 4.1431 -0.9518 -1.31371 4.12853 -2.7143 0.08941 5.68863 -1.84773 1.6278 5.69795 -2.46494 0.96911 4.17861 0.86812 -0.91949 6.13939 0.12198 0.51263 6.85497 -0.74634 -1.02485 6.84691 1.22321 0.34721 3.97275 0.47993 1.77794 4.69653 -0.14775 1.13829 3.17564 -1.41554 -1.09187 3.1659 -0.01922 -1.85211 3.94889 -1.62231 -1.97552 4.67871 -1.53077 -0.5884 0.12359 -0.43246 -0.08734 0.29466 -0.06687 1.29128 0.01964 1.18354 1.71794 0.29053 2.13413 0.8866 0.81908 3.05534 1.2239 1.04343 1.90278 -0.44318 1.12831 2.74381 -1.16392 1.62859 0.62608 -0.85091 0.80592 0.40919 -1.8115 1.0344 -0.80974 1.95181 -0.39284 1.50185 2.73387 0.10983,C C C C C H H H H H H H H H H H H O C C C N H C O N H H H,-3.478,43_UracilNeopentane
CC(C)(C)C,O=c1cc[nH]c(=O)[nH]1,0,0,17,12,26569,S66x8,3057369,10,66869624,avdz,0.36863,-1.6892900000000002,-1.75622,-1.13447,-1.58595,-0.5358,-0.5767100000000001,-3.07689,-2.8875900000000003,0.1893,0.35648,-1.81993,-1.83863,-3.30208,0.35681,-1.78808,-1.82493,-3.2562,-1.84316,-1.84863,-3.33532,-3.14602,-1.01032,0.5704199999999999,0.01786,-1.0716,0.02131,-1.00441,1.50956,1.50845,-0.35152,0.2411,-3.94284,0.06476,0.11858,-0.21589,-3.58067,-3.02147,-3.17484,-2.88336,-2.0585 0.70458 5.27735 -0.74176 -0.03671 5.06248 -0.12632 -0.39015 6.41376 0.22337 0.85677 4.28669 -1.00307 -1.31675 4.27212 -2.76557 0.08637 5.83222 -1.899 1.62476 5.84154 -2.51621 0.96607 4.3222 0.81684 -0.92252 6.28298 0.0707 0.50959 6.99856 -0.79761 -1.02789 6.9905 1.17194 0.34417 4.11634 0.42866 1.7749 4.84012 -0.19903 1.13525 3.31923 -1.46681 -1.09491 3.30949 -0.0705 -1.85515 4.09248 -1.67358 -1.97856 4.8223 -1.53077 -0.5884 0.12359 -0.43246 -0.08734 0.29466 -0.06687 1.29128 0.01964 1.18354 1.71794 0.29053 2.13413 0.8866 0.81908 3.05534 1.2239 1.04343 1.90278 -0.44318 1.12831 2.74381 -1.16392 1.62859 0.62608 -0.85091 0.80592 0.40919 -1.8115 1.0344 -0.80974 1.95181 -0.39284 1.50185 2.73387 0.10983,C C C C C H H H H H H H H H H H H O C C C N H C O N H H H,-3.142,43_UracilNeopentane
CC(C)(C)C,O=c1cc[nH]c(=O)[nH]1,0,0,17,12,26569,S66x8,3057369,25,66869625,avdz,-0.14782,-0.92887,-0.97985,-0.61392,-0.8855200000000001,-0.30149000000000004,-0.3261,-2.05654,-1.94874,0.1078,-0.15153,-0.97679,-1.01305,-2.14137,-0.15178,-0.96553,-1.00751,-2.12482,-0.98501,-1.01709,-2.15363,-2.04583,-0.42724,-0.07375,0.00473,-0.41964,0.00596,-0.42708,0.33785,0.33778,-0.09894,0.04308,-2.08486,0.01495,0.03163,-0.12858,-2.3119400000000003,-1.93956,-2.0297,-1.8589,-2.20967 0.69562 5.70068 -0.89293 -0.04567 5.48581 -0.27749 -0.39911 6.83708 0.0722 0.84781 4.71002 -1.15424 -1.3257 4.69544 -2.91674 0.07742 6.25554 -2.05017 1.61581 6.26486 -2.66738 0.95712 4.74552 0.66567 -0.93148 6.7063 -0.08047 0.50064 7.42189 -0.94878 -1.03684 7.41382 1.02077 0.33522 4.53966 0.27749 1.76595 5.26344 -0.3502 1.1263 3.74255 -1.61798 -1.10387 3.73282 -0.22167 -1.8641 4.5158 -1.82475 -1.98752 5.24563 -1.53077 -0.5884 0.12359 -0.43246 -0.08734 0.29466 -0.06687 1.29128 0.01964 1.18354 1.71794 0.29053 2.13413 0.8866 0.81908 3.05534 1.2239 1.04343 1.90278 -0.44318 1.12831 2.74381 -1.16392 1.62859 0.62608 -0.85091 0.80592 0.40919 -1.8115 1.0344 -0.80974 1.95181 -0.39284 1.50185 2.73387 0.10983,C C C C C H H H H H H H H H H H H O C C C N H C O N H H H,-2.055,43_UracilNeopentane
CC(C)(C)C,O=c1cc[nH]c(=O)[nH]1,0,0,17,12,26569,S66x8,3057369,50,66869626,avdz,-0.16171,-0.37983,-0.40982,-0.24218,-0.36779,-0.12448,-0.13544,-0.95136,-0.8961600000000001,0.0552,-0.16105,-0.39235,-0.41903,-0.97244,-0.16115,-0.38982,-0.41763,-0.9686,-0.3942,-0.42006,-0.97531,-0.9201,-0.16692,-0.13719,0.0005099999999999999,-0.14862999999999998,0.0007099999999999999,-0.16762,0.03348,0.03348,-0.02453,0.00269,-0.83859,0.00128,0.00336,-0.07007999999999999,-1.06001,-0.84375,-0.9169,-0.77062,-2.45577 0.68104 6.38984 -1.13903 -0.06025 6.17497 -0.52359 -0.41369 7.52625 -0.1739 0.83323 5.39918 -1.40034 -1.34028 5.38461 -3.16284 0.06284 6.94471 -2.29627 1.60123 6.95403 -2.91348 0.94254 5.43469 0.41957 -0.94606 7.39547 -0.32657 0.48606 8.11105 -1.19488 -1.05142 8.10298 0.77467 0.32064 5.22883 0.03139 1.75137 5.95261 -0.5963 1.11172 4.43172 -1.86408 -1.11845 4.42198 -0.46777 -1.87868 5.20497 -2.07085 -2.0021 5.93479 -1.53077 -0.5884 0.12359 -0.43246 -0.08734 0.29466 -0.06687 1.29128 0.01964 1.18354 1.71794 0.29053 2.13413 0.8866 0.81908 3.05534 1.2239 1.04343 1.90278 -0.44318 1.12831 2.74381 -1.16392 1.62859 0.62608 -0.85091 0.80592 0.40919 -1.8115 1.0344 -0.80974 1.95181 -0.39284 1.50185 2.73387 0.10983,C C C C C H H H H H H H H H H H H O C C C N H C O N H H H,-0.932,43_UracilNeopentane
CC(C)(C)C,O=c1cc[nH]c(=O)[nH]1,0,0,17,12,26569,S66x8,3057369,100,66869627,avdz,-0.05491,-0.0899,-0.09958,-0.05388,-0.08796,-0.02925,-0.03191,-0.24439,-0.22599,0.0184,-0.05458,-0.09178,-0.10074,-0.2471,-0.0546,-0.09126,-0.10049,-0.24636,-0.09216,-0.10093,-0.24766,-0.22926,-0.04898,-0.04883,1e-05,-0.04199,1e-05,-0.04909,0.00053,0.00053,-0.00583,1e-05,-0.20047,1e-05,4e-05,-0.01478,-0.26958000000000004,-0.21529,-0.24614,-0.18108,-2.93672 0.65255 7.73667 -1.61998 -0.08874 7.52179 -1.00454 -0.44218 8.87307 -0.65485 0.80474 6.746 -1.88129 -1.36877 6.73143 -3.64379 0.03434 8.29153 -2.77722 1.57273 8.30085 -3.39443 0.91405 6.78151 -0.06138 -0.97455 8.74229 -0.80752 0.45756 9.45787 -1.67583 -1.07991 9.44981 0.29372 0.29214 6.57565 -0.44956 1.72287 7.29943 -1.07725 1.08322 5.77854 -2.34503 -1.14694 5.7688 -0.94872 -1.90717 6.55179 -2.5518 -2.03059 7.28161 -1.53077 -0.5884 0.12359 -0.43246 -0.08734 0.29466 -0.06687 1.29128 0.01964 1.18354 1.71794 0.29053 2.13413 0.8866 0.81908 3.05534 1.2239 1.04343 1.90278 -0.44318 1.12831 2.74381 -1.16392 1.62859 0.62608 -0.85091 0.80592 0.40919 -1.8115 1.0344 -0.80974 1.95181 -0.39284 1.50185 2.73387 0.10983,C C C C C H H H H H H H H H H H H O C C C N H C O N H H H,-0.235,43_UracilNeopentane
C=C,CCCCC,0,0,6,17,13248,S66x8,3057252,-10,66868684,avdz,3.8404,-2.5005,-2.51126,-1.72649,-2.36302,-0.6641600000000001,-0.67705,-1.17135,-0.91326,0.25809,3.8138,-2.90668,-2.73325,-1.82613,3.82008,-2.8174,-2.70098,-1.69829,-2.9718400000000003,-2.75681,-1.91484,-1.65675,-2.13211,4.5702,0.06854,-2.31362,0.07265,-2.13201,6.629569999999998,6.60703,-0.8205899999999999,0.80493,-6.16195,0.21511,0.35521,-0.74406,-1.8538,-1.51923,-1.71947,-1.2554299999999998,0.6664 0.18381 0.41974 -0.66597 0.18297 0.41961 1.22888 -0.32988 1.18626 1.22804 0.69721 -0.34761 -1.22792 -0.3315 1.1861 -1.22818 0.69565 -0.34775 -2.53274 -0.37807 3.9056 -1.27131 0.4746 3.94142 -3e-05 -0.36296 3.91447 1.27119 0.47463 3.94188 2.53264 -0.37809 3.90606 -2.56224 -0.99109 3.00441 -2.56888 -1.05229 4.76122 -3.43391 0.23294 3.92285 -1.27171 1.0947 4.84081 -1.26292 1.16151 3.09236 -0.00019 -1.04963 4.76631 0.00011 -0.99053 3.01783 1.27146 1.09444 4.84136 1.26299 1.16171 3.09297 2.56226 -0.99095 3.00475 3.43382 0.23284 3.92363 2.56856 -1.05255 4.76156,C C H H H H C C C C C H H H H H H H H H H H H,-1.589,44_EthenePentane
C=C,CCCCC,0,0,6,17,13248,S66x8,3057252,-5,66868685,avdz,2.37677,-2.0066900000000003,-2.00311,-1.39757,-1.89518,-0.53982,-0.5504399999999999,-1.63303,-1.4558,0.17724,2.3662400000000003,-2.28949,-2.16392,-2.08716,2.37047,-2.2278,-2.14057,-1.9979,-2.3345,-2.18096,-2.14922,-1.97198,-1.31907,2.83133,0.04524,-1.43909,0.04833,-1.31541,4.09094,4.08207,-0.46092,0.43701,-4.76732,0.1365,0.23277,-0.45242,-2.09885,-1.85718,-2.004,-1.59187,0.6664 0.18381 0.41974 -0.66597 0.18297 0.41961 1.22888 -0.32988 1.18626 1.22804 0.69721 -0.34761 -1.22792 -0.3315 1.1861 -1.22818 0.69565 -0.34775 -2.53275 -0.38815 4.06054 -1.27132 0.46453 4.09636 -4e-05 -0.37303 4.06941 1.27118 0.46456 4.09682 2.53263 -0.38817 4.06099 -2.56225 -1.00117 3.15935 -2.56889 -1.06237 4.91616 -3.43392 0.22287 4.07778 -1.27172 1.08462 4.99575 -1.26293 1.15144 3.2473 -0.0002 -1.0597 4.92124 0.0001 -1.00061 3.17277 1.27145 1.08437 4.9963 1.26298 1.15163 3.24791 2.56225 -1.00102 3.15968 3.43381 0.22277 4.07857 2.56855 -1.06262 4.9165,C C H H H H C C C C C H H H H H H H H H H H H,-1.918,44_EthenePentane
C=C,CCCCC,0,0,6,17,13248,S66x8,3057252,0,66868686,avdz,1.47581,-1.61987,-1.61027,-1.13446,-1.5297,-0.44043,-0.4492600000000001,-1.7543400000000002,-1.62877,0.12557,1.47329,-1.81789,-1.7274200000000002,-2.07202,1.47606,-1.77503,-1.71036,-2.00933,-1.84916,-1.73987,-2.11574,-1.99018,-0.8220299999999999,1.76335,0.02993,-0.90093,0.03223,-0.8173,2.53436,2.53085,-0.26404,0.2386,-3.73159,0.08644,0.15302000000000002,-0.2782,-2.07871,-1.92042,-2.02279,-1.7619900000000002,0.6664 0.18381 0.41974 -0.66597 0.18297 0.41961 1.22888 -0.32988 1.18626 1.22804 0.69721 -0.34761 -1.22792 -0.3315 1.1861 -1.22818 0.69565 -0.34775 -2.53276 -0.39798 4.21182 -1.27133 0.45469 4.24764 -5e-05 -0.38286 4.2207 1.27117 0.45472 4.2481 2.53262 -0.398 4.21228 -2.56226 -1.011 3.31063 -2.5689 -1.0722 5.06744 -3.43394 0.21304 4.22907 -1.27173 1.07479 5.14704 -1.26294 1.1416 3.39858 -0.00021 -1.06954 5.07253 9e-05 -1.01044 3.32406 1.27144 1.07453 5.14759 1.26297 1.1418 3.3992 2.56224 -1.01086 3.31097 3.4338 0.21293 4.22986 2.56854 -1.07246 5.06778,C C H H H H C C C C C H H H H H H H H H H H H,-1.948,44_EthenePentane
C=C,CCCCC,0,0,6,17,13248,S66x8,3057252,5,66868687,avdz,0.91696,-1.31427,-1.30325,-0.92319,-1.24158,-0.36048,-0.36787,-1.7005599999999998,-1.60829,0.09227,0.9181,-1.45363,-1.38897,-1.9245,0.91985,-1.42372,-1.3764,-1.88028,-1.47546,-1.39815,-1.9555,-1.86323,-0.5150600000000001,1.10145,0.01981,-0.56645,0.0215,-0.51069,1.57365,1.57225,-0.15463,0.13105999999999998,-2.95086,0.05456,0.10081,-0.17459000000000002,-1.93069,-1.81785,-1.90648,-1.7017799999999998,0.6664 0.18381 0.41974 -0.66597 0.18297 0.41961 1.22888 -0.32988 1.18626 1.22804 0.69721 -0.34761 -1.22792 -0.3315 1.1861 -1.22818 0.69565 -0.34775 -2.53278 -0.40764 4.36045 -1.27134 0.44503 4.39627 -7e-05 -0.39253 4.36933 1.27116 0.44506 4.39673 2.53261 -0.40766 4.36091 -2.56227 -1.02066 3.45926 -2.56891 -1.08186 5.21607 -3.43395 0.20337 4.3777 -1.27175 1.06513 5.29566 -1.26295 1.13194 3.54721 -0.00022 -1.0792 5.22116 8e-05 -1.0201 3.47268 1.27143 1.06487 5.29622 1.26296 1.13214 3.54782 2.56223 -1.02052 3.4596 3.43378 0.20327 4.37849 2.56852 -1.08212 5.21641,C C H H H H C C C C C H H H H H H H H H H H H,-1.83,44_EthenePentane
C=C,CCCCC,0,0,6,17,13248,S66x8,3057252,10,66868688,avdz,0.56972,-1.07204,-1.0619,-0.75372,-1.0135,-0.2961,-0.30231,-1.5642200000000002,-1.4936,0.07062,0.57227,-1.17071,-1.12494,-1.72338,0.5733199999999999,-1.14975,-1.11562,-1.69205,-1.18601,-1.13174,-1.74548,-1.67487,-0.32468,0.68995,0.01313,-0.35769,0.01436,-0.32135,0.9801,0.97954,-0.09303,0.07265,-2.35676,0.03435,0.06658,-0.11278,-1.7302400000000002,-1.641,-1.7161099999999998,-1.53308,0.6664 0.18381 0.41974 -0.66597 0.18297 0.41961 1.22888 -0.32988 1.18626 1.22804 0.69721 -0.34761 -1.22792 -0.3315 1.1861 -1.22818 0.69565 -0.34775 -2.53279 -0.41715 4.50664 -1.27135 0.43553 4.54246 -8e-05 -0.40203 4.51551 1.27114 0.43556 4.54292 2.5326 -0.41717 4.50709 -2.56228 -1.03017 3.60545 -2.56892 -1.09137 5.36226 -3.43396 0.19387 4.52388 -1.27176 1.05562 5.44185 -1.26296 1.12244 3.6934 -0.00023 -1.0887 5.36735 6e-05 -1.02961 3.61887 1.27142 1.05537 5.4424 1.26295 1.12263 3.69401 2.56222 -1.03002 3.60578 3.43377 0.19377 4.52467 2.56851 -1.09162 5.3626,C C H H H H C C C C C H H H H H H H H H H H H,-1.648,44_EthenePentane
C=C,CCCCC,0,0,6,17,13248,S66x8,3057252,25,66868689,avdz,0.13368,-0.60025,-0.5957100000000001,-0.41958,-0.56906,-0.16776,-0.17152,-1.06229,-1.02273,0.03955,0.13613,-0.6367,-0.62168,-1.12225,0.13627999999999998,-0.62921,-0.6177199999999999,-1.11065,-0.6421600000000001,-0.62456,-1.13059,-1.09104,-0.08476,0.1705,0.00383,-0.09221,0.00428,-0.0845,0.2414,0.24136,-0.0245,0.01325,-1.26542,0.00847,0.01931,-0.0393,-1.13129,-1.05293,-1.1153,-0.96785,0.6664 0.18381 0.41974 -0.66597 0.18297 0.41961 1.22888 -0.32988 1.18626 1.22804 0.69721 -0.34761 -1.22792 -0.3315 1.1861 -1.22818 0.69565 -0.34775 -2.53282 -0.44497 4.93467 -1.27138 0.4077 4.97049 -0.00011 -0.42985 4.94355 1.27111 0.40773 4.97095 2.53256 -0.44499 4.93513 -2.56231 -1.05799 4.03348 -2.56895 -1.11919 5.79029 -3.43399 0.16604 4.95192 -1.27179 1.0278 5.86988 -1.26299 1.09461 4.12143 -0.00026 -1.11653 5.79538 3e-05 -1.05743 4.0469 1.27139 1.02754 5.87044 1.26292 1.09481 4.12204 2.56219 -1.05785 4.03382 3.43374 0.16594 4.95271 2.56848 -1.11945 5.79063,C C H H H H C C C C C H H H H H H H H H H H H,-1.078,44_EthenePentane
C=C,CCCCC,0,0,6,17,13248,S66x8,3057252,50,66868690,avdz,0.0076799999999999985,-0.25281,-0.25305,-0.17295,-0.23999,-0.07059,-0.07227,-0.49819,-0.47585,0.02234,0.00898,-0.26131,-0.26005,-0.5123800000000001,0.00895,-0.25971,-0.25897,-0.50973,-0.26247,-0.26084,-0.5143300000000001,-0.49199,-0.01157,0.015280000000000004,0.0005,-0.01066,0.00057,-0.01248,0.02585,0.02585,-0.00492,0.00105,-0.5192899999999999,0.00082,0.00241,-0.018330000000000003,-0.52488,-0.45483,-0.5067,-0.39898,0.6664 0.18381 0.41974 -0.66597 0.18297 0.41961 1.22888 -0.32988 1.18626 1.22804 0.69721 -0.34761 -1.22792 -0.3315 1.1861 -1.22818 0.69565 -0.34775 -2.53287 -0.48988 5.6254 -1.27143 0.3628 5.66122 -0.00016 -0.47476 5.63427 1.27106 0.36283 5.66168 2.53251 -0.4899 5.62585 -2.56236 -1.1029 4.72421 -2.569 -1.1641 6.48102 -3.43404 0.12114 5.64265 -1.27184 0.98289 6.56061 -1.26305 1.04971 4.81216 -0.00031 -1.16143 6.48611 -2e-05 -1.10234 4.73763 1.27133 0.98264 6.56116 1.26287 1.0499 4.81277 2.56214 -1.10275 4.72455 3.43369 0.12104 5.64343 2.56843 -1.16435 6.48136,C C H H H H C C C C C H H H H H H H H H H H H,-0.49,44_EthenePentane
C=C,CCCCC,0,0,6,17,13248,S66x8,3057252,100,66868691,avdz,-0.0016,-0.06217,-0.06275,-0.04096,-0.05837000000000001,-0.01697,-0.01737,-0.12652,-0.1179,0.008620000000000001,-0.00145,-0.06331,-0.06382,-0.12858,-0.0014199999999999998,-0.06315,-0.06369,-0.12826,-0.06342,-0.06391000000000001,-0.12878,-0.12017,-0.00116,-0.0008300000000000001,1e-05,-0.00029,1e-05,-0.00106,0.00046,0.00046,-0.00063,1e-05,-0.12738,1e-05,3e-05,-0.00678,-0.13534000000000002,-0.12137,-0.13307,-0.10649000000000003,0.6664 0.18381 0.41974 -0.66597 0.18297 0.41961 1.22888 -0.32988 1.18626 1.22804 0.69721 -0.34761 -1.22792 -0.3315 1.1861 -1.22818 0.69565 -0.34775 -2.53297 -0.57692 6.96435 -1.27153 0.27576 7.00017 -0.00026 -0.5618 6.97322 1.27096 0.27578 7.00063 2.53241 -0.57694 6.9648 -2.56246 -1.18994 6.06316 -2.5691 -1.25114 7.81997 -3.43414 0.0341 6.98159 -1.27194 0.89585 7.89956 -1.26315 0.96266 6.15111 -0.00041 -1.24847 7.82506 -0.00012 -1.18938 6.07658 1.27123 0.8956 7.90011 1.26277 0.96286 6.15172 2.56204 -1.1898 6.06349 3.43359 0.034 6.98238 2.56833 -1.2514 7.82031,C C H H H H C C C C C H H H H H H H H H H H H,-0.121,44_EthenePentane
C#C,CCCCC,0,0,4,17,26570,S66x8,3057189,-10,66868180,avdz,4.15758,-2.61609,-2.4993,-1.7234599999999998,-2.14351,-0.63155,-0.62925,-0.95781,-0.34093,0.61688,4.15623,-3.05518,-2.75102,-1.64996,4.16257,-2.95418,-2.71164,-1.50325,-3.12888,-2.77975,-1.7524,-1.13552,-3.04808,5.0803699999999985,0.08202000000000001,-2.91121,0.07936,-3.03154,8.00325,7.947939999999999,-1.16206,1.16465,-6.15801,0.25166,0.39179,-0.90743,-1.44769,-1.06341,-1.35467,-0.78356,-0.60619 0.05587 0.589 0.60585 0.05554 0.58927 -1.66804 0.05578 0.58901 1.66768 0.05486 0.58973 -2.53042 -0.34128 3.88959 -1.26989 0.51332 3.90066 3e-05 -0.32501 3.94112 1.26993 0.51336 3.90075 2.53045 -0.34127 3.8898 -2.53879 -1.00324 3.02318 -2.58234 -0.96755 4.78018 -3.43284 0.26762 3.85683 -1.28654 1.18632 4.76107 -1.24462 1.14753 3.01187 3e-05 -0.9428 4.84418 0.0001 -1.01331 3.09188 1.28655 1.18633 4.76117 1.24478 1.14753 3.01195 2.53883 -1.00326 3.02342 3.43283 0.26766 3.85708 2.58227 -0.96749 4.78044,C C H H C C C C C H H H H H H H H H H H H,-0.997,45_EthynePentane
C#C,CCCCC,0,0,4,17,26570,S66x8,3057189,-5,66868181,avdz,2.46827,-2.05235,-1.96609,-1.34911,-1.69944,-0.5059600000000001,-0.50278,-1.55017,-1.08625,0.46393,2.47567,-2.3545,-2.14701,-2.02583,2.47938,-2.28559,-2.11882,-1.92502,-2.40478,-2.16758,-2.09668,-1.63276,-1.91377,3.0404,0.05376,-1.81552,0.05205,-1.88915,4.80465,4.78247,-0.6455,0.61817,-4.68465,0.15705,0.25284,-0.49019,-1.87678,-1.61457,-1.81241,-1.37417,-0.60619 0.05587 0.589 0.60585 0.05554 0.58927 -1.66804 0.05578 0.58901 1.66768 0.05486 0.58973 -2.53041 -0.34441 4.05595 -1.26988 0.5102 4.06702 4e-05 -0.32814 4.10747 1.26994 0.51024 4.06711 2.53046 -0.3444 4.05616 -2.53878 -1.00636 3.18954 -2.58233 -0.97067 4.94654 -3.43283 0.2645 4.02319 -1.28653 1.18319 4.92743 -1.24461 1.14441 3.17822 4e-05 -0.94593 5.01054 0.0001 -1.01643 3.25823 1.28656 1.18321 4.92753 1.24479 1.14441 3.1783 2.53884 -1.00638 3.18978 3.43284 0.26454 4.02343 2.58228 -0.97061 4.94679,C C H H C C C C C H H H H H H H H H H H H,-1.526,45_EthynePentane
C#C,CCCCC,0,0,4,17,26570,S66x8,3057189,0,66868182,avdz,1.44803,-1.6165200000000002,-1.55518,-1.05765,-1.35306,-0.40638,-0.40287,-1.72367,-1.36906,0.35461,1.45553,-1.82529,-1.68608,-2.0558400000000003,1.45748,-1.77814,-1.66569,-1.98635,-1.85969,-1.70097,-2.10513,-1.75052,-1.21914,1.80762,0.03515,-1.14657,0.03406,-1.19584,2.87887,2.87004,-0.37034,0.33018000000000003,-3.60035,0.09708,0.16325,-0.25561,-1.95275,-1.75505,-1.9183,-1.55604,-0.60619 0.05587 0.589 0.60585 0.05554 0.58927 -1.66804 0.05578 0.58901 1.66768 0.05486 0.58973 -2.5304 -0.34749 4.22025 -1.26987 0.50711 4.23132 5e-05 -0.33122 4.27178 1.26995 0.50716 4.23141 2.53047 -0.34748 4.22046 -2.53877 -1.00944 3.35384 -2.58232 -0.97376 5.11084 -3.43282 0.26142 4.18749 -1.28652 1.18011 5.09173 -1.2446 1.14133 3.34253 5e-05 -0.94901 5.17484 0.00011 -1.01952 3.42254 1.28657 1.18012 5.09183 1.2448 1.14133 3.34261 2.53885 -1.00946 3.35408 3.43285 0.26145 4.18774 2.58229 -0.97369 5.1111,C C H H C C C C C H H H H H H H H H H H H,-1.669,45_EthynePentane
C#C,CCCCC,0,0,4,17,26570,S66x8,3057189,5,66868183,avdz,0.8311700000000001,-1.27801,-1.23636,-0.8305799999999999,-1.08139,-0.32704,-0.32354,-1.6832,-1.40783,0.27537,0.83596,-1.423,-1.3317,-1.91873,0.83678,-1.39057,-1.31673,-1.87052,-1.44666,-1.34262,-1.95331,-1.6779400000000002,-0.79104,1.06057,0.02291,-0.7357899999999999,0.02223,-0.77276,1.72395,1.7204400000000002,-0.22041,0.17778,-2.79294,0.05947,0.1054,-0.13360999999999998,-1.85312,-1.67653,-1.80349,-1.52018,-0.60619 0.05587 0.589 0.60585 0.05554 0.58927 -1.66804 0.05578 0.58901 1.66768 0.05486 0.58973 -2.53039 -0.35055 4.38313 -1.26986 0.50406 4.3942 6e-05 -0.33428 4.43466 1.26995 0.5041 4.39429 2.53048 -0.35054 4.38334 -2.53876 -1.0125 3.51672 -2.58231 -0.97681 5.27373 -3.43281 0.25836 4.35037 -1.28651 1.17705 5.25461 -1.2446 1.13827 3.50541 6e-05 -0.95207 5.33772 0.00012 -1.02257 3.58542 1.28658 1.17707 5.25471 1.24481 1.13827 3.50549 2.53886 -1.01252 3.51697 3.43286 0.2584 4.35062 2.58229 -0.97675 5.27398,C C H H C C C C C H H H H H H H H H H H H,-1.616,45_EthynePentane
C#C,CCCCC,0,0,4,17,26570,S66x8,3057189,10,66868184,avdz,0.45962,-1.01493,-0.98831,-0.6541399999999999,-0.86803,-0.26383,-0.26053000000000004,-1.54362,-1.32637,0.21725,0.46182,-1.11636,-1.05826,-1.7128,0.46195,-1.09386,-1.04711,-1.6790200000000002,-1.13278,-1.0664,-1.7373599999999998,-1.52011,-0.52581,0.6089600000000001,0.01489,-0.48234,0.014469999999999997,-0.51358,1.0359200000000002,1.03453,-0.13654000000000002,0.09673,-2.18713,0.0362,0.06806,-0.07577,-1.67612,-1.49544,-1.6154,-1.36772,-0.60619 0.05587 0.589 0.60585 0.05554 0.58927 -1.66804 0.05578 0.58901 1.66768 0.05486 0.58973 -2.53039 -0.35357 4.54456 -1.26985 0.50103 4.55562 7e-05 -0.3373 4.59608 1.26996 0.50107 4.55571 2.53049 -0.35357 4.54477 -2.53875 -1.01553 3.67814 -2.5823 -0.97984 5.43515 -3.4328 0.25533 4.51179 -1.2865 1.17403 5.41603 -1.24459 1.13524 3.66683 7e-05 -0.95509 5.49914 0.00013 -1.0256 3.74684 1.28659 1.17404 5.41613 1.24482 1.13524 3.66691 2.53887 -1.01555 3.67839 3.43287 0.25537 4.51204 2.5823 -0.97978 5.4354,C C H H C C C C C H H H H H H H H H H H H,-1.473,45_EthynePentane
C#C,CCCCC,0,0,4,17,26570,S66x8,3057189,25,66868185,avdz,0.02658,-0.5234,-0.52158,-0.32709,-0.46124,-0.14088,-0.13858,-1.0184,-0.90264,0.11577,0.026410000000000003,-0.56025,-0.55051,-1.08435,0.02602,-0.5523399999999999,-0.54557,-1.07188,-0.56603,-0.55412,-1.09373,-0.97796,-0.18952,0.07495,0.00404,-0.16458,0.00396,-0.18833,0.23739,0.2373,-0.04087,0.0167,-1.10671,0.008020000000000001,0.01808,-0.035930000000000004,-1.09165,-0.97018,-1.04958,-0.89694,-0.60619 0.05587 0.589 0.60585 0.05554 0.58927 -1.66804 0.05578 0.58901 1.66768 0.05486 0.58973 -2.53036 -0.36254 5.02251 -1.26983 0.49206 5.03357 9e-05 -0.34627 5.07403 1.26999 0.4921 5.03366 2.53051 -0.36253 5.02272 -2.53872 -1.0245 4.15609 -2.58228 -0.98881 5.9131 -3.43277 0.24636 4.98974 -1.28648 1.16506 5.89398 -1.24456 1.12627 4.14478 0.0001 -0.96406 5.97709 0.00016 -1.03457 4.22479 1.28662 1.16507 5.89408 1.24485 1.12627 4.14486 2.53889 -1.02452 4.15634 3.43289 0.2464 4.98999 2.58233 -0.98875 5.91335,C C H H C C C C C H H H H H H H H H H H H,-0.958,45_EthynePentane
C#C,CCCCC,0,0,4,17,26570,S66x8,3057189,50,66868186,avdz,-0.05673,-0.19403,-0.20049,-0.11484,-0.17726,-0.053570000000000007,-0.052529999999999986,-0.45125,-0.40239,0.04886,-0.05662,-0.20268,-0.20844,-0.46774,-0.05675,-0.20099,-0.20696,-0.4647,-0.20391,-0.20951,-0.47005,-0.42119,-0.07006,-0.0454,0.00047,-0.05685,0.00046,-0.07116,0.02734,0.02734,-0.00965,0.00114,-0.41452,0.0006799999999999999,0.00184,-0.02397,-0.4883,-0.43595,-0.46715,-0.39915,-0.60619 0.05587 0.589 0.60585 0.05554 0.58927 -1.66804 0.05578 0.58901 1.66768 0.05486 0.58973 -2.53031 -0.37723 5.805 -1.26978 0.47737 5.81607 0.00014 -0.36096 5.85652 1.27004 0.47742 5.81616 2.53056 -0.37722 5.80521 -2.53868 -1.03918 4.93859 -2.58223 -1.0035 6.69559 -3.43273 0.23168 5.77224 -1.28643 1.15037 6.67648 -1.24451 1.11159 4.92727 0.00014 -0.97875 6.75958 0.0002 -1.04926 5.00728 1.28666 1.15038 6.67658 1.24489 1.11159 4.92735 2.53894 -1.0392 4.93883 3.43294 0.23171 5.77248 2.58238 -1.00343 6.69584,C C H H C C C C C H H H H H H H H H H H H,-0.418,45_EthynePentane
C#C,CCCCC,0,0,4,17,26570,S66x8,3057189,100,66868187,avdz,-0.0253,-0.03907,-0.0424,-0.02113,-0.03713,-0.01086,-0.01064,-0.10677,-0.09442,0.01235,-0.0254,-0.04016,-0.04351,-0.10908,-0.02546,-0.04007,-0.04338,-0.10891,-0.04023,-0.04361,-0.10924,-0.09689,-0.02433,-0.02412,1e-05,-0.01958,1e-05,-0.02441,0.00053,0.00053,-0.0013,1e-05,-0.08796,1e-05,2e-05,-0.00446,-0.11756,-0.10366,-0.1134,-0.09226,-0.60619 0.05587 0.589 0.60585 0.05554 0.58927 -1.66804 0.05578 0.58901 1.66768 0.05486 0.58973 -2.53023 -0.40608 7.34243 -1.26969 0.44852 7.3535 0.00023 -0.38981 7.39395 1.27012 0.44857 7.35359 2.53065 -0.40607 7.34264 -2.53859 -1.06803 6.47602 -2.58214 -1.03235 8.23302 -3.43264 0.20282 7.30967 -1.28634 1.12152 8.21391 -1.24443 1.08274 6.4647 0.00023 -1.0076 8.29702 0.00029 -1.07811 6.54471 1.28675 1.12153 8.21401 1.24498 1.08274 6.46478 2.53903 -1.06805 6.47626 3.43303 0.20286 7.30991 2.58246 -1.03229 8.23327,C C H H C C C C C H H H H H H H H H H H H,-0.097,45_EthynePentane
CCCCC,CNC(=O)C,0,0,17,12,14229,S66x8,3057387,-10,66869764,avdz,5.84395,-4.26586,-4.45362,-2.9443900000000003,-4.13341,-1.2324700000000002,-1.31606,-2.87552,-2.46632,0.40921,5.78592,-4.9601,-4.83047,-4.00465,5.7971,-4.80094,-4.773619999999998,-3.77745,-5.07625,-4.87195,-4.16228,-3.75308,-4.30465,7.487260000000001,0.11205,-4.8886400000000005,0.1248,-4.2883,11.50826,11.48385,-2.06012,1.5712700000000002,-11.22305,0.40559,0.67503,-1.14219,-4.55351,-3.2088,-3.62106,-2.86919,2.64336 0.45063 4.65057 1.41508 -0.41276 4.39302 0.13255 0.40586 4.32772 -1.11181 -0.44448 4.11084 -2.37865 0.39581 4.02072 2.76019 1.20505 3.87182 2.55724 0.97552 5.60223 3.55545 -0.14361 4.67738 1.32051 -1.15821 5.18607 1.5315 -0.96622 3.45917 0.02097 0.98359 5.2508 0.21178 1.13867 3.51806 -1.20261 -1.15897 4.93225 -0.984 -1.03342 3.20062 -2.31174 1.10286 3.19295 -3.26399 -0.22021 3.86689 -2.52901 0.97202 4.93394 -2.05985 -0.57737 0.68015 -0.95003 0.34489 0.77391 0.32674 -0.07765 0.9882 0.61882 -1.25248 1.17128 1.37219 1.01248 0.97082 -1.66936 -1.5668 0.89718 -2.83459 -0.33138 1.40366 -2.49097 -0.57892 -0.31994 -1.10467 1.32203 0.60611 0.95218 2.01405 1.03312 1.94742 0.92652 0.05072 2.0517 0.85183 1.80295,C C C C C H H H H H H H H H H H H C N C O C H H H H H H H,-3.673,46_PeptidePentane
CCCCC,CNC(=O)C,0,0,17,12,14229,S66x8,3057387,-5,66869765,avdz,3.73647,-3.57375,-3.71189,-2.48601,-3.4568800000000004,-1.04424,-1.11551,-3.54916,-3.25066,0.2985,3.69906,-4.08828,-3.99958,-4.3888,3.7064,-3.97106,-3.95627,-4.22093,-4.17382,-4.0311900000000005,-4.50595,-4.20745,-2.94697,4.90146,0.07883,-3.3681,0.08881,-2.93123,7.6593300000000015,7.64865,-1.37125,0.94768,-9.08391,0.27819,0.4762,-0.78608,-4.81107,-3.774480000000001,-4.0812,-3.47014,2.65416 0.45819 4.77709 1.42588 -0.4052 4.51954 0.14335 0.41342 4.45424 -1.10101 -0.43692 4.23736 -2.36785 0.40337 4.14724 2.771 1.2126 3.99835 2.56805 0.98308 5.72875 3.56625 -0.13605 4.8039 1.33131 -1.15065 5.31259 1.5423 -0.95866 3.5857 0.03178 0.99115 5.37732 0.22258 1.14623 3.64459 -1.19181 -1.15141 5.05878 -0.9732 -1.02586 3.32714 -2.30094 1.11042 3.31947 -3.25319 -0.21265 3.99341 -2.51821 0.97958 5.06046 -2.05985 -0.57737 0.68015 -0.95003 0.34489 0.77391 0.32674 -0.07765 0.9882 0.61882 -1.25248 1.17128 1.37219 1.01248 0.97082 -1.66936 -1.5668 0.89718 -2.83459 -0.33138 1.40366 -2.49097 -0.57892 -0.31994 -1.10467 1.32203 0.60611 0.95218 2.01405 1.03312 1.94742 0.92652 0.05072 2.0517 0.85183 1.80295,C C C C C H H H H H H H H H H H H C N C O C H H H H H H H,-4.144,46_PeptidePentane
CCCCC,CNC(=O)C,0,0,17,12,14229,S66x8,3057387,0,66869766,avdz,2.34442,-2.99721,-3.1013,-2.09704,-2.89584,-0.88449,-0.94542,-3.75409,-3.53295,0.22114,2.31986,-3.379,-3.3211,-4.38023,2.32453,-3.29262,-3.2880000000000003,-4.25609,-3.4420300000000004,-3.34525,-4.46742,-4.2462800000000005,-2.03137,3.18677,0.05529,-2.33277,0.06302999999999999,-2.01742,5.09219,5.08757,-0.93403,0.5692699999999999,-7.39125,0.18964,0.33487,-0.55565,-4.71239,-3.869180000000001,-4.12885,-3.58277,2.66491 0.46572 4.90308 1.43664 -0.39767 4.64553 0.1541 0.42094 4.58023 -1.09026 -0.42939 4.36335 -2.35709 0.4109 4.27323 2.78175 1.22013 4.12434 2.5788 0.9906 5.85474 3.577 -0.12852 4.92989 1.34207 -1.14312 5.43858 1.55306 -0.95113 3.71169 0.04253 0.99868 5.50331 0.23334 1.15376 3.77058 -1.18106 -1.14388 5.18477 -0.96245 -1.01833 3.45313 -2.29018 1.11795 3.44546 -3.24244 -0.20512 4.1194 -2.50745 0.98711 5.18645 -2.05985 -0.57737 0.68015 -0.95003 0.34489 0.77391 0.32674 -0.07765 0.9882 0.61882 -1.25248 1.17128 1.37219 1.01248 0.97082 -1.66936 -1.5668 0.89718 -2.83459 -0.33138 1.40366 -2.49097 -0.57892 -0.31994 -1.10467 1.32203 0.60611 0.95218 2.01405 1.03312 1.94742 0.92652 0.05072 2.0517 0.85183 1.80295,C C C C C H H H H H H H H H H H H C N C O C H H H H H H H,-4.195,46_PeptidePentane
CCCCC,CNC(=O)C,0,0,17,12,14229,S66x8,3057387,5,66869767,avdz,1.42907,-2.5162,-2.5968,-1.76752,-2.42933,-0.74887,-0.80107,-3.68392,-3.51664,0.16727999999999998,1.41294,-2.7999,-2.76485,-4.15181,1.41575,-2.73618,-2.73951,-4.05994,-2.84639,-2.78335,-4.2168,-4.04951,-1.41176,2.05048,0.03865,-1.62566,0.04459,-1.40009,3.37951,3.37754,-0.65333,0.34068000000000004,-6.04332,0.1284,0.23464,-0.40495,-4.41846,-3.69898,-3.97918,-3.45776,2.67565 0.47324 5.0289 1.44738 -0.39015 4.77135 0.16484 0.42846 4.70605 -1.07951 -0.42187 4.48917 -2.34635 0.41842 4.39906 2.79249 1.22765 4.25016 2.58954 0.99812 5.98056 3.58774 -0.12101 5.05571 1.35281 -1.13561 5.5644 1.5638 -0.94362 3.83751 0.05327 1.0062 5.62913 0.24408 1.16128 3.8964 -1.17032 -1.13636 5.31059 -0.95171 -1.01081 3.57896 -2.27944 1.12547 3.57129 -3.23169 -0.1976 4.24522 -2.49671 0.99463 5.31228 -2.05985 -0.57737 0.68015 -0.95003 0.34489 0.77391 0.32674 -0.07765 0.9882 0.61882 -1.25248 1.17128 1.37219 1.01248 0.97082 -1.66936 -1.5668 0.89718 -2.83459 -0.33138 1.40366 -2.49097 -0.57892 -0.31994 -1.10467 1.32203 0.60611 0.95218 2.01405 1.03312 1.94742 0.92652 0.05072 2.0517 0.85183 1.80295,C C C C C H H H H H H H H H H H H C N C O C H H H H H H H,-4.009,46_PeptidePentane
CCCCC,CNC(=O)C,0,0,17,12,14229,S66x8,3057387,10,66869768,avdz,0.83373,-2.11614,-2.18039,-1.4900799999999998,-2.0422,-0.63425,-0.67905,-3.46281,-3.3328,0.13,0.8234799999999999,-2.32757,-2.30916,-3.81325,0.8250299999999999,-2.28045,-2.28969,-3.7451,-2.36195,-2.32337,-3.86184,-3.73184,-0.99271,1.30204,0.02694,-1.14332,0.03148,-0.98328,2.24173,2.2408900000000003,-0.47094,0.20354,-4.968,0.08646000000000001,0.16399999999999998,-0.30463,-4.03112,-3.38754,-3.60867,-3.2057900000000004,2.68636 0.48073 5.15431 1.45809 -0.38266 4.89676 0.17555 0.43596 4.83146 -1.06881 -0.41438 4.61458 -2.33565 0.42591 4.52447 2.8032 1.23514 4.37557 2.60025 1.00561 6.10597 3.59845 -0.11351 5.18112 1.36352 -1.12811 5.68981 1.57451 -0.93612 3.96292 0.06398 1.01369 5.75454 0.25478 1.16877 4.02181 -1.15961 -1.12887 5.436 -0.941 -1.00332 3.70437 -2.26873 1.13296 3.6967 -3.22099 -0.19011 4.37063 -2.486 1.00212 5.43769 -2.05985 -0.57737 0.68015 -0.95003 0.34489 0.77391 0.32674 -0.07765 0.9882 0.61882 -1.25248 1.17128 1.37219 1.01248 0.97082 -1.66936 -1.5668 0.89718 -2.83459 -0.33138 1.40366 -2.49097 -0.57892 -0.31994 -1.10467 1.32203 0.60611 0.95218 2.01405 1.03312 1.94742 0.92652 0.05072 2.0517 0.85183 1.80295,C C C C C H H H H H H H H H H H H C N C O C H H H H H H H,-3.7,46_PeptidePentane
CCCCC,CNC(=O)C,0,0,17,12,14229,S66x8,3057387,25,66869769,avdz,0.05624,-1.27548,-1.31316,-0.8980600000000001,-1.23006,-0.3873,-0.41584,-2.5324,-2.45917,0.07322000000000001,0.055720000000000006,-1.36509,-1.37211,-2.68148,0.05571,-1.34562,-1.36313,-2.65303,-1.3793,-1.37867,-2.70225,-2.62902,-0.38032,0.28215,0.009000000000000001,-0.42997,0.01093,-0.37618,0.6524,0.65235,-0.21011,0.04277,-2.84828,0.02566,0.05505,-0.15257,-2.81126,-2.37403,-2.56929,-2.26331,2.71835 0.50312 5.52905 1.49008 -0.36027 5.2715 0.20754 0.45835 5.2062 -1.03682 -0.39199 4.98932 -2.30366 0.4483 4.89921 2.83519 1.25754 4.75031 2.63224 1.02801 6.48071 3.63044 -0.09112 5.55586 1.39551 -1.10572 6.06455 1.6065 -0.91373 4.33766 0.09597 1.03608 6.12928 0.28677 1.19116 4.39655 -1.12762 -1.10648 5.81074 -0.90901 -0.98093 4.07911 -2.23674 1.15535 4.07144 -3.189 -0.16771 4.74537 -2.45401 1.02451 5.81243 -2.05985 -0.57737 0.68015 -0.95003 0.34489 0.77391 0.32674 -0.07765 0.9882 0.61882 -1.25248 1.17128 1.37219 1.01248 0.97082 -1.66936 -1.5668 0.89718 -2.83459 -0.33138 1.40366 -2.49097 -0.57892 -0.31994 -1.10467 1.32203 0.60611 0.95218 2.01405 1.03312 1.94742 0.92652 0.05072 2.0517 0.85183 1.80295,C C C C C H H H H H H H H H H H H C N C O C H H H H H H H,-2.615,46_PeptidePentane
CCCCC,CNC(=O)C,0,0,17,12,14229,S66x8,3057387,50,66869770,avdz,-0.12488,-0.52349,-0.54215,-0.36216,-0.50341,-0.15902,-0.17144,-1.19051,-1.14947,0.04104,-0.12293,-0.54477,-0.5574899999999999,-1.22519,-0.12301,-0.54065,-0.5553100000000001,-1.21897,-0.54778,-0.55909,-1.2298,-1.18875,-0.1063,-0.04605,0.00108,-0.1098,0.0014,-0.10578,0.06183,0.06183,-0.07368999999999999,0.00194,-1.12019,0.00238,0.00639,-0.06269,-1.28981,-1.06102,-1.14742,-0.97026,2.77875 0.5454 6.23658 1.55047 -0.31799 5.97903 0.26794 0.50062 5.91373 -0.97642 -0.34971 5.69685 -2.24326 0.49058 5.60674 2.89559 1.29981 5.45784 2.69264 1.07028 7.18824 3.69084 -0.04885 6.26339 1.45591 -1.06345 6.77208 1.6669 -0.87146 5.04519 0.15637 1.07836 6.83681 0.34717 1.23344 5.10408 -1.06722 -1.0642 6.51827 -0.84861 -0.93865 4.78664 -2.17634 1.19763 4.77897 -3.1286 -0.12544 5.4529 -2.39361 1.06679 6.51996 -2.05985 -0.57737 0.68015 -0.95003 0.34489 0.77391 0.32674 -0.07765 0.9882 0.61882 -1.25248 1.17128 1.37219 1.01248 0.97082 -1.66936 -1.5668 0.89718 -2.83459 -0.33138 1.40366 -2.49097 -0.57892 -0.31994 -1.10467 1.32203 0.60611 0.95218 2.01405 1.03312 1.94742 0.92652 0.05072 2.0517 0.85183 1.80295,C C C C C H H H H H H H H H H H H C N C O C H H H H H H H,-1.19,46_PeptidePentane
CCCCC,CNC(=O)C,0,0,17,12,14229,S66x8,3057387,100,66869771,avdz,-0.04991,-0.12151,-0.12697999999999998,-0.08034,-0.11529,-0.03604,-0.03887,-0.2984,-0.28158,0.016819999999999998,-0.04927,-0.124,-0.12872,-0.30199000000000004,-0.04916,-0.12352,-0.12844,-0.30112,-0.12435,-0.12892,-0.30254000000000003,-0.28573000000000004,-0.03254,-0.03222,1e-05,-0.0313,2e-05,-0.032389999999999995,0.00045,0.00045,-0.017169999999999998,0.0,-0.25587,2e-05,7e-05,-0.01445,-0.31933,-0.26145,-0.30357,-0.2155,2.89752 0.62853 7.6279 1.66925 -0.23486 7.37035 0.38671 0.58376 7.30505 -0.85765 -0.26658 7.08817 -2.12449 0.57371 6.99805 3.01436 1.38294 6.84916 2.81141 1.15341 8.57956 3.80961 0.03429 7.65471 1.57468 -0.98031 8.1634 1.78567 -0.78832 6.43651 0.27514 1.16149 8.22813 0.46594 1.31657 6.4954 -0.94845 -0.98107 7.90959 -0.72984 -0.85552 6.17795 -2.05757 1.28076 6.17028 -3.00983 -0.04231 6.84422 -2.27484 1.14992 7.91127 -2.05985 -0.57737 0.68015 -0.95003 0.34489 0.77391 0.32674 -0.07765 0.9882 0.61882 -1.25248 1.17128 1.37219 1.01248 0.97082 -1.66936 -1.5668 0.89718 -2.83459 -0.33138 1.40366 -2.49097 -0.57892 -0.31994 -1.10467 1.32203 0.60611 0.95218 2.01405 1.03312 1.94742 0.92652 0.05072 2.0517 0.85183 1.80295,C C C C C H H H H H H H H H H H H C N C O C H H H H H H H,-0.29,46_PeptidePentane
c1ccccc1,c1ccccc1,0,0,12,12,11248,S66x8,3057135,-10,66867748,avdz,5.84898,-3.92227,-3.9639,-2.26193,-3.07696,-1.02764,-1.0279,-2.0371900000000003,-0.51755,1.51964,5.80531,-4.54685,-4.27475,-3.01629,5.80499,-4.3947,-4.2243,-2.81401,-4.6578800000000005,-4.31156,-3.16413,-1.6444900000000002,-4.7464900000000005,7.511039999999999,0.11521,-4.85126,0.11594000000000003,-4.75307,12.09773,11.99849,-2.35143,2.16089,-10.10564,0.48186,0.73223,-1.61279,-3.3502300000000003,-1.76283,-2.10141,-1.52226,0.72919 1.1131 0.32673 1.37509 -0.11937 0.41278 0.63504 -1.28055 0.62939 -0.75099 -1.20965 0.75789 -1.39703 0.02267 0.67309 -0.6569 1.1843 0.45834 1.30322 2.01422 0.15916 2.45051 -0.17462 0.31331 1.13633 -2.23602 0.70022 -1.32453 -2.11141 0.9242 -2.47243 0.07849 0.774 -1.15783 2.14059 0.3951 0.11555 0.09053 3.72157 -0.97553 -0.66437 4.14891 -1.13623 -0.95849 5.50186 -0.20435 -0.49744 6.43035 0.88723 0.25766 6.00511 1.04604 0.55115 4.65162 0.23767 0.31601 2.67115 -1.69604 -1.02088 3.42521 -1.98334 -1.54446 5.83211 -0.32825 -0.72541 7.48036 1.61035 0.6155 6.72549 1.8933 1.13722 4.32157,C C C C C C H H H H H H C C C C C C H H H H H H,-1.5490000000000002,47_BenzeneBenzeneTS
c1ccccc1,c1ccccc1,0,0,12,12,11248,S66x8,3057135,-5,66867749,avdz,3.26175,-3.09,-3.15102,-1.76751,-2.46535,-0.8307700000000001,-0.8294100000000001,-2.97926,-1.80188,1.17738,3.25941,-3.53404,-3.37629,-3.65093,3.25993,-3.4263,-3.33975,-3.50612,-3.61267,-3.40296,-3.75622,-2.57884,-3.13086,4.3442,0.07614,-3.17338,0.07731,-3.13932,7.34898,7.31136,-1.31855,1.14469,-7.76743,0.30827,0.4825,-1.00728,-3.94815,-2.67791,-2.94674,-2.48097,0.72919 1.1131 0.32673 1.37509 -0.11937 0.41278 0.63504 -1.28055 0.62939 -0.75099 -1.20965 0.75789 -1.39703 0.02267 0.67309 -0.6569 1.1843 0.45834 1.30322 2.01422 0.15916 2.45051 -0.17462 0.31331 1.13633 -2.23602 0.70022 -1.32453 -2.11141 0.9242 -2.47243 0.07849 0.774 -1.15783 2.14059 0.3951 0.13457 0.11841 3.88443 -0.95651 -0.63649 4.31177 -1.11721 -0.93062 5.66472 -0.18533 -0.46956 6.59321 0.90626 0.28554 6.16797 1.06506 0.57902 4.81448 0.2567 0.34389 2.83401 -1.67701 -0.99301 3.58807 -1.96432 -1.51658 5.99497 -0.30922 -0.69753 7.64322 1.62938 0.64337 6.88836 1.91232 1.1651 4.48443,C C C C C C H H H H H H C C C C C C H H H H H H,-2.513,47_BenzeneBenzeneTS
c1ccccc1,c1ccccc1,0,0,12,12,11248,S66x8,3057135,0,66867750,avdz,1.71541,-2.44857,-2.52018,-1.38613,-1.98398,-0.67394,-0.67175,-3.25334,-2.32864,0.9247,1.73609,-2.76745,-2.6846,-3.71596,1.7367400000000002,-2.69061,-2.6579,-3.61176,-2.8235200000000003,-2.70408,-3.79151,-2.86681,-2.12727,2.43892,0.05018,-2.12777,0.051460000000000006,-2.1339200000000003,4.45245,4.43849,-0.75744,0.60042,-6.0334900000000005,0.19578,0.31851,-0.62846,-3.98615,-2.9505,-3.13559,-2.80143,0.72919 1.1131 0.32673 1.37509 -0.11937 0.41278 0.63504 -1.28055 0.62939 -0.75099 -1.20965 0.75789 -1.39703 0.02267 0.67309 -0.6569 1.1843 0.45834 1.30322 2.01422 0.15916 2.45051 -0.17462 0.31331 1.13633 -2.23602 0.70022 -1.32453 -2.11141 0.9242 -2.47243 0.07849 0.774 -1.15783 2.14059 0.3951 0.1532 0.14571 4.04392 -0.93788 -0.60919 4.47126 -1.09858 -0.90332 5.82421 -0.16669 -0.44226 6.7527 0.92489 0.31284 6.32746 1.08369 0.60632 4.97397 0.27533 0.37119 2.99349 -1.65838 -0.96571 3.74756 -1.94569 -1.48929 6.15445 -0.29059 -0.67023 7.80271 1.64801 0.67067 7.04784 1.93095 1.1924 4.64392,C C C C C C H H H H H H C C C C C C H H H H H H,-2.823,47_BenzeneBenzeneTS
c1ccccc1,c1ccccc1,0,0,12,12,11248,S66x8,3057135,5,66867751,avdz,0.79845,-1.94959,-2.02652,-1.08963,-1.60273,-0.54798,-0.5454100000000001,-3.17766,-2.4418900000000003,0.73577,0.8304600000000001,-2.18153,-2.14736,-3.4984300000000004,0.83081,-2.12636,-2.12773,-3.42328,-2.22179,-2.16168,-3.55302,-2.81725,-1.49365,1.29549,0.03295,-1.46684,0.03415,-1.49774,2.68602,2.68099,-0.4498,0.31191,-4.73093,0.12339,0.21022,-0.40001,-3.74695,-2.89039,-3.0372,-2.76091,0.72919 1.1131 0.32673 1.37509 -0.11937 0.41278 0.63504 -1.28055 0.62939 -0.75099 -1.20965 0.75789 -1.39703 0.02267 0.67309 -0.6569 1.1843 0.45834 1.30322 2.01422 0.15916 2.45051 -0.17462 0.31331 1.13633 -2.23602 0.70022 -1.32453 -2.11141 0.9242 -2.47243 0.07849 0.774 -1.15783 2.14059 0.3951 0.17155 0.1726 4.201 -0.91953 -0.5823 4.62834 -1.08023 -0.87643 5.98129 -0.14834 -0.41537 6.90978 0.94324 0.33973 6.48454 1.10204 0.63321 5.13105 0.29368 0.39808 3.15058 -1.64003 -0.93882 3.90465 -1.92733 -1.4624 6.31154 -0.27224 -0.64334 7.95979 1.66636 0.69756 7.20493 1.9493 1.21929 4.80101,C C C C C C H H H H H H C C C C C C H H H H H H,-2.79,47_BenzeneBenzeneTS
c1ccccc1,c1ccccc1,0,0,12,12,11248,S66x8,3057135,10,66867752,avdz,0.264,-1.56001,-1.6388900000000002,-0.8587600000000001,-1.30035,-0.44665,-0.44397,-2.9349,-2.34175,0.59314,0.30129,-1.73161,-1.72845,-3.15877,0.3011,-1.6916400000000005,-1.71395,-3.10449,-1.7607700000000002,-1.73904,-3.1985200000000003,-2.60538,-1.08794,0.6168399999999999,0.02157,-1.04437,0.02261,-1.09009,1.6153,1.61356,-0.27962,0.16127,-3.74483,0.07729,0.13859000000000002,-0.26668000000000003,-3.38876,-2.66253,-2.78352,-2.5359,0.72919 1.1131 0.32673 1.37509 -0.11937 0.41278 0.63504 -1.28055 0.62939 -0.75099 -1.20965 0.75789 -1.39703 0.02267 0.67309 -0.6569 1.1843 0.45834 1.30322 2.01422 0.15916 2.45051 -0.17462 0.31331 1.13633 -2.23602 0.70022 -1.32453 -2.11141 0.9242 -2.47243 0.07849 0.774 -1.15783 2.14059 0.3951 0.18964 0.1991 4.35585 -0.90144 -0.5558 4.78318 -1.06214 -0.84992 6.13613 -0.13026 -0.38887 7.06463 0.96133 0.36623 6.63939 1.12013 0.65972 5.28589 0.31177 0.42458 3.30542 -1.62194 -0.91231 4.05949 -1.90925 -1.43589 6.46638 -0.25415 -0.61684 8.11463 1.68445 0.72407 7.35977 1.96739 1.24579 4.95585,C C C C C C H H H H H H C C C C C C H H H H H H,-2.59,47_BenzeneBenzeneTS
c1ccccc1,c1ccccc1,0,0,12,12,11248,S66x8,3057135,25,66867753,avdz,-0.2909,-0.8227399999999999,-0.8962,-0.42683,-0.71333,-0.24562,-0.2433,-2.00984,-1.67668,0.33316,-0.24875,-0.90129,-0.9349,-2.08494,-0.25085,-0.88513,-0.92909,-2.06507,-0.91309,-0.93914,-2.10098,-1.7678200000000002,-0.52282,-0.13260999999999998,0.00595,-0.46462,0.00646,-0.52517,0.34859,0.34855,-0.09281,0.02295,-1.95754,0.01846,0.03891,-0.1166,-2.26321,-1.81246,-1.90584,-1.71145,0.72919 1.1131 0.32673 1.37509 -0.11937 0.41278 0.63504 -1.28055 0.62939 -0.75099 -1.20965 0.75789 -1.39703 0.02267 0.67309 -0.6569 1.1843 0.45834 1.30322 2.01422 0.15916 2.45051 -0.17462 0.31331 1.13633 -2.23602 0.70022 -1.32453 -2.11141 0.9242 -2.47243 0.07849 0.774 -1.15783 2.14059 0.3951 0.24277 0.27695 4.81065 -0.84831 -0.47795 5.23798 -1.00901 -0.77207 6.59093 -0.07713 -0.31102 7.51943 1.01446 0.44408 7.09419 1.17326 0.73757 5.74069 0.3649 0.50243 3.76022 -1.56881 -0.83446 4.51429 -1.85612 -1.35804 6.92118 -0.20102 -0.53899 8.56943 1.73758 0.80191 7.81457 2.02052 1.32364 5.41065,C C C C C C H H H H H H C C C C C C H H H H H H,-1.7719999999999998,47_BenzeneBenzeneTS
c1ccccc1,c1ccccc1,0,0,12,12,11248,S66x8,3057135,50,66867754,avdz,-0.28251,-0.31467,-0.36528,-0.14326,-0.28869,-0.09762,-0.09625,-0.96246,-0.81208,0.15038,-0.25105,-0.34528000000000003,-0.37782,-0.97414,-0.25385,-0.34029,-0.37647,-0.97061,-0.34892,-0.3788,-0.97876,-0.8283799999999999,-0.25152,-0.21707,0.0006799999999999999,-0.20739,0.00079,-0.25508000000000003,0.03115,0.03115,-0.02952,0.00141,-0.7751,0.0016600000000000002,0.00441,-0.05886,-1.0799299999999998,-0.83914,-0.92016,-0.75563,0.72919 1.1131 0.32673 1.37509 -0.11937 0.41278 0.63504 -1.28055 0.62939 -0.75099 -1.20965 0.75789 -1.39703 0.02267 0.67309 -0.6569 1.1843 0.45834 1.30322 2.01422 0.15916 2.45051 -0.17462 0.31331 1.13633 -2.23602 0.70022 -1.32453 -2.11141 0.9242 -2.47243 0.07849 0.774 -1.15783 2.14059 0.3951 0.32885 0.40308 5.54749 -0.76223 -0.35182 5.97483 -0.92293 -0.64595 7.32778 0.00895 -0.18489 8.25628 1.10054 0.57021 7.83103 1.25934 0.86369 6.47754 0.45098 0.62856 4.49707 -1.48273 -0.70834 5.25114 -1.77004 -1.23192 7.65803 -0.11494 -0.41286 9.30628 1.82366 0.92804 8.55142 2.1066 1.44977 6.1475,C C C C C C H H H H H H C C C C C C H H H H H H,-0.8390000000000001,47_BenzeneBenzeneTS
c1ccccc1,c1ccccc1,0,0,12,12,11248,S66x8,3057135,100,66867755,avdz,-0.11087,-0.06631000000000001,-0.08632999999999999,-0.02159,-0.06705,-0.02166,-0.02114,-0.26351,-0.22116,0.04234,-0.10108,-0.07485,-0.0889,-0.26483,-0.10207,-0.07347999999999999,-0.08868999999999999,-0.26425,-0.07585,-0.08905,-0.26598,-0.22363,-0.09565,-0.09539,1e-05,-0.07729,1e-05,-0.09683,0.0007099999999999999,0.0007099999999999999,-0.00551,2e-05,-0.18361,2e-05,6e-05,-0.02213,-0.30727,-0.24389,-0.2656,-0.21886,0.72919 1.1131 0.32673 1.37509 -0.11937 0.41278 0.63504 -1.28055 0.62939 -0.75099 -1.20965 0.75789 -1.39703 0.02267 0.67309 -0.6569 1.1843 0.45834 1.30322 2.01422 0.15916 2.45051 -0.17462 0.31331 1.13633 -2.23602 0.70022 -1.32453 -2.11141 0.9242 -2.47243 0.07849 0.774 -1.15783 2.14059 0.3951 0.49632 0.64846 6.98107 -0.59476 -0.10643 7.4084 -0.75546 -0.40056 8.76135 0.17642 0.06049 9.68985 1.26801 0.8156 9.26461 1.42681 1.10908 7.91112 0.61845 0.87395 5.93064 -1.31526 -0.46295 6.68471 -1.60257 -0.98653 9.0916 0.05253 -0.16747 10.73986 1.99113 1.17343 9.98499 2.27407 1.69516 7.58107,C C C C C C H H H H H H C C C C C C H H H H H H,-0.23,47_BenzeneBenzeneTS
c1cccnc1,c1cccnc1,0,0,11,11,11249,S66x8,3057162,-10,66867964,avdz,4.51105,-3.5248,-3.76907,-1.91285,-3.00272,-0.9855,-0.99594,-2.78282,-1.39002,1.3928,4.53001,-4.19997,-4.0891,-3.75906,4.5368900000000005,-4.03271,-4.03498,-3.5308,-4.322019999999998,-4.12858,-3.92059,-2.5278,-5.8310900000000006,6.37656,0.10933,-5.89721,0.11318,-5.8061,11.84478,11.77257,-2.31484,1.95836,-9.5534,0.42295,0.63808,-1.36479,-4.17497,-2.59326,-2.9958,-2.19788,-0.67268 -1.19471 0.36666 -1.3472 0.00313 0.15214 -0.66456 1.19409 0.379 0.6589 1.13498 0.80886 1.32276 -0.01038 1.01918 0.65129 -1.14899 0.7968 -1.15719 -2.14732 0.20646 -2.37536 0.00841 -0.18229 -1.14263 2.15156 0.22872 1.2141 2.04591 0.99544 1.20042 -2.06553 0.97367 1.03606 -0.00962 4.11962 -0.31999 -0.01104 3.80721 -1.23809 -0.00532 4.85238 -0.76248 0.0016 6.16134 0.53878 0.00306 6.48086 1.40945 -0.00255 5.46145 1.78352 -0.01379 3.33852 -0.64971 -0.01649 2.77693 -2.30254 -0.00617 4.66364 -1.45467 0.00618 6.99453 2.45731 -0.00131 5.73575,C C C C N C H H H H H C C C C N C H H H H H,-2.444,48_PyridinePyridineTS
c1cccnc1,c1cccnc1,0,0,11,11,11249,S66x8,3057162,-5,66867965,avdz,2.2973,-2.83793,-3.05353,-1.5319,-2.44912,-0.80991,-0.81677,-3.59416,-2.49363,1.10053,2.34079,-3.3368900000000004,-3.29315,-4.28925,2.34511,-3.21323,-3.25236,-4.1204800000000015,-3.4271300000000005,-3.32291,-4.40925,-3.30872,-4.15859,3.5623,0.0742,-4.15857,0.07757,-4.13842,7.43493,7.4062800000000015,-1.38981,1.08829,-7.513839999999999,0.27821,0.43273,-0.841,-4.64891,-3.3612800000000003,-3.70139,-3.16452,-0.67268 -1.19471 0.36666 -1.3472 0.00313 0.15214 -0.66456 1.19409 0.379 0.6589 1.13498 0.80886 1.32276 -0.01038 1.01918 0.65129 -1.14899 0.7968 -1.15719 -2.14732 0.20646 -2.37536 0.00841 -0.18229 -1.14263 2.15156 0.22872 1.2141 2.04591 0.99544 1.20042 -2.06553 0.97367 0.99432 -0.01045 4.26089 -0.36172 -0.01186 3.94848 -1.27983 -0.00615 4.99364 -0.80422 0.00077 6.3026 0.49704 0.00223 6.62213 1.36771 -0.00338 5.60272 1.74179 -0.01461 3.47979 -0.69145 -0.01732 2.91819 -2.34428 -0.007 4.80491 -1.49641 0.00535 7.13579 2.41557 -0.00213 5.87702,C C C C N C H H H H H C C C C N C H H H H H,-3.248,48_PyridinePyridineTS
c1cccnc1,c1cccnc1,0,0,11,11,11249,S66x8,3057162,0,66867966,avdz,0.95168,-2.29296,-2.48542,-1.22711,-2.00399,-0.66682,-0.6713,-3.82671,-2.94624,0.8804700000000001,1.00564,-2.66483,-2.6656,-4.3247800000000005,1.0078200000000002,-2.57278,-2.63472,-4.19968,-2.732,-2.68812,-4.41448,-3.5340199999999995,-3.05571,1.83065,0.0502,-3.0114400000000003,0.053020000000000005,-3.03975,4.66239,4.65121,-0.85567,0.60017,-5.95832,0.18159,0.29275,-0.52756,-4.64441,-3.58056,-3.77193,-3.4249300000000003,-0.67268 -1.19471 0.36666 -1.3472 0.00313 0.15214 -0.66456 1.19409 0.379 0.6589 1.13498 0.80886 1.32276 -0.01038 1.01918 0.65129 -1.14899 0.7968 -1.15719 -2.14732 0.20646 -2.37536 0.00841 -0.18229 -1.14263 2.15156 0.22872 1.2141 2.04591 0.99544 1.20042 -2.06553 0.97367 0.95314 -0.01127 4.40028 -0.40291 -0.01268 4.08786 -1.32101 -0.00696 5.13303 -0.84541 -5e-05 6.44199 0.45586 0.00141 6.76152 1.32653 -0.0042 5.74211 1.7006 -0.01543 3.61918 -0.73264 -0.01814 3.05758 -2.38546 -0.00781 4.9443 -1.53759 0.00454 7.27518 2.37438 -0.00295 6.01641,C C C C N C H H H H H C C C C N C H H H H H,-3.492,48_PyridinePyridineTS
c1cccnc1,c1cccnc1,0,0,11,11,11249,S66x8,3057162,5,66867967,avdz,0.14907,-1.8577,-2.03135,-0.98214,-1.64438,-0.54952,-0.5523899999999999,-3.73998,-3.02697,0.71301,0.2057,-2.13781,-2.1675,-4.09962,0.20612,-2.06885,-2.14411,-4.00684,-2.18814,-2.18457,-4.1670099999999985,-3.454,-2.31496,0.7756,0.03383,-2.2427,0.03613,-2.30316,2.92022,2.91594,-0.54424,0.32903000000000004,-4.7604,0.11758,0.19743,-0.34617,-4.3897,-3.50434,-3.66467,-3.36785,-0.67268 -1.19471 0.36666 -1.3472 0.00313 0.15214 -0.66456 1.19409 0.379 0.6589 1.13498 0.80886 1.32276 -0.01038 1.01918 0.65129 -1.14899 0.7968 -1.15719 -2.14732 0.20646 -2.37536 0.00841 -0.18229 -1.14263 2.15156 0.22872 1.2141 2.04591 0.99544 1.20042 -2.06553 0.97367 0.91234 -0.01207 4.53838 -0.44371 -0.01349 4.22596 -1.36181 -0.00777 5.27113 -0.88621 -0.00086 6.58009 0.41506 0.00061 6.89962 1.28572 -0.00501 5.88021 1.6598 -0.01624 3.75728 -0.77344 -0.01894 3.19568 -2.42626 -0.00862 5.0824 -1.57839 0.00373 7.41328 2.33358 -0.00376 6.15451,C C C C N C H H H H H C C C C N C H H H H H,-3.426,48_PyridinePyridineTS
c1cccnc1,c1cccnc1,0,0,11,11,11249,S66x8,3057162,10,66867968,avdz,-0.31351,-1.50961,-1.66769,-0.78559,-1.35372,-0.45339,-0.45516,-3.4908,-2.90621,0.5845899999999999,-0.2576,-1.7236,-1.7713299999999998,-3.75253,-0.25859,-1.67153,-1.75363,-3.68376,-1.7616,-1.78425,-3.80345,-3.21886,-1.80939,0.14607,0.02273,-1.72092,0.02455,-1.80112,1.83026,1.82866,-0.36063,0.1802,-3.83307,0.07562999999999999,0.13283,-0.24362,-4.0195,-3.28302,-3.40725,-3.1631400000000003,-0.67268 -1.19471 0.36666 -1.3472 0.00313 0.15214 -0.66456 1.19409 0.379 0.6589 1.13498 0.80886 1.32276 -0.01038 1.01918 0.65129 -1.14899 0.7968 -1.15719 -2.14732 0.20646 -2.37536 0.00841 -0.18229 -1.14263 2.15156 0.22872 1.2141 2.04591 0.99544 1.20042 -2.06553 0.97367 0.87193 -0.01288 4.67515 -0.48412 -0.01429 4.36273 -1.40222 -0.00857 5.4079 -0.92662 -0.00166 6.71686 0.37465 -0.0002 7.03639 1.24531 -0.00581 6.01697 1.61939 -0.01704 3.89405 -0.81385 -0.01975 3.33245 -2.46667 -0.00942 5.21916 -1.6188 0.00293 7.55005 2.29317 -0.00456 6.29128,C C C C N C H H H H H C C C C N C H H H H H,-3.202,48_PyridinePyridineTS
c1cccnc1,c1cccnc1,0,0,11,11,11249,S66x8,3057162,25,66867969,avdz,-0.73852,-0.82481,-0.94726,-0.40007,-0.77086,-0.25669000000000003,-0.25674,-2.51059,-2.16614,0.34445,-0.68789,-0.9304,-0.9958,-2.61409,-0.6914399999999999,-0.90653,-0.98822,-2.5862,-0.94781,-1.0013299999999998,-2.6370400000000003,-2.29259,-1.01613,-0.5213,0.006790000000000001,-0.91864,0.0076,-1.01561,0.45628,0.4562100000000001,-0.13660999999999998,0.03045,-2.09093,0.01948,0.03975,-0.12546,-2.82266,-2.35922,-2.4545,-2.26041,-0.67268 -1.19471 0.36666 -1.3472 0.00313 0.15214 -0.66456 1.19409 0.379 0.6589 1.13498 0.80886 1.32276 -0.01038 1.01918 0.65129 -1.14899 0.7968 -1.15719 -2.14732 0.20646 -2.37536 0.00841 -0.18229 -1.14263 2.15156 0.22872 1.2141 2.04591 0.99544 1.20042 -2.06553 0.97367 0.75239 -0.01525 5.07972 -0.60366 -0.01666 4.76731 -1.52176 -0.01095 5.81248 -1.04616 -0.00403 7.12144 0.25511 -0.00257 7.44097 1.12578 -0.00818 6.42155 1.49985 -0.01941 4.29862 -0.93338 -0.02212 3.73703 -2.58621 -0.01179 5.62374 -1.73834 0.00056 7.95463 2.17363 -0.00693 6.69586,C C C C N C H H H H H C C C C N C H H H H H,-2.294,48_PyridinePyridineTS
c1cccnc1,c1cccnc1,0,0,11,11,11249,S66x8,3057162,50,66867970,avdz,-0.58507,-0.32311,-0.40334,-0.12853,-0.32563000000000003,-0.10435,-0.10357,-1.31152,-1.1435799999999998,0.16794,-0.54898,-0.36797,-0.42103,-1.33798,-0.55242,-0.3591,-0.41899,-1.33052,-0.37444,-0.42252,-1.34594,-1.178,-0.54289,-0.49258,0.00088,-0.47121,0.00105,-0.545,0.04962,0.04962,-0.04907,0.00205,-0.8690899999999999,0.00194,0.00502,-0.06563,-1.47016,-1.19915,-1.27727,-1.11779,-0.67268 -1.19471 0.36666 -1.3472 0.00313 0.15214 -0.66456 1.19409 0.379 0.6589 1.13498 0.80886 1.32276 -0.01038 1.01918 0.65129 -1.14899 0.7968 -1.15719 -2.14732 0.20646 -2.37536 0.00841 -0.18229 -1.14263 2.15156 0.22872 1.2141 2.04591 0.99544 1.20042 -2.06553 0.97367 0.55693 -0.01912 5.74128 -0.79912 -0.02054 5.42886 -1.71722 -0.01482 6.47403 -1.24162 -0.0079 7.78299 0.05965 -0.00644 8.10252 0.93032 -0.01205 7.08311 1.30439 -0.02329 4.96018 -1.12885 -0.02599 4.39858 -2.78167 -0.01567 6.2853 -1.9338 -0.00332 8.61618 1.97817 -0.01081 7.35741,C C C C N C H H H H H C C C C N C H H H H H,-1.188,48_PyridinePyridineTS
c1cccnc1,c1cccnc1,0,0,11,11,11249,S66x8,3057162,100,66867971,avdz,-0.25336,-0.06398,-0.09931,-0.00813,-0.07877,-0.02217,-0.02134,-0.41664,-0.36244,0.05421,-0.23995,-0.07911,-0.10381,-0.42287,-0.24122,-0.07621,-0.1034,-0.42083,-0.08123,-0.10411,-0.42529,-0.37108,-0.22774,-0.22729,2e-05,-0.19614,2e-05,-0.22879,0.00108,0.00108,-0.01216,3e-05,-0.21652,3e-05,8e-05,-0.02147,-0.47773,-0.39209,-0.4273,-0.35388000000000003,-0.67268 -1.19471 0.36666 -1.3472 0.00313 0.15214 -0.66456 1.19409 0.379 0.6589 1.13498 0.80886 1.32276 -0.01038 1.01918 0.65129 -1.14899 0.7968 -1.15719 -2.14732 0.20646 -2.37536 0.00841 -0.18229 -1.14263 2.15156 0.22872 1.2141 2.04591 0.99544 1.20042 -2.06553 0.97367 0.17334 -0.02673 7.03956 -1.18271 -0.02814 6.72715 -2.10081 -0.02243 7.77232 -1.62521 -0.01551 9.08128 -0.32394 -0.01405 9.4008 0.54672 -0.01966 8.38139 0.9208 -0.03089 6.25846 -1.51244 -0.0336 5.69687 -3.16526 -0.02328 7.58358 -2.31739 -0.01093 9.91447 1.59458 -0.01841 8.65569,C C C C N C H H H H H C C C C N C H H H H H,-0.378,48_PyridinePyridineTS
c1ccccc1,c1cccnc1,0,0,12,11,16225,S66x8,3057531,-10,66870916,avdz,5.28391,-3.73651,-3.90069,-2.08964,-3.08565,-1.0053,-1.01654,-2.3533,-0.8966799999999999,1.45662,5.23151,-4.39966,-4.21882,-3.38697,5.2295300000000005,-4.23527,-4.166919999999998,-3.17265,-4.51962,-4.25669,-3.5448,-2.08818,-5.36768,7.19502,0.11502,-5.36369,0.11684,-5.37099,12.39895,12.29202,-2.52795,2.20665,-10.06181,0.47005,0.7081,-1.7373,-3.91432,-2.19477,-2.86251,-1.96272,0.84508 1.05792 0.69945 1.37551 -0.21746 0.51116 0.52407 -1.30704 0.33319 -0.85772 -1.12146 0.34638 -1.38805 0.15363 0.53761 -0.53661 1.24342 0.71274 1.50641 1.90322 0.83338 2.44718 -0.36147 0.50285 0.93573 -2.29603 0.18492 -1.51838 -1.96646 0.20836 -2.45972 0.29742 0.55003 -0.94892 2.23281 0.85737 0.16807 1.09482 4.10831 -0.01627 -0.21681 3.68302 -0.17812 -1.20184 4.65188 -0.14892 -0.83451 5.99497 0.02759 0.42415 6.41969 0.18227 1.36211 5.47481 0.29831 1.89585 3.39443 -0.03284 -0.45993 2.62967 -0.32466 -2.23705 4.37711 -0.27252 -1.58202 6.76907 0.32405 2.37464 5.83271,C C C C C C H H H H H H C C C C N C H H H H H,-1.992,49_BenzenePyridineTS
c1ccccc1,c1cccnc1,0,0,12,11,16225,S66x8,3057531,-5,66870917,avdz,2.68604,-2.93138,-3.09754,-1.61816,-2.47133,-0.81093,-0.81795,-3.34287,-2.21437,1.12849,2.68066,-3.40838,-3.32904,-4.05675,2.68001,-3.2904400000000003,-3.29136,-3.90179,-3.49445,-3.35653,-4.17031,-3.04182,-3.71725,3.9579,0.07597999999999999,-3.64952,0.07791000000000001,-3.72473,7.54617,7.5053,-1.45869,1.1792200000000002,-7.73232,0.3005,0.46505,-1.09132,-4.51612,-3.12079,-3.40255,-2.91184,0.84508 1.05792 0.69945 1.37551 -0.21746 0.51116 0.52407 -1.30704 0.33319 -0.85772 -1.12146 0.34638 -1.38805 0.15363 0.53761 -0.53661 1.24342 0.71274 1.50641 1.90322 0.83338 2.44718 -0.36147 0.50285 0.93573 -2.29603 0.18492 -1.51838 -1.96646 0.20836 -2.45972 0.29742 0.55003 -0.94892 2.23281 0.85737 0.16602 1.06182 4.27069 -0.01832 -0.24981 3.8454 -0.18017 -1.23485 4.81426 -0.15097 -0.86751 6.15735 0.02554 0.39115 6.58206 0.18023 1.32911 5.63719 0.29626 1.86284 3.5568 -0.03489 -0.49293 2.79205 -0.32671 -2.27006 4.53948 -0.27456 -1.61503 6.93145 0.322 2.34163 5.99509,C C C C C C H H H H H H C C C C N C H H H H H,-2.975,49_BenzenePyridineTS
c1ccccc1,c1cccnc1,0,0,12,11,16225,S66x8,3057531,0,66870918,avdz,1.14968,-2.31073,-2.47352,-1.25462,-1.98725,-0.65608,-0.6603899999999999,-3.63457,-2.74825,0.88631,1.17201,-2.6579900000000003,-2.64328,-4.12926,1.17193,-2.57261,-2.61573,-4.01642,-2.7202900000000003,-2.66338,-4.21166,-3.32535,-2.67551,2.0199,0.05004,-2.56918,0.05184,-2.68231,4.57958,4.56425,-0.8673200000000001,0.62421,-6.00425,0.19063,0.30601,-0.68478,-4.53823,-3.39341,-3.55301,-3.2469900000000003,0.84508 1.05792 0.69945 1.37551 -0.21746 0.51116 0.52407 -1.30704 0.33319 -0.85772 -1.12146 0.34638 -1.38805 0.15363 0.53761 -0.53661 1.24342 0.71274 1.50641 1.90322 0.83338 2.44718 -0.36147 0.50285 0.93573 -2.29603 0.18492 -1.51838 -1.96646 0.20836 -2.45972 0.29742 0.55003 -0.94892 2.23281 0.85737 0.16401 1.02949 4.42972 -0.02032 -0.28213 4.00443 -0.18217 -1.26717 4.97329 -0.15297 -0.89984 6.31638 0.02354 0.35882 6.7411 0.17822 1.29678 5.79622 0.29425 1.83052 3.71583 -0.03689 -0.52525 2.95108 -0.32872 -2.30238 4.69852 -0.27657 -1.64735 7.09048 0.31999 2.30931 6.15412,C C C C C C H H H H H H C C C C N C H H H H H,-3.28,49_BenzenePyridineTS
c1ccccc1,c1cccnc1,0,0,12,11,16225,S66x8,3057531,5,66870919,avdz,0.25552,-1.82827,-1.98509,-0.97251,-1.60363,-0.53177,-0.53433,-3.55784,-2.85239,0.70545,0.29279,-2.08503,-2.11064,-3.90287,0.29271,-2.02262,-2.09036,-3.82027,-2.13057,-2.12543,-3.96321,-3.25775,-2.00354,0.8684799999999999,0.03283,-1.87585,0.03439,-2.00815,2.76727,2.76167,-0.53559,0.32718,-4.70634,0.11998,0.20141,-0.43813,-4.27236,-3.31661,-3.45051,-3.19151,0.84508 1.05792 0.69945 1.37551 -0.21746 0.51116 0.52407 -1.30704 0.33319 -0.85772 -1.12146 0.34638 -1.38805 0.15363 0.53761 -0.53661 1.24342 0.71274 1.50641 1.90322 0.83338 2.44718 -0.36147 0.50285 0.93573 -2.29603 0.18492 -1.51838 -1.96646 0.20836 -2.45972 0.29742 0.55003 -0.94892 2.23281 0.85737 0.16204 0.99767 4.58631 -0.0223 -0.31396 4.16102 -0.18415 -1.299 5.12988 -0.15495 -0.93166 6.47297 0.02156 0.327 6.89769 0.17625 1.26496 5.95281 0.29228 1.79869 3.87243 -0.03887 -0.55708 3.10768 -0.33069 -2.33421 4.85511 -0.27854 -1.67918 7.24707 0.31802 2.27748 6.31072,C C C C C C H H H H H H C C C C N C H H H H H,-3.229,49_BenzenePyridineTS
c1ccccc1,c1cccnc1,0,0,12,11,16225,S66x8,3057531,10,66870920,avdz,-0.24945,-1.45208,-1.60168,-0.7533,-1.29952,-0.43178,-0.43321,-3.30321,-2.73405,0.56916,-0.20415,-1.6457400000000002,-1.69547,-3.54536,-0.20465,-1.59956,-1.68047,-3.4846699999999995,-1.67943,-1.70642,-3.59001,-3.02085,-1.56057,0.19695,0.02147,-1.42319,0.02275,-1.5633,1.66672,1.66474,-0.34687,0.17052,-3.72397,0.07505,0.13247,-0.29321,-3.8826,-3.08439,-3.19726,-2.97094,0.84508 1.05792 0.69945 1.37551 -0.21746 0.51116 0.52407 -1.30704 0.33319 -0.85772 -1.12146 0.34638 -1.38805 0.15363 0.53761 -0.53661 1.24342 0.71274 1.50641 1.90322 0.83338 2.44718 -0.36147 0.50285 0.93573 -2.29603 0.18492 -1.51838 -1.96646 0.20836 -2.45972 0.29742 0.55003 -0.94892 2.23281 0.85737 0.16009 0.9663 4.74064 -0.02424 -0.34533 4.31535 -0.18609 -1.33036 5.28421 -0.15689 -0.96303 6.6273 0.01962 0.29563 7.05202 0.1743 1.23359 6.10714 0.29033 1.76733 4.02675 -0.04081 -0.58845 3.262 -0.33264 -2.36557 5.00944 -0.28049 -1.71054 7.4014 0.31607 2.24612 6.46504,C C C C C C H H H H H H C C C C N C H H H H H,-3.004,49_BenzenePyridineTS
c1ccccc1,c1cccnc1,0,0,12,11,16225,S66x8,3057531,25,66870921,avdz,-0.70799,-0.74342,-0.8683299999999999,-0.34715,-0.70936,-0.2339,-0.23385,-2.3197400000000004,-1.9984,0.32134,-0.65246,-0.83859,-0.91033,-2.40138,-0.6551600000000001,-0.81824,-0.90425,-2.37765,-0.85344,-0.91476,-2.42066,-2.09932,-0.89628,-0.49327,0.00589,-0.76559,0.00648,-0.8992100000000001,0.36046,0.36039,-0.12775,0.02459,-1.94428,0.01782,0.03692,-0.12694,-2.65838,-2.16473,-2.25318,-2.07333,0.84508 1.05792 0.69945 1.37551 -0.21746 0.51116 0.52407 -1.30704 0.33319 -0.85772 -1.12146 0.34638 -1.38805 0.15363 0.53761 -0.53661 1.24342 0.71274 1.50641 1.90322 0.83338 2.44718 -0.36147 0.50285 0.93573 -2.29603 0.18492 -1.51838 -1.96646 0.20836 -2.45972 0.29742 0.55003 -0.94892 2.23281 0.85737 0.15438 0.8742 5.19378 -0.02996 -0.43743 4.76849 -0.19181 -1.42246 5.73735 -0.1626 -1.05513 7.08044 0.01391 0.20353 7.50516 0.16859 1.14149 6.56028 0.28462 1.67523 4.4799 -0.04652 -0.68055 3.71514 -0.33835 -2.45767 5.46258 -0.2862 -1.80264 7.85454 0.31036 2.15402 6.91818,C C C C C C H H H H H H C C C C N C H H H H H,-2.103,49_BenzenePyridineTS
c1ccccc1,c1cccnc1,0,0,12,11,16225,S66x8,3057531,50,66870922,avdz,-0.5669,-0.2644,-0.34791,-0.0907,-0.28432,-0.08945,-0.08905,-1.1792,-1.03137,0.14784,-0.52223,-0.30594,-0.36257,-1.19075,-0.52622,-0.29844,-0.36111,-1.18577,-0.31142,-0.36364,-1.19729,-1.04945,-0.5062300000000001,-0.4708,0.00067,-0.41608,0.00078,-0.51079,0.03168,0.03168,-0.04464,0.00156,-0.76835,0.00157,0.0041,-0.06092,-1.3458,-1.07038,-1.14618,-0.99167,0.84508 1.05792 0.69945 1.37551 -0.21746 0.51116 0.52407 -1.30704 0.33319 -0.85772 -1.12146 0.34638 -1.38805 0.15363 0.53761 -0.53661 1.24342 0.71274 1.50641 1.90322 0.83338 2.44718 -0.36147 0.50285 0.93573 -2.29603 0.18492 -1.51838 -1.96646 0.20836 -2.45972 0.29742 0.55003 -0.94892 2.23281 0.85737 0.14513 0.72504 5.92765 -0.03921 -0.58659 5.50236 -0.20106 -1.57162 6.47122 -0.17185 -1.20429 7.81431 0.00466 0.05437 8.23902 0.15934 0.99233 7.29415 0.27537 1.52607 5.21376 -0.05577 -0.82971 4.44901 -0.3476 -2.60683 6.19644 -0.29545 -1.9518 8.58841 0.30111 2.00486 7.65205,C C C C C C H H H H H H C C C C N C H H H H H,-1.06,49_BenzenePyridineTS
c1ccccc1,c1cccnc1,0,0,12,11,16225,S66x8,3057531,100,66870923,avdz,-0.25027,-0.0439,-0.07937999999999999,0.00337,-0.06479,-0.017580000000000002,-0.01726,-0.37354,-0.32927,0.04427,-0.23456,-0.05757,-0.08291,-0.37504,-0.23623,-0.05501,-0.08262,-0.37386,-0.05944,-0.08313,-0.37713,-0.33285,-0.22458000000000006,-0.22431,1e-05,-0.18602,1e-05,-0.22623,0.0007,0.0007,-0.00973,3e-05,-0.18146,2e-05,5e-05,-0.02267,-0.43931,-0.35545,-0.37876,-0.3296,0.84508 1.05792 0.69945 1.37551 -0.21746 0.51116 0.52407 -1.30704 0.33319 -0.85772 -1.12146 0.34638 -1.38805 0.15363 0.53761 -0.53661 1.24342 0.71274 1.50641 1.90322 0.83338 2.44718 -0.36147 0.50285 0.93573 -2.29603 0.18492 -1.51838 -1.96646 0.20836 -2.45972 0.29742 0.55003 -0.94892 2.23281 0.85737 0.12714 0.43496 7.35489 -0.0572 -0.87667 6.92959 -0.21905 -1.86171 7.89845 -0.18985 -1.49437 9.24154 -0.01334 -0.23571 9.66626 0.14135 0.70225 8.72138 0.25738 1.23598 6.641 -0.07377 -1.11979 5.87625 -0.36559 -2.89692 7.62368 -0.31344 -2.24189 10.01564 0.28312 1.71477 9.07929,C C C C C C H H H H H H C C C C N C H H H H H,-0.339,49_BenzenePyridineTS
C#C,c1ccccc1,0,0,4,12,12726,S66x8,3057207,-10,66868324,avdz,2.91062,-2.11333,-2.56754,-0.9005299999999999,-2.12746,-0.6118600000000001,-0.59395,-1.77025,-0.72923,1.04102,2.78515,-2.71404,-2.8423700000000003,-2.77126,2.77218,-2.56657,-2.79874,-2.59312,-2.82166,-2.87421,-2.91071,-1.86969,-4.19657,4.97123,0.08321,-4.06388,0.085,-4.20471,9.02662,8.94084,-1.83535,1.18478,-6.7294100000000014,0.27801,0.41182,-1.6570599999999998,-3.5253,-2.0653900000000003,-2.31993,-1.84405,0.00545 0.06689 3.42749 0.00911 0.08647 4.63987 0.00244 0.04934 2.36341 0.01222 0.10365 5.70106 0.83661 1.11486 0.23101 1.38419 -0.16697 0.26006 0.54748 -1.28185 0.28693 -0.83667 -1.115 0.28456 -1.38416 0.16685 0.25561 -0.5475 1.28175 0.22898 1.48545 1.97968 0.2147 2.45768 -0.29629 0.26606 0.97192 -2.27598 0.31388 -1.48555 -1.97957 0.3097 -2.45764 0.29646 0.25854 -0.97214 2.276 0.21116,C C H H C C C C C C H H H H H H,-1.784,50_BenzeneEthyneCHpi
C#C,c1ccccc1,0,0,4,12,12726,S66x8,3057207,-5,66868325,avdz,0.98483,-1.60914,-2.00844,-0.65161,-1.6844,-0.48558,-0.46918,-2.63274,-1.83675,0.79599,0.91883,-2.04965,-2.21146,-3.34228,0.91015,-1.94297,-2.1800200000000003,-3.2128400000000004,-2.1275,-2.2344,-3.44307,-2.6470700000000003,-3.16203,2.36506,0.05409,-2.96779,0.05585,-3.18317,5.4265300000000005,5.39389,-1.1214,0.62098,-5.12642,0.17557,0.26721,-1.05464,-3.99535,-2.81052,-2.96206,-2.6650400000000003,0.00564 0.07079 3.5938 0.0093 0.09038 4.80618 0.00263 0.05324 2.52973 0.01241 0.10755 5.86737 0.83661 1.11486 0.23101 1.38419 -0.16697 0.26006 0.54748 -1.28185 0.28693 -0.83667 -1.115 0.28456 -1.38416 0.16685 0.25561 -0.5475 1.28175 0.22898 1.48545 1.97968 0.2147 2.45768 -0.29629 0.26606 0.97192 -2.27598 0.31388 -1.48555 -1.97957 0.3097 -2.45764 0.29646 0.25854 -0.97214 2.276 0.21116,C C H H C C C C C C H H H H H H,-2.585,50_BenzeneEthyneCHpi
C#C,c1ccccc1,0,0,4,12,12726,S66x8,3057207,0,66868326,avdz,-0.09868,-1.22744,-1.57921,-0.46438,-1.33869,-0.38632,-0.37155,-2.9053400000000003,-2.2880700000000003,0.61726,-0.12314,-1.55519,-1.73048,-3.40881,-0.12854000000000002,-1.47736,-1.70772,-3.31362,-1.61198,-1.74708,-3.48221,-2.86495,-2.48326,0.8482700000000001,0.035,-2.25928,0.03656,-2.50624,3.2468,3.23457,-0.71226,0.32248000000000004,-3.94424,0.10963,0.17398,-0.66695,-3.97679,-2.98913,-3.1024,-2.87878,0.00583 0.07462 3.75673 0.00949 0.0942 4.96911 0.00282 0.05706 2.69266 0.0126 0.11137 6.03031 0.83661 1.11486 0.23101 1.38419 -0.16697 0.26006 0.54748 -1.28185 0.28693 -0.83667 -1.115 0.28456 -1.38416 0.16685 0.25561 -0.5475 1.28175 0.22898 1.48545 1.97968 0.2147 2.45768 -0.29629 0.26606 0.97192 -2.27598 0.31388 -1.48555 -1.97957 0.3097 -2.45764 0.29646 0.25854 -0.97214 2.276 0.21116,C C H H C C C C C C H H H H H H,-2.822,50_BenzeneEthyneCHpi
C#C,c1ccccc1,0,0,4,12,12726,S66x8,3057207,5,66868327,avdz,-0.68014,-0.93626,-1.24761,-0.32293,-1.0678299999999998,-0.30774,-0.29458,-2.86401,-2.3786400000000003,0.48537,-0.6773,-1.18451,-1.36135,-3.22317,-0.68024,-1.12716,-1.34479,-3.1522,-1.22636,-1.37344,-3.27711,-2.79173,-2.01904,-0.013880000000000002,0.02253,-1.78519,0.02383,-2.03927,1.93002,1.92553,-0.47065,0.16560999999999998,-3.06223,0.06776,0.11338,-0.4244,-3.71979,-2.9047,-3.0028200000000003,-2.80313,0.00601 0.07838 3.9172 0.00968 0.09796 5.12958 0.00301 0.06083 2.85313 0.01279 0.11514 6.19078 0.83661 1.11486 0.23101 1.38419 -0.16697 0.26006 0.54748 -1.28185 0.28693 -0.83667 -1.115 0.28456 -1.38416 0.16685 0.25561 -0.5475 1.28175 0.22898 1.48545 1.97968 0.2147 2.45768 -0.29629 0.26606 0.97192 -2.27598 0.31388 -1.48555 -1.97957 0.3097 -2.45764 0.29646 0.25854 -0.97214 2.276 0.21116,C C H H C C C C C C H H H H H H,-2.764,50_BenzeneEthyneCHpi
C#C,c1ccccc1,0,0,4,12,12726,S66x8,3057207,10,66868328,avdz,-0.96533,-0.7136899999999999,-0.99087,-0.21642,-0.85557,-0.24546,-0.23381,-2.66989,-2.28278,0.38711,-0.94408,-0.90582,-1.07728,-2.92718,-0.94551,-0.86301,-1.06515,-2.87367,-0.93706,-1.0861299999999998,-2.96727,-2.58015,-1.6881099999999998,-0.48222,0.01444,-1.45653,0.01547,-1.70494,1.14063,1.13902,-0.32389,0.08432,-2.3995,0.04156,0.07376,-0.27751,-3.3655699999999995,-2.68382,-2.77305,-2.59197,0.0062 0.08209 4.07538 0.00986 0.10167 5.28775 0.00319 0.06454 3.0113 0.01297 0.11885 6.34895 0.83661 1.11486 0.23101 1.38419 -0.16697 0.26006 0.54748 -1.28185 0.28693 -0.83667 -1.115 0.28456 -1.38416 0.16685 0.25561 -0.5475 1.28175 0.22898 1.48545 1.97968 0.2147 2.45768 -0.29629 0.26606 0.97192 -2.27598 0.31388 -1.48555 -1.97957 0.3097 -2.45764 0.29646 0.25854 -0.97214 2.276 0.21116,C C H H C C C C C C H H H H H H,-2.563,50_BenzeneEthyneCHpi
C#C,c1ccccc1,0,0,4,12,12726,S66x8,3057207,25,66868329,avdz,-1.06811,-0.31165,-0.51262,-0.033710000000000004,-0.45312,-0.12548,-0.11754,-1.89238,-1.68041,0.21197,-1.0124,-0.41366,-0.55311,-1.97918,-1.01445,-0.39383,-0.54813,-1.95641,-0.42813,-0.55674,-1.99728,-1.78531,-1.0975,-0.8370299999999999,0.00372,-0.90352,0.00415,-1.10892,0.2284,0.22834,-0.13014,0.01109,-1.21644,0.00925,0.0195,-0.10735,-2.29461,-1.86654,-1.94288,-1.7878599999999998,0.00674 0.09299 4.53994 0.0104 0.11257 5.75231 0.00373 0.07544 3.47586 0.01351 0.12975 6.81351 0.83661 1.11486 0.23101 1.38419 -0.16697 0.26006 0.54748 -1.28185 0.28693 -0.83667 -1.115 0.28456 -1.38416 0.16685 0.25561 -0.5475 1.28175 0.22898 1.48545 1.97968 0.2147 2.45768 -0.29629 0.26606 0.97192 -2.27598 0.31388 -1.48555 -1.97957 0.3097 -2.45764 0.29646 0.25854 -0.97214 2.276 0.21116,C C H H C C C C C C H H H H H H,-1.785,50_BenzeneEthyneCHpi
C#C,c1ccccc1,0,0,4,12,12726,S66x8,3057207,50,66868330,avdz,-0.70899,-0.07078999999999999,-0.19073,0.0494,-0.17473,-0.04298,-0.03884,-0.97051,-0.87729,0.09322,-0.6524800000000001,-0.11828,-0.20544,-0.9762,-0.65736,-0.11026,-0.20406,-0.97167,-0.12413,-0.20645,-0.98306,-0.88984,-0.62349,-0.6036,0.00037,-0.5008600000000001,0.00045,-0.63108,0.01605,0.01605,-0.04188,0.00065,-0.45952,0.00072,0.00186,-0.04952,-1.16272,-0.93508,-0.99243,-0.87646,0.00761 0.11065 5.29256 0.01127 0.13023 6.50493 0.0046 0.09309 4.22848 0.01439 0.1474 7.56613 0.83661 1.11486 0.23101 1.38419 -0.16697 0.26006 0.54748 -1.28185 0.28693 -0.83667 -1.115 0.28456 -1.38416 0.16685 0.25561 -0.5475 1.28175 0.22898 1.48545 1.97968 0.2147 2.45768 -0.29629 0.26606 0.97192 -2.27598 0.31388 -1.48555 -1.97957 0.3097 -2.45764 0.29646 0.25854 -0.97214 2.276 0.21116,C C H H C C C C C C H H H H H H,-0.895,50_BenzeneEthyneCHpi
C#C,c1ccccc1,0,0,4,12,12726,S66x8,3057207,100,66868331,avdz,-0.26051,0.00603,-0.03839,0.03767,-0.03805,-0.00683,-0.00547,-0.29287,-0.26771,0.02516,-0.24477,-0.00799,-0.04182,-0.29458,-0.24652,-0.00556,-0.04157,-0.29365,-0.00977,-0.042,-0.29653,-0.27137,-0.23743000000000006,-0.23737,1e-05,-0.18986,1e-05,-0.23867,0.0003,0.0003,-0.006999999999999999,2e-05,-0.1011,1e-05,2e-05,-0.02018,-0.36661,-0.29619,-0.30452,-0.28796,0.00932 0.145 6.75672 0.01298 0.16458 7.9691 0.00631 0.12744 5.69264 0.01609 0.18175 9.03029 0.83661 1.11486 0.23101 1.38419 -0.16697 0.26006 0.54748 -1.28185 0.28693 -0.83667 -1.115 0.28456 -1.38416 0.16685 0.25561 -0.5475 1.28175 0.22898 1.48545 1.97968 0.2147 2.45768 -0.29629 0.26606 0.97192 -2.27598 0.31388 -1.48555 -1.97957 0.3097 -2.45764 0.29646 0.25854 -0.97214 2.276 0.21116,C C H H C C C C C C H H H H H H,-0.274,50_BenzeneEthyneCHpi
C#C,C#C,0,0,4,4,11063,S66x8,3057539,-10,66870980,avtz,0.45159,-0.7709,-0.9653,-0.3259,-0.92809,-0.27693,-0.24764,-1.28461,-1.07934,0.20528,0.4512,-0.8414200000000001,-0.98457,-1.3748,0.45159,-0.7709,-0.9653,-1.28461,-0.89289,-0.99864,-1.44032,-1.23505,-3.3883,1.67532,0.04343,-2.85767,0.04153,-3.40429,4.98819,4.9520800000000005,-0.87441,0.58783,-2.28272,0.08317999999999999,0.13784000000000002,-0.9597,-1.72406,-1.3103,-1.41633,-1.19632,-0.60173 -0.02857 0.38493 0.61011 -0.02866 0.38816 -1.66374 -0.02853 0.37901 1.67214 -0.02879 0.38797 -0.00656 0.09097 3.87783 -0.01049 0.12926 5.0893 -0.00316 0.05723 2.81453 -0.01376 0.16263 6.15021,C C H H C C H H,-1.183,51_EthyneEthyneTS
C#C,C#C,0,0,4,4,11063,S66x8,3057539,-5,66870981,avtz,-0.20072,-0.57284,-0.75679,-0.21767,-0.7390000000000001,-0.21879,-0.19402,-1.53035,-1.37619,0.15416,-0.20266,-0.62362,-0.77089,-1.59717,-0.20072,-0.57284,-0.75679,-1.53035,-0.66068,-0.78117,-1.64451,-1.49035,-2.62118,0.61102,0.02924,-2.17916,0.028,-2.63475,3.17727,3.16195,-0.56931,0.33682,-1.75568,0.05459,0.08906,-0.60841,-1.9104,-1.56939,-1.63477,-1.48255,-0.60173 -0.02857 0.38493 0.61011 -0.02866 0.38816 -1.66374 -0.02853 0.37901 1.67214 -0.02879 0.38797 -0.00699 0.09603 4.02086 -0.01093 0.13432 5.23232 -0.0036 0.06229 2.95756 -0.01419 0.16769 6.29323,C C H H C C H H,-1.449,51_EthyneEthyneTS
C#C,C#C,0,0,4,4,11063,S66x8,3057539,0,66870982,avtz,-0.55225,-0.42332,-0.59492,-0.13842000000000002,-0.5897100000000001,-0.17282,-0.15199,-1.57049,-1.45321,0.11728,-0.55512,-0.46003,-0.60535,-1.62051,-0.55225,-0.42332,-0.59492,-1.57049,-0.48683,-0.61295,-1.65491,-1.5376299999999998,-2.06855,-0.008140000000000001,0.01958,-1.69818,0.01879,-2.07734,2.01777,2.01132,-0.37878,0.19178,-1.36164,0.03533,0.05778,-0.38731,-1.9024,-1.60398,-1.64872,-1.54426,-0.60173 -0.02857 0.38493 0.61011 -0.02866 0.38816 -1.66374 -0.02853 0.37901 1.67214 -0.02879 0.38797 -0.00742 0.10106 4.16337 -0.01136 0.13935 5.37483 -0.00403 0.06733 3.10007 -0.01462 0.17273 6.43574,C C H H C C H H,-1.506,51_EthyneEthyneTS
C#C,C#C,0,0,4,4,11063,S66x8,3057539,5,66870983,avtz,-0.72,-0.31073,-0.46896,-0.0811,-0.47163,-0.13648,-0.11904,-1.49969,-1.40921,0.09048,-0.72339,-0.33754,-0.47681,-1.53774,-0.72,-0.31073,-0.46896,-1.49969,-0.3571,-0.48253,-1.56303,-1.47255,-1.66165,-0.3511,0.01304,-1.34964,0.01255,-1.66606,1.27719,1.2745,-0.25762,0.10881,-1.06433,0.022580000000000003,0.03766,-0.24931,-1.79108,-1.52639,-1.56205,-1.48554,-0.60173 -0.02857 0.38493 0.61011 -0.02866 0.38816 -1.66374 -0.02853 0.37901 1.67214 -0.02879 0.38797 -0.00785 0.1061 4.30572 -0.01179 0.14439 5.51719 -0.00446 0.07236 3.24242 -0.01506 0.17776 6.5781,C C H H C C H H,-1.449,51_EthyneEthyneTS
C#C,C#C,0,0,4,4,11063,S66x8,3057539,10,66870984,avtz,-0.77772,-0.2265,-0.37107,-0.04043,-0.37841,-0.10787,-0.0933,-1.3752799999999998,-1.30443,0.07086,-0.7812899999999999,-0.24642,-0.37711,-1.40483,-0.77772,-0.2265,-0.37107,-1.3752799999999998,-0.26096,-0.38152,-1.4237799999999998,-1.35292,-1.35666,-0.52409,0.00865,-1.09235,0.00834,-1.35831,0.80733,0.8062199999999999,-0.17941,0.0619,-0.83885,0.01429,0.02468,-0.16391,-1.63229,-1.39822,-1.42309,-1.36911,-0.60173 -0.02857 0.38493 0.61011 -0.02866 0.38816 -1.66374 -0.02853 0.37901 1.67214 -0.02879 0.38797 -0.00828 0.11112 4.44769 -0.01222 0.14941 5.65916 -0.00489 0.07738 3.38439 -0.01549 0.18278 6.72007,C C H H C C H H,-1.335,51_EthyneEthyneTS
C#C,C#C,0,0,4,4,11063,S66x8,3057539,25,66870985,avtz,-0.67779,-0.08279,-0.18884,0.01957,-0.20031,-0.053860000000000005,-0.0454,-0.94942,-0.91239,0.03703,-0.68003,-0.09224,-0.19198,-0.96425,-0.67779,-0.08279,-0.18884,-0.94942,-0.09913,-0.19427,-0.97343,-0.9364,-0.79867,-0.58655,0.00247,-0.63284,0.0024,-0.79972,0.20509,0.20502,-0.06923,0.01214,-0.43089,0.0034700000000000004,0.0069700000000000005,-0.05979,-1.13196,-0.96341,-0.97904,-0.94672,-0.60173 -0.02857 0.38493 0.61011 -0.02866 0.38816 -1.66374 -0.02853 0.37901 1.67214 -0.02879 0.38797 -0.00957 0.12612 4.87206 -0.0135 0.16441 6.08353 -0.00617 0.09239 3.80877 -0.01677 0.19779 7.14444,C C H H C C H H,-0.93,51_EthyneEthyneTS
C#C,C#C,0,0,4,4,11063,S66x8,3057539,50,66870986,avtz,-0.3955,-0.00873,-0.06833,0.03375,-0.07702,-0.01823,-0.01463,-0.47256,-0.45699,0.01556,-0.39399,-0.01234,-0.06937,-0.47571,-0.3955,-0.00873,-0.06833,-0.47256,-0.01497,-0.07014,-0.4791,-0.46354,-0.39246,-0.37068,0.0003,-0.3087,0.00029,-0.39584,0.023180000000000003,0.023180000000000003,-0.01944,0.00113,-0.16463,0.00032,0.0007700000000000001,-0.0246,-0.57911,-0.48785,-0.5086,-0.46515,-0.60173 -0.02857 0.38493 0.61011 -0.02866 0.38816 -1.66374 -0.02853 0.37901 1.67214 -0.02879 0.38797 -0.0117 0.15101 5.57604 -0.01564 0.1893 6.78751 -0.00831 0.11728 4.51274 -0.0189 0.22268 7.84842,C C H H C C H H,-0.462,51_EthyneEthyneTS
C#C,C#C,0,0,4,4,11063,S66x8,3057539,100,66870987,avtz,-0.13238,0.00683,-0.01313,0.01731,-0.01668,-0.00287,-0.00197,-0.13867000000000002,-0.13460999999999998,0.00406,-0.1316,0.00593,-0.01329,-0.13896,-0.13238,0.00683,-0.01313,-0.13867000000000002,0.00527,-0.01342,-0.13974,-0.13568,-0.12876,-0.12852,1e-05,-0.10132,1e-05,-0.12993,0.0005200000000000001,0.0005200000000000001,-0.00278,2e-05,-0.03647,0.0,1e-05,-0.0053,-0.17394,-0.14232999999999998,-0.14724,-0.13747,-0.60173 -0.02857 0.38493 0.61011 -0.02866 0.38816 -1.66374 -0.02853 0.37901 1.67214 -0.02879 0.38797 -0.01594 0.20056 6.97719 -0.01988 0.23885 8.18866 -0.01255 0.16682 5.9139 -0.02315 0.27222 9.24957,C C H H C C H H,-0.135,51_EthyneEthyneTS
CC(=O)O,c1ccccc1,0,0,8,12,13916,S66x8,3057351,-10,66869476,avdz,2.15639,-2.48575,-2.99798,-1.24543,-2.56228,-0.8204,-0.8681,-3.32734,-2.47172,0.85562,1.99213,-3.25972,-3.36933,-4.63692,1.97959,-3.0596400000000004,-3.30937,-4.3894199999999985,-3.40572,-3.4130800000000003,-4.8266800000000005,-3.97105,-6.43931,5.78089,0.09304,-6.54881,0.10168,-6.42662,12.08481,11.96734,-4.35075,2.75208,-8.13063,0.35344000000000003,0.55165,-2.3955,-5.56151,-3.99697,-4.46568,-3.67071,0.07186 0.17414 5.54464 -0.13809 0.57113 4.11323 -0.60628 1.62058 3.73397 0.26512 -0.40643 3.27395 -0.2381 0.98348 6.19463 -0.50422 -0.72248 5.76159 1.12036 -0.06199 5.70966 0.09642 -0.08052 2.37254 0.96408 0.87509 0.37801 1.43106 -0.41313 0.11899 0.53413 -1.47764 0.04242 -0.83033 -1.2536 0.22086 -1.29759 0.03441 0.48024 -0.40045 1.09978 0.5616 1.65983 1.69993 0.44604 2.48952 -0.58721 -0.01701 0.89696 -2.47739 -0.15201 -1.52576 -2.07962 0.16412 -2.3544 0.20802 0.62856 -0.76046 2.09377 0.78476,C C O O H H H H C C C C C C H H H H H H,-3.895,52_BenzeneAcOHOHpi
CC(=O)O,c1ccccc1,0,0,8,12,13916,S66x8,3057351,-5,66869477,avdz,0.3482,-1.99922,-2.44653,-0.98581,-2.1109,-0.68313,-0.7229899999999999,-4.09754,-3.43163,0.66591,0.23511,-2.60128,-2.73739,-5.10357,0.22846,-2.44806,-2.69164,-4.91124,-2.71309,-2.77077,-5.24876,-4.58285,-5.12016,2.97399,0.0657,-5.08849,0.07268,-5.13052,8.05535,7.99898,-2.95223,1.6924400000000002,-6.48351,0.24234,0.38228,-1.7232599999999998,-5.91709,-4.600619999999998,-5.17776,-4.34022,0.08178 0.15416 5.67889 -0.12817 0.55115 4.24748 -0.59636 1.6006 3.86822 0.27504 -0.42641 3.40819 -0.22818 0.9635 6.32887 -0.4943 -0.74246 5.89584 1.13028 -0.08197 5.8439 0.10633 -0.1005 2.50679 0.96408 0.87509 0.37801 1.43106 -0.41313 0.11899 0.53413 -1.47764 0.04242 -0.83033 -1.2536 0.22086 -1.29759 0.03441 0.48024 -0.40045 1.09978 0.5616 1.65983 1.69993 0.44604 2.48952 -0.58721 -0.01701 0.89696 -2.47739 -0.15201 -1.52576 -2.07962 0.16412 -2.3544 0.20802 0.62856 -0.76046 2.09377 0.78476,C C O O H H H H C C C C C C H H H H H H,-4.523,52_BenzeneAcOHOHpi
CC(=O)O,c1ccccc1,0,0,8,12,13916,S66x8,3057351,0,66869478,avdz,-0.7406699999999999,-1.60999,-2.0031,-0.7769199999999999,-1.74327,-0.5691,-0.6027600000000001,-4.35376,-3.82996,0.52381,-0.8045,-2.08222,-2.23227,-5.119,-0.8073600000000001,-1.9643,-2.19734,-4.96899,-2.16828,-2.2577700000000003,-5.23055,-4.70675,-4.1702,1.18902,0.0463,-4.04921,0.05188,-4.19284,5.36455,5.3377300000000005,-2.02923,1.03037,-5.20317,0.16518,0.26524000000000003,-1.23739,-5.837280000000002,-4.67927,-4.97247,-4.50617,0.09158 0.13441 5.81158 -0.11837 0.5314 4.38018 -0.58656 1.58084 4.00092 0.28484 -0.44617 3.54089 -0.21838 0.94375 6.46157 -0.4845 -0.76221 6.02853 1.14008 -0.10172 5.9766 0.11614 -0.12025 2.63949 0.96408 0.87509 0.37801 1.43106 -0.41313 0.11899 0.53413 -1.47764 0.04242 -0.83033 -1.2536 0.22086 -1.29759 0.03441 0.48024 -0.40045 1.09978 0.5616 1.65983 1.69993 0.44604 2.48952 -0.58721 -0.01701 0.89696 -2.47739 -0.15201 -1.52576 -2.07962 0.16412 -2.3544 0.20802 0.62856 -0.76046 2.09377 0.78476,C C O O H H H H C C C C C C H H H H H H,-4.6610000000000005,52_BenzeneAcOHOHpi
CC(=O)O,c1ccccc1,0,0,8,12,13916,S66x8,3057351,5,66869479,avdz,-1.36631,-1.29681,-1.64468,-0.6080899999999999,-1.44268,-0.47392,-0.50253,-4.3078,-3.89099,0.4168,-1.38626,-1.67075,-1.82632,-4.8833199999999986,-1.3867,-1.57949,-1.79962,-4.76581,-1.73734,-1.84581,-4.9694,-4.5526,-3.46842,0.07393,0.03253,-3.29367,0.03694,-3.49521,3.56324,3.5506300000000004,-1.41247,0.61947,-4.19954,0.11187,0.1843,-0.8904200000000001,-5.5187599999999986,-4.51851,-4.73111,-4.38647,0.10131 0.11481 5.94327 -0.10864 0.5118 4.51186 -0.57683 1.56124 4.1326 0.29457 -0.46577 3.67258 -0.20866 0.92415 6.59326 -0.47477 -0.78181 6.16022 1.14981 -0.12132 6.10829 0.12586 -0.13985 2.77117 0.96408 0.87509 0.37801 1.43106 -0.41313 0.11899 0.53413 -1.47764 0.04242 -0.83033 -1.2536 0.22086 -1.29759 0.03441 0.48024 -0.40045 1.09978 0.5616 1.65983 1.69993 0.44604 2.48952 -0.58721 -0.01701 0.89696 -2.47739 -0.15201 -1.52576 -2.07962 0.16412 -2.3544 0.20802 0.62856 -0.76046 2.09377 0.78476,C C O O H H H H C C C C C C H H H H H H,-4.519,52_BenzeneAcOHOHpi
CC(=O)O,c1ccccc1,0,0,8,12,13916,S66x8,3057351,10,66869480,avdz,-1.6933900000000002,-1.04486,-1.35488,-0.47211,-1.1970299999999998,-0.39461,-0.41902,-4.09312,-3.75713,0.33599,-1.6767900000000002,-1.34441,-1.49983,-4.5210300000000005,-1.67559,-1.27325,-1.47937,-4.4282,-1.3963299999999998,-1.5147700000000002,-4.58789,-4.25191,-2.93808,-0.59918,0.0228,-2.73395,0.02625,-2.96403,2.36117,2.3553,-0.99797,0.36823,-3.41006,0.0754,0.12833,-0.64527,-5.084219999999998,-4.20599,-4.31885,-4.0959,0.11096 0.09538 6.07384 -0.099 0.49236 4.64243 -0.56719 1.54181 4.26317 0.30421 -0.4852 3.80315 -0.19901 0.90471 6.72383 -0.46512 -0.80125 6.29079 1.15945 -0.14076 6.23886 0.13551 -0.15929 2.90174 0.96408 0.87509 0.37801 1.43106 -0.41313 0.11899 0.53413 -1.47764 0.04242 -0.83033 -1.2536 0.22086 -1.29759 0.03441 0.48024 -0.40045 1.09978 0.5616 1.65983 1.69993 0.44604 2.48952 -0.58721 -0.01701 0.89696 -2.47739 -0.15201 -1.52576 -2.07962 0.16412 -2.3544 0.20802 0.62856 -0.76046 2.09377 0.78476,C C O O H H H H C C C C C C H H H H H H,-4.228,52_BenzeneAcOHOHpi
CC(=O)O,c1ccccc1,0,0,8,12,13916,S66x8,3057351,25,66869481,avdz,-1.80582,-0.54606,-0.7728,-0.20558,-0.6952699999999999,-0.22772,-0.24294,-3.12468,-2.93439,0.19029,-1.72223,-0.71211,-0.8496799999999999,-3.28401,-1.71973,-0.6761699999999999,-0.8401200000000001,-3.23602,-0.73833,-0.85665,-3.31721,-3.12692,-1.93324,-1.26659,0.00772,-1.71901,0.00929,-1.94873,0.67393,0.6733899999999999,-0.39094,0.07371,-1.88998,0.02249,0.043230000000000005,-0.26579,-3.68207,-3.1085700000000003,-3.19183,-3.02398,0.13954 0.03777 6.46083 -0.07041 0.43476 5.02942 -0.5386 1.48421 4.65016 0.3328 -0.5428 4.19013 -0.17042 0.84711 7.11081 -0.43654 -0.85885 6.67778 1.18804 -0.19836 6.62584 0.1641 -0.21689 3.28873 0.96408 0.87509 0.37801 1.43106 -0.41313 0.11899 0.53413 -1.47764 0.04242 -0.83033 -1.2536 0.22086 -1.29759 0.03441 0.48024 -0.40045 1.09978 0.5616 1.65983 1.69993 0.44604 2.48952 -0.58721 -0.01701 0.89696 -2.47739 -0.15201 -1.52576 -2.07962 0.16412 -2.3544 0.20802 0.62856 -0.76046 2.09377 0.78476,C C O O H H H H C C C C C C H H H H H H,-3.1210000000000004,52_BenzeneAcOHOHpi
CC(=O)O,c1ccccc1,0,0,8,12,13916,S66x8,3057351,50,66869482,avdz,-1.25367,-0.18613,-0.32624000000000003,-0.028110000000000003,-0.29998,-0.09242,-0.0992,-1.76604,-1.67418,0.09185,-1.15919,-0.26247,-0.35699000000000003,-1.77866,-1.16362,-0.24769,-0.35378000000000004,-1.76508,-0.27325,-0.35934,-1.7917900000000002,-1.69993,-1.10702,-1.02674,0.0012,-0.95387,0.00156,-1.1146,0.08031,0.0803,-0.11505,0.005520000000000001,-0.7895,0.00282,0.006640000000000001,-0.09358,-2.01744,-1.70616,-1.77814,-1.63285,0.1864 -0.05665 7.09522 -0.02355 0.34033 5.66381 -0.49174 1.38978 5.28455 0.37966 -0.63723 4.82453 -0.12356 0.75268 7.74521 -0.38968 -0.95328 7.31217 1.2349 -0.29279 7.26024 0.21096 -0.31132 3.92312 0.96408 0.87509 0.37801 1.43106 -0.41313 0.11899 0.53413 -1.47764 0.04242 -0.83033 -1.2536 0.22086 -1.29759 0.03441 0.48024 -0.40045 1.09978 0.5616 1.65983 1.69993 0.44604 2.48952 -0.58721 -0.01701 0.89696 -2.47739 -0.15201 -1.52576 -2.07962 0.16412 -2.3544 0.20802 0.62856 -0.76046 2.09377 0.78476,C C O O H H H H C C C C C C H H H H H H,-1.705,52_BenzeneAcOHOHpi
CC(=O)O,c1ccccc1,0,0,8,12,13916,S66x8,3057351,100,66869483,avdz,-0.4797,-0.02433,-0.07762999999999999,0.02113,-0.07307000000000001,-0.01892,-0.02016,-0.5816600000000001,-0.55057,0.03109,-0.4501,-0.04623,-0.08475,-0.58109,-0.45317,-0.04191,-0.08407,-0.57915,-0.04939,-0.08525,-0.5847399999999999,-0.55365,-0.4301,-0.4288,3e-05,-0.36992,4e-05,-0.43264,0.00154,0.00154,-0.01949,9e-05,-0.19352,5e-05,0.00015,-0.02759,-0.67142,-0.56395,-0.59446,-0.5311100000000001,0.27859 -0.24241 8.34322 0.06864 0.15457 6.91182 -0.39955 1.20402 6.53256 0.47185 -0.82299 6.07253 -0.03137 0.56692 8.99321 -0.29749 -1.13904 8.56017 1.32709 -0.47855 8.50824 0.30315 -0.49708 5.17113 0.96408 0.87509 0.37801 1.43106 -0.41313 0.11899 0.53413 -1.47764 0.04242 -0.83033 -1.2536 0.22086 -1.29759 0.03441 0.48024 -0.40045 1.09978 0.5616 1.65983 1.69993 0.44604 2.48952 -0.58721 -0.01701 0.89696 -2.47739 -0.15201 -1.52576 -2.07962 0.16412 -2.3544 0.20802 0.62856 -0.76046 2.09377 0.78476,C C O O H H H H C C C C C C H H H H H H,-0.5579999999999999,52_BenzeneAcOHOHpi
CC(=O)N,c1ccccc1,0,0,9,12,13792,S66x8,3057315,-10,66869188,avdz,1.24409,-1.97549,-2.54699,-0.93806,-2.29936,-0.7146899999999999,-0.72324,-3.2783900000000004,-2.70802,0.57038,1.27468,-2.64334,-2.83629,-4.20495,1.27311,-2.47784,-2.78992,-3.99464,-2.76411,-2.87013,-4.35957,-3.78919,-7.63943,4.29039,0.0931,-7.42927,0.10024,-7.660939999999999,11.78733,11.66285,-4.0522300000000016,2.98803,-6.99374,0.32631,0.52215,-2.00005,-5.08315,-3.84218,-4.12514,-3.60885,0.14215 0.52114 6.10224 0.11931 0.61603 4.59383 0.3658 1.65946 4.00659 -0.18474 -0.53898 3.94266 1.17387 0.60535 6.43732 -0.27975 -0.40551 6.48327 -0.40731 1.36498 6.50901 -0.15954 -0.54599 2.93602 -0.34052 -1.39447 4.43836 0.85556 0.35853 1.04975 1.3429 -0.67538 0.25116 0.47781 -1.3767 -0.58782 -0.87483 -1.04256 -0.63045 -1.3624 -0.00701 0.16585 -0.49844 0.69316 1.00699 1.51383 0.90268 1.71277 2.39288 -0.93334 0.28196 0.85608 -2.17891 -1.20682 -1.54541 -1.5857 -1.28242 -2.41157 0.25347 0.13078 -0.86611 1.49034 1.63804,C C O N H H H H H C C C C C C H H H H H H,-3.763,53_BenzeneAcNH2NHpi
CC(=O)N,c1ccccc1,0,0,9,12,13792,S66x8,3057315,-5,66869189,avdz,-0.18443,-1.59528,-2.10176,-0.7399600000000001,-1.91702,-0.5986199999999999,-0.6057,-3.88146,-3.44003,0.44143,-0.13742,-2.12013,-2.33022,-4.58777,-0.13877,-1.99117,-2.29403,-4.42397,-2.21424,-2.35662,-4.70828,-4.26685,-6.1399300000000006,2.0618,0.06786,-5.89166,0.07406,-6.16745,8.116539999999999,8.054260000000001,-2.81263,1.93438,-5.67411,0.23331,0.37757,-1.39852,-5.39091,-4.261430000000002,-4.4986,-4.07934,0.12159 0.45595 6.21827 0.09874 0.55084 4.70985 0.34523 1.59427 4.12261 -0.2053 -0.60417 4.05868 1.1533 0.54016 6.55334 -0.30031 -0.4707 6.59929 -0.42788 1.29979 6.62504 -0.1801 -0.61118 3.05205 -0.36108 -1.45966 4.55438 0.85556 0.35853 1.04975 1.3429 -0.67538 0.25116 0.47781 -1.3767 -0.58782 -0.87483 -1.04256 -0.63045 -1.3624 -0.00701 0.16585 -0.49844 0.69316 1.00699 1.51383 0.90268 1.71277 2.39288 -0.93334 0.28196 0.85608 -2.17891 -1.20682 -1.54541 -1.5857 -1.28242 -2.41157 0.25347 0.13078 -0.86611 1.49034 1.63804,C C O N H H H H H C C C C C C H H H H H H,-4.247,53_BenzeneAcNH2NHpi
CC(=O)N,c1ccccc1,0,0,9,12,13792,S66x8,3057315,0,66869190,avdz,-1.04758,-1.2916,-1.7403400000000002,-0.58215,-1.60172,-0.50226,-0.50851,-4.07952,-3.7337,0.34581,-0.985,-1.70566,-1.92116,-4.61182,-0.98682,-1.60475,-1.89289,-4.48446,-1.77929,-1.9418,-4.7060900000000006,-4.36028,-5.00249,0.64002,0.04938,-4.73352,0.05467,-5.02986,5.58731,5.5561099999999985,-1.97888,1.24468,-4.62708,0.16567,0.27228,-0.97762,-5.34349,-4.33107,-4.5259,-4.17278,0.10114 0.39111 6.33367 0.07829 0.486 4.82525 0.32478 1.52943 4.23801 -0.22575 -0.66901 4.17408 1.13285 0.47532 6.66874 -0.32077 -0.53553 6.71469 -0.44833 1.23496 6.74044 -0.20055 -0.67602 3.16744 -0.38153 -1.5245 4.66978 0.85556 0.35853 1.04975 1.3429 -0.67538 0.25116 0.47781 -1.3767 -0.58782 -0.87483 -1.04256 -0.63045 -1.3624 -0.00701 0.16585 -0.49844 0.69316 1.00699 1.51383 0.90268 1.71277 2.39288 -0.93334 0.28196 0.85608 -2.17891 -1.20682 -1.54541 -1.5857 -1.28242 -2.41157 0.25347 0.13078 -0.86611 1.49034 1.63804,C C O N H H H H H C C C C C C H H H H H H,-4.346,53_BenzeneAcNH2NHpi
CC(=O)N,c1ccccc1,0,0,9,12,13792,S66x8,3057315,5,66869191,avdz,-1.5364,-1.04771,-1.44546,-0.45597,-1.34076,-0.42184,-0.42763,-4.02957,-3.75497,0.2746,-1.46207,-1.37619,-1.5891,-4.42737,-1.46461,-1.29689,-1.567,-4.3285,-1.43406,-1.60524,-4.50137,-4.22677,-4.12613,-0.2457,0.03585,-3.84937,0.04028,-4.15034,3.84111,3.82549,-1.41321,0.7964100000000001,-3.79075,0.11687,0.19588,-0.68601,-5.09004,-4.18794,-4.3311199999999985,-4.05835,0.08074 0.32643 6.44878 0.05789 0.42132 4.94036 0.30438 1.46475 4.35312 -0.24616 -0.73368 4.28919 1.11245 0.41064 6.78385 -0.34117 -0.60021 6.8298 -0.46873 1.17028 6.85555 -0.22096 -0.7407 3.28256 -0.40193 -1.58917 4.78489 0.85556 0.35853 1.04975 1.3429 -0.67538 0.25116 0.47781 -1.3767 -0.58782 -0.87483 -1.04256 -0.63045 -1.3624 -0.00701 0.16585 -0.49844 0.69316 1.00699 1.51383 0.90268 1.71277 2.39288 -0.93334 0.28196 0.85608 -2.17891 -1.20682 -1.54541 -1.5857 -1.28242 -2.41157 0.25347 0.13078 -0.86611 1.49034 1.63804,C C O N H H H H H C C C C C C H H H H H H,-4.216,53_BenzeneAcNH2NHpi
CC(=O)N,c1ccccc1,0,0,9,12,13792,S66x8,3057315,10,66869192,avdz,-1.77878,-0.8517,-1.2047,-0.35528000000000004,-1.12495,-0.35474,-0.36025,-3.83518,-3.61375,0.22143,-1.6972900000000002,-1.11445,-1.31951,-4.13124,-1.7004,-1.05174,-1.30217,-4.05432,-1.16021,-1.33215,-4.18965,-3.96823,-3.44335,-0.77384,0.02599,-3.16816,0.02965,-3.46365,2.63934,2.63154,-1.02785,0.5083300000000001,-3.12133,0.08202000000000001,0.14074,-0.4860600000000001,-4.72844,-3.9411,-4.0897,-3.81002,0.06042 0.26202 6.56341 0.03757 0.35691 5.055 0.28406 1.40034 4.46776 -0.26647 -0.79809 4.40383 1.09213 0.34624 6.89849 -0.36149 -0.66462 6.94444 -0.48905 1.10587 6.97018 -0.24127 -0.80511 3.39719 -0.42225 -1.65358 4.89953 0.85556 0.35853 1.04975 1.3429 -0.67538 0.25116 0.47781 -1.3767 -0.58782 -0.87483 -1.04256 -0.63045 -1.3624 -0.00701 0.16585 -0.49844 0.69316 1.00699 1.51383 0.90268 1.71277 2.39288 -0.93334 0.28196 0.85608 -2.17891 -1.20682 -1.54541 -1.5857 -1.28242 -2.41157 0.25347 0.13078 -0.86611 1.49034 1.63804,C C O N H H H H H C C C C C C H H H H H H,-3.961,53_BenzeneAcNH2NHpi
CC(=O)N,c1ccccc1,0,0,9,12,13792,S66x8,3057315,25,66869193,avdz,-1.77717,-0.46274,-0.71154,-0.16030999999999998,-0.67415,-0.21225,-0.21714,-2.95145,-2.82388,0.12757000000000002,-1.6936099999999998,-0.60561,-0.77295,-3.0721700000000003,-1.6972599999999998,-0.57309,-0.76439,-3.03473,-0.62934,-0.7792,-3.10215,-2.97457,-2.12195,-1.25313,0.00982,-1.88255,0.01173,-2.1348,0.85513,0.85416,-0.44793,0.13304000000000002,-1.7943,0.02766,0.0517,-0.19523,-3.50472,-2.97789,-3.09323,-2.8629,-0.0002 0.06984 6.90547 -0.02305 0.16473 5.39705 0.22344 1.20815 4.80981 -0.3271 -0.99028 4.74588 1.03151 0.15405 7.24054 -0.42211 -0.85681 7.28649 -0.54967 0.91368 7.31224 -0.3019 -0.99729 3.73925 -0.48287 -1.84577 5.24158 0.85556 0.35853 1.04975 1.3429 -0.67538 0.25116 0.47781 -1.3767 -0.58782 -0.87483 -1.04256 -0.63045 -1.3624 -0.00701 0.16585 -0.49844 0.69316 1.00699 1.51383 0.90268 1.71277 2.39288 -0.93334 0.28196 0.85608 -2.17891 -1.20682 -1.54541 -1.5857 -1.28242 -2.41157 0.25347 0.13078 -0.86611 1.49034 1.63804,C C O N H H H H H C C C C C C H H H H H H,-2.974,53_BenzeneAcNH2NHpi
CC(=O)N,c1ccccc1,0,0,9,12,13792,S66x8,3057315,50,66869194,avdz,-1.17944,-0.17575,-0.31678,-0.0306,-0.30337,-0.09303,-0.09629,-1.67198,-1.60644,0.06554,-1.11873,-0.23797,-0.34204,-1.69874,-1.12379,-0.22481,-0.33907,-1.68767,-0.24757,-0.3442,-1.7105,-1.64497,-1.08672,-0.95228,0.0019,-0.93073,0.00243,-1.09524,0.13557,0.13554000000000002,-0.16221,0.01532,-0.78356,0.00432,0.00934,-0.06928,-1.94573,-1.68379,-1.74297,-1.62016,-0.10049 -0.2481 7.47132 -0.12334 -0.1532 5.9629 0.12315 0.89022 5.37566 -0.42738 -1.30821 5.31173 0.93122 -0.16388 7.80639 -0.5224 -1.17474 7.85235 -0.64996 0.59575 7.87809 -0.40218 -1.31523 4.3051 -0.58316 -2.1637 5.80744 0.85556 0.35853 1.04975 1.3429 -0.67538 0.25116 0.47781 -1.3767 -0.58782 -0.87483 -1.04256 -0.63045 -1.3624 -0.00701 0.16585 -0.49844 0.69316 1.00699 1.51383 0.90268 1.71277 2.39288 -0.93334 0.28196 0.85608 -2.17891 -1.20682 -1.54541 -1.5857 -1.28242 -2.41157 0.25347 0.13078 -0.86611 1.49034 1.63804,C C O N H H H H H C C C C C C H H H H H H,-1.651,53_BenzeneAcNH2NHpi
CC(=O)N,c1ccccc1,0,0,9,12,13792,S66x8,3057315,100,66869195,avdz,-0.39404,-0.03188,-0.07555,0.00852,-0.07201,-0.02074,-0.02151,-0.50147,-0.47827,0.0232,-0.37314,-0.04753,-0.08085,-0.50151,-0.37526,-0.04417,-0.08021,-0.49964,-0.04998,-0.08131000000000001,-0.50443,-0.48123,-0.33628,-0.33343,6e-05,-0.28663,8e-05,-0.33862,0.00395,0.00395,-0.03914,5e-05,-0.18623,9e-05,0.00024,-0.01999,-0.57965,-0.50061,-0.5159199999999999,-0.48494,-0.31184 -0.91813 8.66383 -0.33469 -0.82323 7.15542 -0.0882 0.22019 6.56818 -0.63874 -1.97824 6.50425 0.71987 -0.83391 8.99891 -0.73375 -1.84477 9.04486 -0.86131 -0.07428 9.0706 -0.61354 -1.98526 5.49761 -0.79451 -2.83373 6.99995 0.85556 0.35853 1.04975 1.3429 -0.67538 0.25116 0.47781 -1.3767 -0.58782 -0.87483 -1.04256 -0.63045 -1.3624 -0.00701 0.16585 -0.49844 0.69316 1.00699 1.51383 0.90268 1.71277 2.39288 -0.93334 0.28196 0.85608 -2.17891 -1.20682 -1.54541 -1.5857 -1.28242 -2.41157 0.25347 0.13078 -0.86611 1.49034 1.63804,C C O N H H H H H C C C C C C H H H H H H,-0.486,53_BenzeneAcNH2NHpi
O,c1ccccc1,0,0,3,12,12399,S66x8,3057170,-10,66868028,avdz,1.04504,-1.45592,-1.81451,-0.75173,-1.59054,-0.47873,-0.51486,-2.22539,-1.7759599999999998,0.44943,0.99975,-2.0274400000000004,-2.0979400000000004,-3.12563,0.99845,-1.89009,-2.05744,-2.94908,-2.12767,-2.1275,-3.25542,-2.80598,-4.41417,2.97719,0.05998,-4.34633,0.06354,-4.4568900000000005,7.36715,7.333660000000001,-1.97846,1.11812,-4.96433,0.1922,0.31877,-1.24235,-3.64579,-2.77718,-3.02528,-2.59153,-2.49973 -0.24186 0.0 -2.33493 -1.18658 0.0 -1.61243 0.12973 0.0 0.78015 -0.60991 -1.20756 0.47794 0.75099 -1.2079 0.32729 1.43187 0.0 0.47794 0.75099 1.2079 0.78015 -0.60991 1.20756 0.93165 -1.28998 0.0 0.89619 -1.13764 -2.14414 0.35696 1.27817 -2.14405 0.09147 2.48714 0.0 0.35696 1.27817 2.14405 0.89619 -1.13764 2.14414 1.16849 -2.34521 0.0,O H H C C C C C C H H H H H H,-2.71,54_BenzeneWaterOHpi
O,c1ccccc1,0,0,3,12,12399,S66x8,3057170,-5,66868029,avdz,-0.23259,-1.11761,-1.44491,-0.54992,-1.28264,-0.38526,-0.41458,-2.79511,-2.4504,0.3447,-0.23169,-1.56257,-1.66657,-3.46082,-0.22984,-1.45796,-1.63579,-3.3235900000000003,-1.6389,-1.68903,-3.55962,-3.21491,-3.57391,1.17488,0.04114,-3.4319900000000003,0.04406,-3.6201,4.77616,4.76129,-1.31992,0.63932,-3.87927,0.12618,0.21391,-0.87318,-3.93689,-3.18576,-3.38795,-3.0607,-2.64408 -0.25807 0.0 -2.47927 -1.20279 0.0 -1.75678 0.11352 0.0 0.78015 -0.60991 -1.20756 0.47794 0.75099 -1.2079 0.32729 1.43187 0.0 0.47794 0.75099 1.2079 0.78015 -0.60991 1.20756 0.93165 -1.28998 0.0 0.89619 -1.13764 -2.14414 0.35696 1.27817 -2.14405 0.09147 2.48714 0.0 0.35696 1.27817 2.14405 0.89619 -1.13764 2.14414 1.16849 -2.34521 0.0,O H H C C C C C C H H H H H H,-3.139,54_BenzeneWaterOHpi
O,c1ccccc1,0,0,3,12,12399,S66x8,3057170,0,66868030,avdz,-0.96805,-0.85539,-1.15378,-0.39462,-1.03628,-0.30964,-0.33338,-2.97722,-2.7086,0.26862,-0.92983,-1.2052,-1.32787,-3.4629,-0.92704,-1.12477,-1.30439,-3.3562,-1.26389,-1.34501,-3.53873,-3.2701,-2.96675,0.08225,0.02815,-2.78273,0.03049,-3.00903,3.09019,3.08367,-0.90276,0.36166,-3.0512900000000003,0.08227999999999999,0.14424,-0.6126199999999999,-3.89734,-3.26894,-3.42891,-3.15376,-2.78654 -0.27406 0.0 -2.62173 -1.21878 0.0 -1.89923 0.09753 0.0 0.78015 -0.60991 -1.20756 0.47794 0.75099 -1.2079 0.32729 1.43187 0.0 0.47794 0.75099 1.2079 0.78015 -0.60991 1.20756 0.93165 -1.28998 0.0 0.89619 -1.13764 -2.14414 0.35696 1.27817 -2.14405 0.09147 2.48714 0.0 0.35696 1.27817 2.14405 0.89619 -1.13764 2.14414 1.16849 -2.34521 0.0,O H H C C C C C C H H H H H H,-3.212,54_BenzeneWaterOHpi
O,c1ccccc1,0,0,3,12,12399,S66x8,3057170,5,66868031,avdz,-1.36306,-0.65137,-0.92354,-0.27498,-0.83873,-0.24837,-0.26751,-2.93797,-2.72514,0.21283,-1.29729,-0.92931,-1.06083,-3.28743,-1.29486,-0.8668899999999999,-1.04288,-3.20463,-0.97485,-1.07394,-3.34608,-3.13325,-2.51431,-0.56048,0.01919,-2.30923,0.02104,-2.54936,1.99189,1.98908,-0.6337,0.20243,-2.41423,0.053270000000000005,0.09759,-0.43107,-3.68317,-3.15004,-3.27863,-3.03886,-2.92771 -0.2899 0.0 -2.76291 -1.23462 0.0 -2.04041 0.08169 0.0 0.78015 -0.60991 -1.20756 0.47794 0.75099 -1.2079 0.32729 1.43187 0.0 0.47794 0.75099 1.2079 0.78015 -0.60991 1.20756 0.93165 -1.28998 0.0 0.89619 -1.13764 -2.14414 0.35696 1.27817 -2.14405 0.09147 2.48714 0.0 0.35696 1.27817 2.14405 0.89619 -1.13764 2.14414 1.16849 -2.34521 0.0,O H H C C C C C C H H H H H H,-3.089,54_BenzeneWaterOHpi
O,c1ccccc1,0,0,3,12,12399,S66x8,3057170,10,66868032,avdz,-1.54542,-0.49285,-0.74146,-0.18335,-0.68056,-0.19886,-0.21422,-2.77973,-2.60818,0.17155,-1.4611,-0.71642,-0.85031,-3.02782,-1.45964,-0.6674399999999999,-0.83654,-2.96362,-0.75216,-0.86035,-3.0736,-2.90205,-2.16798,-0.91745,0.01304,-1.95556,0.014480000000000003,-2.19525,1.27974,1.27855,-0.4574,0.11263,-1.9223,0.0343,0.06617,-0.30608,-3.3881900000000003,-2.90186,-2.99548,-2.80773,-3.06754 -0.3056 0.0 -2.90274 -1.25032 0.0 -2.18024 0.06599 0.0 0.78015 -0.60991 -1.20756 0.47794 0.75099 -1.2079 0.32729 1.43187 0.0 0.47794 0.75099 1.2079 0.78015 -0.60991 1.20756 0.93165 -1.28998 0.0 0.89619 -1.13764 -2.14414 0.35696 1.27817 -2.14405 0.09147 2.48714 0.0 0.35696 1.27817 2.14405 0.89619 -1.13764 2.14414 1.16849 -2.34521 0.0,O H H C C C C C C H H H H H H,-2.869,54_BenzeneWaterOHpi
O,c1ccccc1,0,0,3,12,12399,S66x8,3057170,25,66868033,avdz,-1.50857,-0.19975,-0.39057,-0.02124,-0.36976,-0.10073,-0.1084,-2.0988900000000004,-2.0003,0.09859,-1.40526,-0.32545,-0.44699,-2.1777,-1.40793,-0.29972,-0.44065,-2.1483,-0.34422,-0.45162,-2.2011,-2.10251,-1.4918,-1.16719,0.00402,-1.29745,0.00465,-1.50384,0.33285,0.33276999999999995,-0.20075,0.0198,-1.00698,0.0089,0.02035,-0.12580999999999998,-2.45548,-2.10702,-2.17234,-2.03962,-3.48129 -0.35204 0.0 -3.31649 -1.29676 0.0 -2.59399 0.01955 0.0 0.78015 -0.60991 -1.20756 0.47794 0.75099 -1.2079 0.32729 1.43187 0.0 0.47794 0.75099 1.2079 0.78015 -0.60991 1.20756 0.93165 -1.28998 0.0 0.89619 -1.13764 -2.14414 0.35696 1.27817 -2.14405 0.09147 2.48714 0.0 0.35696 1.27817 2.14405 0.89619 -1.13764 2.14414 1.16849 -2.34521 0.0,O H H C C C C C C H H H H H H,-2.09,54_BenzeneWaterOHpi
O,c1ccccc1,0,0,3,12,12399,S66x8,3057170,50,66868034,avdz,-1.02539,-0.0199,-0.14307,0.059779999999999986,-0.14340999999999998,-0.03087,-0.03281,-1.18835,-1.13988,0.04847,-0.95029,-0.079,-0.16513,-1.19442,-0.95752,-0.06731000000000001,-0.16299,-1.18782,-0.08753,-0.16669,-1.2045,-1.15604,-0.90438,-0.87072,0.00054,-0.7691,0.00067,-0.91035,0.03583,0.03583,-0.07131,0.0016600000000000002,-0.38702,0.0008900000000000002,0.0026,-0.04508,-1.37277,-1.17941,-1.22572,-1.13156,-4.15806 -0.428 0.0 -3.99325 -1.37273 0.0 -3.27076 -0.05641 0.0 0.78015 -0.60991 -1.20756 0.47794 0.75099 -1.2079 0.32729 1.43187 0.0 0.47794 0.75099 1.2079 0.78015 -0.60991 1.20756 0.93165 -1.28998 0.0 0.89619 -1.13764 -2.14414 0.35696 1.27817 -2.14405 0.09147 2.48714 0.0 0.35696 1.27817 2.14405 0.89619 -1.13764 2.14414 1.16849 -2.34521 0.0,O H H C C C C C C H H H H H H,-1.153,54_BenzeneWaterOHpi
O,c1ccccc1,0,0,3,12,12399,S66x8,3057170,100,66868035,avdz,-0.43499,0.02961,-0.02413,0.05209,-0.029,-0.00127,-0.00078,-0.4295100000000001,-0.41317,0.01634,-0.40962,0.01006,-0.0295,-0.42907,-0.4119600000000001,0.01425,-0.02897,-0.42667,0.006999999999999999,-0.02989,-0.4325100000000001,-0.41618,-0.394,-0.39359,1e-05,-0.33322,1e-05,-0.39629,0.00074,0.00074,-0.01504,4e-05,-0.08325,1e-05,4e-05,-0.01374,-0.5075,-0.4335600000000001,-0.44327,-0.42415,-5.48661 -0.57713 0.0 -5.3218 -1.52185 0.0 -4.59931 -0.20554 0.0 0.78015 -0.60991 -1.20756 0.47794 0.75099 -1.2079 0.32729 1.43187 0.0 0.47794 0.75099 1.2079 0.78015 -0.60991 1.20756 0.93165 -1.28998 0.0 0.89619 -1.13764 -2.14414 0.35696 1.27817 -2.14405 0.09147 2.48714 0.0 0.35696 1.27817 2.14405 0.89619 -1.13764 2.14414 1.16849 -2.34521 0.0,O H H C C C C C C H H H H H H,-0.417,54_BenzeneWaterOHpi
CO,c1ccccc1,0,0,6,12,15461,S66x8,3057486,-10,66870556,avdz,3.2326900000000003,-3.01609,-3.2436700000000003,-1.7614900000000002,-2.73708,-0.8533799999999999,-0.9032,-3.02707,-2.11926,0.90781,3.14627,-3.72808,-3.61561,-4.19742,3.14353,-3.55762,-3.56075,-3.97484,-3.85246,-3.65564,-4.36184,-3.4540300000000004,-5.5660300000000005,5.70565,0.09411,-5.54122,0.09548,-5.56044,11.12827,11.07726,-2.70584,1.80241,-8.224039999999999,0.33727,0.54078,-1.7787099999999998,-4.4602900000000005,-3.23661,-3.66945,-2.71745,-0.82804 -0.73966 3.71256 0.06811 0.31795 3.42951 -0.92376 -0.7964 4.7935 -1.82019 -0.56797 3.28877 -0.46158 -1.70271 3.34965 0.15421 0.36782 2.47232 0.75975 1.03128 0.37377 1.26662 -0.26736 0.42127 0.39532 -1.35599 0.42491 -0.98221 -1.14665 0.38127 -1.48935 0.15115 0.33757 -0.61878 1.24033 0.33388 1.43502 1.87566 0.3747 2.33492 -0.42918 0.45943 0.78866 -2.36249 0.46304 -1.65766 -1.99114 0.38512 -2.55795 0.31375 0.30772 -1.01176 2.24711 0.30437,C O H H H H C C C C C C H H H H H H,-3.3160000000000003,55_BenzeneMeOHOHpi
CO,c1ccccc1,0,0,6,12,15461,S66x8,3057486,-5,66870557,avdz,1.30066,-2.41526,-2.63821,-1.39246,-2.24678,-0.7011,-0.74095,-3.75281,-3.03969,0.71313,1.25583,-2.96431,-2.92807,-4.63655,1.25632,-2.83456,-2.88604,-4.4642800000000005,-3.059,-2.95873,-4.7619,-4.048780000000002,-4.34285,3.07451,0.06585,-4.2522400000000005,0.06735,-4.34923,7.324139999999999,7.30138,-1.7947400000000002,1.0644,-6.5556199999999984,0.22859,0.37332,-1.22405,-4.93317,-3.85216,-4.24167,-3.50306,-0.83897 -0.74576 3.84504 0.05718 0.31185 3.56198 -0.93469 -0.8025 4.92597 -1.83112 -0.57406 3.42125 -0.47251 -1.7088 3.48212 0.14328 0.36173 2.60479 0.75975 1.03128 0.37377 1.26662 -0.26736 0.42127 0.39532 -1.35599 0.42491 -0.98221 -1.14665 0.38127 -1.48935 0.15115 0.33757 -0.61878 1.24033 0.33388 1.43502 1.87566 0.3747 2.33492 -0.42918 0.45943 0.78866 -2.36249 0.46304 -1.65766 -1.99114 0.38512 -2.55795 0.31375 0.30772 -1.01176 2.24711 0.30437,C O H H H H C C C C C C H H H H H H,-3.941,55_BenzeneMeOHOHpi
CO,c1ccccc1,0,0,6,12,15461,S66x8,3057486,0,66870558,avdz,0.08621000000000001,-1.93552,-2.1511,-1.0969799999999998,-1.84719,-0.57618,-0.60828,-4.00041,-3.43414,0.56626,0.07973999999999999,-2.36135,-2.37753,-4.65914,0.08181000000000001,-2.26209,-2.3453,-4.5255800000000015,-2.43379,-2.40105,-4.7551,-4.18884,-3.48235,1.38736,0.04587,-3.34894,0.04734,-3.49493,4.802969999999998,4.79294,-1.21531,0.62165,-5.25307,0.15367999999999998,0.25776,-0.8458200000000001,-4.97309,-3.996480000000001,-4.22428,-3.84237,-0.84984 -0.75182 3.97674 0.04631 0.30579 3.69369 -0.94556 -0.80856 5.05768 -1.84199 -0.58013 3.55295 -0.48338 -1.71486 3.61383 0.13241 0.35566 2.7365 0.75975 1.03128 0.37377 1.26662 -0.26736 0.42127 0.39532 -1.35599 0.42491 -0.98221 -1.14665 0.38127 -1.48935 0.15115 0.33757 -0.61878 1.24033 0.33388 1.43502 1.87566 0.3747 2.33492 -0.42918 0.45943 0.78866 -2.36249 0.46304 -1.65766 -1.99114 0.38512 -2.55795 0.31375 0.30772 -1.01176 2.24711 0.30437,C O H H H H C C C C C C H H H H H H,-4.106,55_BenzeneMeOHOHpi
CO,c1ccccc1,0,0,6,12,15461,S66x8,3057486,5,66870559,avdz,-0.65463,-1.55105,-1.7577,-0.8599899999999999,-1.52065,-0.47332,-0.49928,-3.96337,-3.5085800000000003,0.45479,-0.6289399999999999,-1.88376,-1.93513,-4.44784,-0.6263,-1.80742,-1.9104,-4.344119999999998,-1.93947,-1.95318,-4.5216,-4.06681,-2.86412,0.32234,0.03179,-2.7046,0.03313,-2.87847,3.13528,3.1309400000000003,-0.8415100000000001,0.35834,-4.22938,0.10246,0.17800000000000002,-0.5905199999999999,-4.76579,-3.91209,-4.0742699999999985,-3.78827,-0.86068 -0.75787 4.10809 0.03547 0.29975 3.82504 -0.9564 -0.8146 5.18903 -1.85283 -0.58617 3.6843 -0.49422 -1.72091 3.74518 0.12157 0.34962 2.86784 0.75975 1.03128 0.37377 1.26662 -0.26736 0.42127 0.39532 -1.35599 0.42491 -0.98221 -1.14665 0.38127 -1.48935 0.15115 0.33757 -0.61878 1.24033 0.33388 1.43502 1.87566 0.3747 2.33492 -0.42918 0.45943 0.78866 -2.36249 0.46304 -1.65766 -1.99114 0.38512 -2.55795 0.31375 0.30772 -1.01176 2.24711 0.30437,C O H H H H C C C C C C H H H H H H,-4.005,55_BenzeneMeOHOHpi
CO,c1ccccc1,0,0,6,12,15461,S66x8,3057486,10,66870560,avdz,-1.08235,-1.24326,-1.4402,-0.6705899999999999,-1.25429,-0.38877,-0.40984,-3.76581,-3.39601,0.3698,-1.03197,-1.50594,-1.5799299999999998,-4.11784,-1.02931,-1.44679,-1.56092,-4.03702,-1.5491,-1.59381,-4.17488,-3.80508,-2.41063,-0.33063000000000003,0.02194,-2.23707,0.02311,-2.42425,2.03955,2.03771,-0.59778,0.20429,-3.42323,0.06786,0.12304,-0.41937,-4.4299,-3.68795,-3.79915,-3.57751,-0.87147 -0.76389 4.23886 0.02468 0.29373 3.9558 -0.96719 -0.82062 5.31979 -1.86362 -0.59219 3.81507 -0.50501 -1.72693 3.87595 0.11079 0.3436 2.99861 0.75975 1.03128 0.37377 1.26662 -0.26736 0.42127 0.39532 -1.35599 0.42491 -0.98221 -1.14665 0.38127 -1.48935 0.15115 0.33757 -0.61878 1.24033 0.33388 1.43502 1.87566 0.3747 2.33492 -0.42918 0.45943 0.78866 -2.36249 0.46304 -1.65766 -1.99114 0.38512 -2.55795 0.31375 0.30772 -1.01176 2.24711 0.30437,C O H H H H C C C C C C H H H H H H,-3.76,55_BenzeneMeOHOHpi
CO,c1ccccc1,0,0,6,12,15461,S66x8,3057486,25,66870561,avdz,-1.41697,-0.6396,-0.8059,-0.30365,-0.7135100000000001,-0.21523,-0.2265,-2.86247,-2.64935,0.21312,-1.32985,-0.7794,-0.877,-2.98625,-1.3292,-0.7502300000000001,-0.8682700000000001,-2.9477,-0.8006800000000001,-0.8833799999999999,-3.01391,-2.8008,-1.59362,-1.024,0.00703,-1.41943,0.0076700000000000015,-1.60232,0.55107,0.55096,-0.25139,0.03663,-1.8728,0.01908,0.040310000000000006,-0.17673,-3.25615,-2.77195,-2.85608,-2.68522,-0.90365 -0.78184 4.6289 -0.0075 0.27578 4.34584 -0.99937 -0.83857 5.70983 -1.8958 -0.61014 4.20511 -0.53719 -1.74488 4.26599 0.0786 0.32565 3.38865 0.75975 1.03128 0.37377 1.26662 -0.26736 0.42127 0.39532 -1.35599 0.42491 -0.98221 -1.14665 0.38127 -1.48935 0.15115 0.33757 -0.61878 1.24033 0.33388 1.43502 1.87566 0.3747 2.33492 -0.42918 0.45943 0.78866 -2.36249 0.46304 -1.65766 -1.99114 0.38512 -2.55795 0.31375 0.30772 -1.01176 2.24711 0.30437,C O H H H H C C C C C C H H H H H H,-2.786,55_BenzeneMeOHOHpi
CO,c1ccccc1,0,0,6,12,15461,S66x8,3057486,50,66870562,avdz,-1.07069,-0.21055,-0.32741,-0.05893,-0.29609,-0.08148,-0.08528,-1.60865,-1.50719,0.10147,-0.99231,-0.27254,-0.35436,-1.6192,-0.99788,-0.26083,-0.35176,-1.61048,-0.28108,-0.35625,-1.62963,-1.52817,-0.95533,-0.8917200000000001,0.00099,-0.82571,0.00116,-0.96165,0.06237,0.06237,-0.08794,0.00286,-0.76068,0.00216,0.00581,-0.07647999999999999,-1.81355,-1.53365,-1.60754,-1.45858,-0.95685 -0.81152 5.27378 -0.0607 0.2461 4.99073 -1.05258 -0.86825 6.35472 -1.949 -0.63982 4.84999 -0.59039 -1.77456 4.91087 0.0254 0.29597 4.03353 0.75975 1.03128 0.37377 1.26662 -0.26736 0.42127 0.39532 -1.35599 0.42491 -0.98221 -1.14665 0.38127 -1.48935 0.15115 0.33757 -0.61878 1.24033 0.33388 1.43502 1.87566 0.3747 2.33492 -0.42918 0.45943 0.78866 -2.36249 0.46304 -1.65766 -1.99114 0.38512 -2.55795 0.31375 0.30772 -1.01176 2.24711 0.30437,C O H H H H C C C C C C H H H H H H,-1.529,55_BenzeneMeOHOHpi
CO,c1ccccc1,0,0,6,12,15461,S66x8,3057486,100,66870563,avdz,-0.45707,-0.01902,-0.07105,0.02256,-0.06721,-0.01381,-0.01391,-0.54714,-0.51552,0.03161,-0.43154,-0.03752,-0.07699,-0.54605,-0.43413,-0.0338,-0.07647000000000001,-0.5443899999999999,-0.04024,-0.07737000000000001,-0.54915,-0.51754,-0.4124600000000001,-0.41162,2e-05,-0.35395,3e-05,-0.41485,0.00131,0.00131,-0.01849,8e-05,-0.17513,3e-05,0.00011,-0.026560000000000004,-0.63351,-0.5306,-0.5589,-0.5000399999999999,-1.06241 -0.8704 6.55312 -0.16626 0.18722 6.27006 -1.15813 -0.92713 7.63406 -2.05456 -0.6987 6.12933 -0.69595 -1.83344 6.19021 -0.08016 0.23709 5.31287 0.75975 1.03128 0.37377 1.26662 -0.26736 0.42127 0.39532 -1.35599 0.42491 -0.98221 -1.14665 0.38127 -1.48935 0.15115 0.33757 -0.61878 1.24033 0.33388 1.43502 1.87566 0.3747 2.33492 -0.42918 0.45943 0.78866 -2.36249 0.46304 -1.65766 -1.99114 0.38512 -2.55795 0.31375 0.30772 -1.01176 2.24711 0.30437,C O H H H H C C C C C C H H H H H H,-0.521,55_BenzeneMeOHOHpi
CN,c1ccccc1,0,0,7,12,15249,S66x8,3057468,-10,66870412,avdz,4.23079,-3.2680700000000003,-3.3159400000000003,-2.01706,-2.739,-0.8549,-0.88161,-2.35322,-1.38016,0.97306,4.15233,-3.86067,-3.63793,-3.34626,4.15269,-3.71849,-3.58837,-3.15418,-3.96442,-3.67409,-3.4861800000000005,-2.51312,-4.57868,5.76149,0.09518,-4.6498599999999985,0.09639,-4.57529,10.18535,10.13757,-2.01028,1.69705,-8.47034,0.36865,0.58065,-1.35655,-3.58076,-2.26507,-2.55203,-2.03527,-1.07391 -0.604 3.86012 0.30218 -0.19762 3.58268 -1.23179 -0.63255 4.93668 -1.84522 0.03638 3.42 -1.22861 -1.61357 3.4845 0.4368 -0.15358 2.57961 0.44368 0.74753 3.91516 0.69232 1.08829 0.32484 1.31819 -0.15687 0.2869 0.55802 -1.32195 0.3814 -0.82755 -1.24142 0.51169 -1.45341 0.00367 0.54838 -0.69346 1.1684 0.45623 1.28195 1.99195 0.25252 2.39314 -0.21948 0.18841 1.04392 -2.28757 0.35762 -1.4167 -2.14525 0.58534 -2.52823 0.0657 0.64984 -1.17874 2.13441 0.48573,C N H H H H H C C C C C C H H H H H H,-2.376,56_BenzeneMeNH2NHpi
CN,c1ccccc1,0,0,7,12,15249,S66x8,3057468,-5,66870413,avdz,2.29684,-2.62776,-2.69024,-1.61173,-2.2389,-0.70182,-0.72315,-3.02115,-2.25561,0.76554,2.2554,-3.06944,-2.93545,-3.74949,2.25679,-2.96376,-2.89778,-3.60476,-3.14655,-2.96294,-3.85409,-3.08855,-3.33449,3.34634,0.06566,-3.3551900000000003,0.06709,-3.3358,6.56174,6.54097,-1.25171,0.98451,-6.69543,0.24718,0.39968,-0.89259,-3.98241,-2.8936,-3.06065,-2.67493,-1.08772 -0.61678 4.0007 0.28838 -0.21039 3.72326 -1.24559 -0.64532 5.07725 -1.85902 0.0236 3.56058 -1.24241 -1.62634 3.62508 0.423 -0.16635 2.72019 0.42988 0.73475 4.05573 0.69232 1.08829 0.32484 1.31819 -0.15687 0.2869 0.55802 -1.32195 0.3814 -0.82755 -1.24142 0.51169 -1.45341 0.00367 0.54838 -0.69346 1.1684 0.45623 1.28195 1.99195 0.25252 2.39314 -0.21948 0.18841 1.04392 -2.28757 0.35762 -1.4167 -2.14525 0.58534 -2.52823 0.0657 0.64984 -1.17874 2.13441 0.48573,C N H H H H H C C C C C C H H H H H H,-2.983,56_BenzeneMeNH2NHpi
CN,c1ccccc1,0,0,7,12,15249,S66x8,3057468,0,66870414,avdz,1.07384,-2.11649,-2.1882,-1.28701,-1.83288,-0.57652,-0.59368,-3.23085,-2.62258,0.60827,1.06039,-2.44741,-2.37533,-3.76235,1.06207,-2.36864,-2.34663,-3.6532,-2.50489,-2.39628,-3.84077,-3.2325,-2.4958400000000003,1.81097,0.04509,-2.48015,0.04653,-2.4990900000000003,4.20881,4.19991,-0.7914899999999999,0.56414,-5.32072,0.1643,0.27497,-0.5908399999999999,-3.98991,-3.0813,-3.22316,-2.932,-1.10145 -0.62949 4.14062 0.27465 -0.22311 3.86318 -1.25933 -0.65804 5.21717 -1.87276 0.01089 3.7005 -1.25615 -1.63906 3.76499 0.40926 -0.17906 2.86011 0.41614 0.72204 4.19565 0.69232 1.08829 0.32484 1.31819 -0.15687 0.2869 0.55802 -1.32195 0.3814 -0.82755 -1.24142 0.51169 -1.45341 0.00367 0.54838 -0.69346 1.1684 0.45623 1.28195 1.99195 0.25252 2.39314 -0.21948 0.18841 1.04392 -2.28757 0.35762 -1.4167 -2.14525 0.58534 -2.52823 0.0657 0.64984 -1.17874 2.13441 0.48573,C N H H H H H C C C C C C H H H H H H,-3.153,56_BenzeneMeNH2NHpi
CN,c1ccccc1,0,0,7,12,15249,S66x8,3057468,5,66870415,avdz,0.27142,-1.6799,-1.7573,-1.00941,-1.48058,-0.46677,-0.48043,-3.16578,-2.68534,0.48044,0.27923000000000003,-1.92454,-1.89762,-3.54293,0.2809,-1.86692,-1.87617,-3.46219,-1.96658,-1.91328,-3.60063,-3.12019,-1.88774,0.79045,0.02993,-1.8452,0.03125,-1.89139,2.59741,2.59391,-0.49537,0.30589,-4.17974,0.10494,0.18371,-0.38555,-3.76011,-3.0073,-3.13853,-2.87836,-1.11618 -0.64312 4.2906 0.25992 -0.23673 4.01317 -1.27406 -0.67166 5.36716 -1.88748 -0.00274 3.85048 -1.27087 -1.65268 3.91498 0.39454 -0.19269 3.0101 0.40141 0.70841 4.34564 0.69232 1.08829 0.32484 1.31819 -0.15687 0.2869 0.55802 -1.32195 0.3814 -0.82755 -1.24142 0.51169 -1.45341 0.00367 0.54838 -0.69346 1.1684 0.45623 1.28195 1.99195 0.25252 2.39314 -0.21948 0.18841 1.04392 -2.28757 0.35762 -1.4167 -2.14525 0.58534 -2.52823 0.0657 0.64984 -1.17874 2.13441 0.48573,C N H H H H H C C C C C C H H H H H H,-3.062,56_BenzeneMeNH2NHpi
CN,c1ccccc1,0,0,7,12,15249,S66x8,3057468,10,66870416,avdz,-0.20098,-1.32918,-1.40914,-0.7867,-1.1931,-0.37631,-0.38718,-2.93931,-2.55709,0.38222,-0.17837999999999998,-1.51108,-1.51416,-3.20362,-0.17690999999999998,-1.469,-1.49823,-3.14414,-1.54179,-1.52578,-3.24595,-2.86374,-1.4691299999999998,0.17446,0.01959,-1.40923,0.02071,-1.47262,1.57849,1.57718,-0.31804,0.16203,-3.28702,0.06581000000000001,0.12138,-0.25667,-3.40665,-2.78859,-2.9016900000000003,-2.67605,-1.13118 -0.657 4.44341 0.24492 -0.25062 4.16598 -1.28906 -0.68555 5.51997 -1.90249 -0.01662 4.00329 -1.28587 -1.66657 4.06779 0.37953 -0.20658 3.1629 0.38641 0.69453 4.49845 0.69232 1.08829 0.32484 1.31819 -0.15687 0.2869 0.55802 -1.32195 0.3814 -0.82755 -1.24142 0.51169 -1.45341 0.00367 0.54838 -0.69346 1.1684 0.45623 1.28195 1.99195 0.25252 2.39314 -0.21948 0.18841 1.04392 -2.28757 0.35762 -1.4167 -2.14525 0.58534 -2.52823 0.0657 0.64984 -1.17874 2.13441 0.48573,C N H H H H H C C C C C C H H H H H H,-2.823,56_BenzeneMeNH2NHpi
CN,c1ccccc1,0,0,7,12,15249,S66x8,3057468,25,66870417,avdz,-0.6300100000000001,-0.67513,-0.7508600000000001,-0.37549,-0.64189,-0.20026,-0.20588,-2.056,-1.84765,0.20834,-0.5855,-0.7587,-0.79735,-2.14154,-0.58601,-0.74117,-0.79082,-2.11801,-0.77149,-0.80211,-2.15909,-1.95075,-0.8342700000000001,-0.4501,0.00546,-0.7591600000000001,0.00602,-0.83849,0.35714,0.35708,-0.11174,0.025480000000000003,-1.68183,0.01598,0.034789999999999995,-0.10469,-2.30337,-1.93065,-2.01678,-1.84048,-1.17523 -0.69776 4.89206 0.20087 -0.29138 4.61463 -1.33311 -0.72631 5.96862 -1.94653 -0.05738 4.45194 -1.32992 -1.70733 4.51644 0.33549 -0.24734 3.61156 0.34236 0.65377 4.9471 0.69232 1.08829 0.32484 1.31819 -0.15687 0.2869 0.55802 -1.32195 0.3814 -0.82755 -1.24142 0.51169 -1.45341 0.00367 0.54838 -0.69346 1.1684 0.45623 1.28195 1.99195 0.25252 2.39314 -0.21948 0.18841 1.04392 -2.28757 0.35762 -1.4167 -2.14525 0.58534 -2.52823 0.0657 0.64984 -1.17874 2.13441 0.48573,C N H H H H H C C C C C C H H H H H H,-1.939,56_BenzeneMeNH2NHpi
CN,c1ccccc1,0,0,7,12,15249,S66x8,3057468,50,66870418,avdz,-0.49193,-0.23546,-0.28877,-0.11138,-0.24857,-0.07392,-0.07581,-1.01616,-0.9258,0.09036,-0.45564,-0.26626,-0.30331,-1.02521,-0.45893,-0.26065,-0.30174,-1.02132,-0.27036,-0.30445,-1.03045,-0.94009,-0.44946,-0.41494,0.00063,-0.39186,0.00075,-0.45343,0.033260000000000005,0.033260000000000005,-0.0358,0.00202,-0.63139,0.00145,0.00403,-0.04748,-1.12734,-0.9219,-0.99472,-0.84591,-1.24743 -0.76458 5.62744 0.12867 -0.3582 5.35 -1.40531 -0.79313 6.70399 -2.01873 -0.1242 5.18732 -1.40212 -1.77415 5.25182 0.26329 -0.31416 4.34693 0.27016 0.58695 5.68247 0.69232 1.08829 0.32484 1.31819 -0.15687 0.2869 0.55802 -1.32195 0.3814 -0.82755 -1.24142 0.51169 -1.45341 0.00367 0.54838 -0.69346 1.1684 0.45623 1.28195 1.99195 0.25252 2.39314 -0.21948 0.18841 1.04392 -2.28757 0.35762 -1.4167 -2.14525 0.58534 -2.52823 0.0657 0.64984 -1.17874 2.13441 0.48573,C N H H H H H C C C C C C H H H H H H,-0.941,56_BenzeneMeNH2NHpi
CN,c1ccccc1,0,0,7,12,15249,S66x8,3057468,100,66870419,avdz,-0.18874,-0.03671,-0.05784,-0.00785,-0.05038,-0.01311,-0.01322,-0.28329,-0.26009,0.0232,-0.17912999999999998,-0.04393,-0.06018,-0.28324,-0.18006,-0.04241,-0.059920000000000015,-0.28239000000000003,-0.04504,-0.060370000000000014,-0.28454,-0.26134,-0.17254,-0.17225,1e-05,-0.14892,1e-05,-0.17340999999999998,0.00056,0.00056,-0.006490000000000001,2e-05,-0.12847,1e-05,5e-05,-0.01646,-0.32419000000000003,-0.27111,-0.28783000000000003,-0.25229,-1.39292 -0.89922 7.10927 -0.01682 -0.49283 6.83183 -1.5508 -0.92776 8.18582 -2.16422 -0.25884 6.66915 -1.54761 -1.90879 6.73365 0.1178 -0.44879 5.82876 0.12467 0.45231 7.16431 0.69232 1.08829 0.32484 1.31819 -0.15687 0.2869 0.55802 -1.32195 0.3814 -0.82755 -1.24142 0.51169 -1.45341 0.00367 0.54838 -0.69346 1.1684 0.45623 1.28195 1.99195 0.25252 2.39314 -0.21948 0.18841 1.04392 -2.28757 0.35762 -1.4167 -2.14525 0.58534 -2.52823 0.0657 0.64984 -1.17874 2.13441 0.48573,C N H H H H H C C C C C C H H H H H H,-0.264,56_BenzeneMeNH2NHpi
CNC(=O)C,c1ccccc1,0,0,12,12,15115,S66x8,3057441,-10,66870196,avdz,5.98669,-4.7469199999999985,-4.89754,-2.82083,-3.98298,-1.27429,-1.31085,-3.65777,-2.09141,1.56636,5.87335,-5.6394,-5.3399199999999984,-5.10597,5.86943,-5.42123,-5.27299,-4.82479,-5.7986,-5.38877,-5.314019999999998,-3.74766,-7.58458,9.06105,0.1446,-7.62242,0.14712,-7.58426,16.335910000000002,16.21806,-3.95025,3.02629,-12.5845,0.56492,0.88856,-2.28884,-5.59218,-3.66515,-4.90186,-3.15698,-0.20655 -1.80324 3.58022 -0.16976 -0.37636 3.36213 0.20264 0.48936 4.34138 0.48727 0.13699 5.47991 0.23948 1.94252 3.92567 -0.12846 -1.97015 4.65022 -1.14179 -2.22159 3.21348 0.62258 -2.30711 3.08288 -0.33089 -0.01837 2.43607 -0.11866 2.10825 2.91237 1.26407 2.29923 4.00711 -0.36461 2.51616 4.62402 0.40878 1.05103 0.37554 1.01917 -0.19977 0.28905 0.24172 -1.35688 0.29669 -1.14618 -1.26426 0.3939 -1.75728 -0.01396 0.48295 -0.97969 1.14421 0.47228 1.01194 1.94855 0.36808 2.09557 -0.27183 0.21719 0.71522 -2.32659 0.22807 -1.74918 -2.16193 0.39941 -2.83351 0.05824 0.55904 -1.45405 2.114 0.53714,C N C O C H H H H H H H C C C C C C H H H H H H,-3.62,57_BenzenePeptideNHpi
CNC(=O)C,c1ccccc1,0,0,12,12,15115,S66x8,3057441,-5,66870197,avdz,2.62625,-3.71971,-3.89329,-2.1802900000000003,-3.19791,-1.03196,-1.06111,-4.9867599999999985,-3.78391,1.20286,2.57543,-4.36683,-4.21729,-6.0086900000000005,2.57331,-4.20927,-4.16879,-5.80474,-4.48182,-4.252680000000002,-6.15907,-4.95621,-5.54735,4.76586,0.09611,-5.47579,0.09859,-5.55698,10.10561,10.05847,-2.47155,1.6899400000000002,-9.69127,0.36378,0.58402,-1.48965,-6.4661,-4.81618,-5.87058,-4.5500099999999986,-0.20358 -1.79635 3.74043 -0.16679 -0.36947 3.52235 0.20561 0.49625 4.50159 0.49024 0.14389 5.64013 0.24246 1.94941 4.08588 -0.12549 -1.96325 4.81043 -1.13882 -2.2147 3.3737 0.62555 -2.30022 3.2431 -0.32791 -0.01148 2.59628 -0.11569 2.11514 3.07259 1.26704 2.30612 4.16732 -0.36164 2.52305 4.78423 0.40878 1.05103 0.37554 1.01917 -0.19977 0.28905 0.24172 -1.35688 0.29669 -1.14618 -1.26426 0.3939 -1.75728 -0.01396 0.48295 -0.97969 1.14421 0.47228 1.01194 1.94855 0.36808 2.09557 -0.27183 0.21719 0.71522 -2.32659 0.22807 -1.74918 -2.16193 0.39941 -2.83351 0.05824 0.55904 -1.45405 2.114 0.53714,C N C O C H H H H H H H C C C C C C H H H H H H,-4.8660000000000005,57_BenzenePeptideNHpi
CNC(=O)C,c1ccccc1,0,0,12,12,15115,S66x8,3057441,0,66870198,avdz,0.65498,-2.92956,-3.11465,-1.6877799999999998,-2.58051,-0.8384299999999999,-0.86185,-5.38922,-4.45173,0.9375,0.64885,-3.4046,-3.35393,-6.10968,0.64722,-3.28957,-3.31852,-5.96088,-3.48855,-3.37977,-6.21946,-5.2819699999999985,-4.2286,2.18895,0.06387999999999999,-4.0907,0.06611,-4.24233,6.26516,6.24643,-1.6045,0.9437,-7.54651,0.23328,0.38536,-0.97996,-6.54579,-5.18332,-5.5342,-4.97649,-0.20068 -1.78962 3.89683 -0.16389 -0.36274 3.67874 0.20851 0.50298 4.65798 0.49314 0.15062 5.79652 0.24536 1.95614 4.24227 -0.12259 -1.95653 4.96682 -1.13592 -2.20797 3.53009 0.62845 -2.29349 3.39949 -0.32501 -0.00475 2.75267 -0.11279 2.12187 3.22898 1.26994 2.31285 4.32371 -0.35874 2.52978 4.94063 0.40878 1.05103 0.37554 1.01917 -0.19977 0.28905 0.24172 -1.35688 0.29669 -1.14618 -1.26426 0.3939 -1.75728 -0.01396 0.48295 -0.97969 1.14421 0.47228 1.01194 1.94855 0.36808 2.09557 -0.27183 0.21719 0.71522 -2.32659 0.22807 -1.74918 -2.16193 0.39941 -2.83351 0.05824 0.55904 -1.45405 2.114 0.53714,C N C O C H H H H H H H C C C C C C H H H H H H,-5.22,57_BenzenePeptideNHpi
CNC(=O)C,c1ccccc1,0,0,12,12,15115,S66x8,3057441,5,66870199,avdz,-0.47711,-2.31571,-2.505,-1.30617,-2.09093,-0.6824600000000001,-0.70136,-5.29782,-4.55667,0.74115,-0.45236,-2.66955,-2.68326,-5.80517,-0.45387,-2.58465,-2.65726,-5.69577,-2.7315,-2.70224,-5.8861,-5.14495,-3.34749,0.65483,0.04238,-3.17175,0.04429,-3.36167,3.88569,3.87835,-1.08138,0.52618,-5.9337300000000015,0.14889000000000002,0.25501,-0.6601,-6.2211,-5.06819,-5.35059,-4.90231,-0.19783 -1.78301 4.05043 -0.16104 -0.35613 3.83234 0.21136 0.50958 4.81158 0.49599 0.15722 5.95012 0.2482 1.96275 4.39588 -0.11974 -1.94992 5.12043 -1.13307 -2.20136 3.68369 0.6313 -2.28688 3.55309 -0.32217 0.00186 2.90628 -0.10994 2.12848 3.38258 1.27279 2.31946 4.47732 -0.35589 2.53638 5.09423 0.40878 1.05103 0.37554 1.01917 -0.19977 0.28905 0.24172 -1.35688 0.29669 -1.14618 -1.26426 0.3939 -1.75728 -0.01396 0.48295 -0.97969 1.14421 0.47228 1.01194 1.94855 0.36808 2.09557 -0.27183 0.21719 0.71522 -2.32659 0.22807 -1.74918 -2.16193 0.39941 -2.83351 0.05824 0.55904 -1.45405 2.114 0.53714,C N C O C H H H H H H H C C C C C C H H H H H H,-5.105,57_BenzenePeptideNHpi
CNC(=O)C,c1ccccc1,0,0,12,12,15115,S66x8,3057441,10,66870200,avdz,-1.09888,-1.83694,-2.02555,-1.01,-1.7016099999999998,-0.5564899999999999,-0.57175,-4.96137,-4.36698,0.5944,-1.05276,-2.10522,-2.15972,-5.3177,-1.0541,-2.04176,-2.14053,-5.23639,-2.15153,-2.17372,-5.37801,-4.78362,-2.74064,-0.23854,0.02809,-2.54593,0.02965,-2.75361,2.41237,2.40954,-0.75774,0.29372,-4.71018,0.09471,0.16918,-0.46046,-5.71202,-4.706919999999998,-4.8731300000000015,-4.56683,-0.19503 -1.77651 4.20148 -0.15824 -0.34963 3.9834 0.21416 0.51608 4.96264 0.49879 0.16372 6.10118 0.251 1.96925 4.54693 -0.11694 -1.94342 5.27148 -1.13027 -2.19486 3.83475 0.6341 -2.28039 3.70415 -0.31936 0.00836 3.05733 -0.10714 2.13498 3.53364 1.27559 2.32596 4.62837 -0.35309 2.54288 5.24528 0.40878 1.05103 0.37554 1.01917 -0.19977 0.28905 0.24172 -1.35688 0.29669 -1.14618 -1.26426 0.3939 -1.75728 -0.01396 0.48295 -0.97969 1.14421 0.47228 1.01194 1.94855 0.36808 2.09557 -0.27183 0.21719 0.71522 -2.32659 0.22807 -1.74918 -2.16193 0.39941 -2.83351 0.05824 0.55904 -1.45405 2.114 0.53714,C N C O C H H H H H H H C C C C C C H H H H H H,-4.759,57_BenzenePeptideNHpi
CNC(=O)C,c1ccccc1,0,0,12,12,15115,S66x8,3057441,25,66870201,avdz,-1.57051,-0.93297,-1.10333,-0.4602600000000001,-0.94028,-0.30451,-0.3124,-3.60681,-3.27556,0.33125,-1.48999,-1.065,-1.16481,-3.7198,-1.49178,-1.03596,-1.15687,-3.68461,-1.08619,-1.1706,-3.74678,-3.41554,-1.7405,-1.12317,0.0081,-1.5462,0.00883,-1.75002,0.58299,0.58285,-0.32195,0.05359,-2.48003,0.024030000000000003,0.04927,-0.20045,-4.04256,-3.40375,-3.49798,-3.30556,-0.18683 -1.75749 4.64365 -0.15004 -0.33061 4.42556 0.22236 0.5351 5.4048 0.50699 0.18274 6.54334 0.2592 1.98827 4.98909 -0.10874 -1.9244 5.71364 -1.12207 -2.17584 4.27691 0.6423 -2.26136 4.14631 -0.31117 0.02738 3.49949 -0.09894 2.154 3.9758 1.28379 2.34498 5.07053 -0.34489 2.5619 5.68744 0.40878 1.05103 0.37554 1.01917 -0.19977 0.28905 0.24172 -1.35688 0.29669 -1.14618 -1.26426 0.3939 -1.75728 -0.01396 0.48295 -0.97969 1.14421 0.47228 1.01194 1.94855 0.36808 2.09557 -0.27183 0.21719 0.71522 -2.32659 0.22807 -1.74918 -2.16193 0.39941 -2.83351 0.05824 0.55904 -1.45405 2.114 0.53714,C N C O C H H H H H H H C C C C C C H H H H H H,-3.419,57_BenzenePeptideNHpi
CNC(=O)C,c1ccccc1,0,0,12,12,15115,S66x8,3057441,50,66870202,avdz,-1.18186,-0.31867,-0.44134,-0.11026,-0.38202,-0.11694,-0.11916,-1.94188,-1.79109,0.15079,-1.10664,-0.37552,-0.46306,-1.94522,-1.11187,-0.36439,-0.46112,-1.93738,-0.38364,-0.46448,-1.95476,-1.80397,-1.03674,-0.97433,0.00101,-0.89436,0.00116,-1.04354,0.06266000000000001,0.06266000000000001,-0.11916,0.00483,-0.98747,0.00244,0.00606,-0.09024,-2.16442,-1.79804,-1.88281,-1.7102099999999998,-0.1736 -1.72681 5.35692 -0.13681 -0.29993 5.13883 0.23559 0.56579 6.11808 0.52021 0.21343 7.25661 0.27243 2.01895 5.70237 -0.09552 -1.89371 6.42692 -1.10884 -2.14516 4.99018 0.65552 -2.23068 4.85958 -0.29794 0.05806 4.21277 -0.08571 2.18468 4.68907 1.29701 2.37566 5.78381 -0.33167 2.59259 6.40072 0.40878 1.05103 0.37554 1.01917 -0.19977 0.28905 0.24172 -1.35688 0.29669 -1.14618 -1.26426 0.3939 -1.75728 -0.01396 0.48295 -0.97969 1.14421 0.47228 1.01194 1.94855 0.36808 2.09557 -0.27183 0.21719 0.71522 -2.32659 0.22807 -1.74918 -2.16193 0.39941 -2.83351 0.05824 0.55904 -1.45405 2.114 0.53714,C N C O C H H H H H H H C C C C C C H H H H H H,-1.818,57_BenzenePeptideNHpi
CNC(=O)C,c1ccccc1,0,0,12,12,15115,S66x8,3057441,100,66870203,avdz,-0.52472,-0.03967,-0.09707,0.016730000000000002,-0.08744,-0.0222,-0.02176,-0.66146,-0.61763,0.04383,-0.49823,-0.0585,-0.1022,-0.65894,-0.5009399999999999,-0.05464,-0.10188,-0.65745,-0.06132000000000001,-0.10244,-0.66199,-0.61816,-0.46908,-0.4683,2e-05,-0.40121,3e-05,-0.47145,0.00155,0.00155,-0.02835,0.00012,-0.2327,3e-05,9e-05,-0.02888,-0.75959,-0.63027,-0.6783399999999999,-0.58003,-0.14797 -1.66734 6.73914 -0.11118 -0.24046 6.52105 0.26122 0.62525 7.50029 0.54585 0.27289 8.63883 0.29806 2.07842 7.08458 -0.06988 -1.83425 7.80913 -1.08321 -2.08569 6.3724 0.68116 -2.17121 6.2418 -0.27231 0.11753 5.59498 -0.06008 2.24415 6.07129 1.32265 2.43513 7.16602 -0.30603 2.65205 7.78293 0.40878 1.05103 0.37554 1.01917 -0.19977 0.28905 0.24172 -1.35688 0.29669 -1.14618 -1.26426 0.3939 -1.75728 -0.01396 0.48295 -0.97969 1.14421 0.47228 1.01194 1.94855 0.36808 2.09557 -0.27183 0.21719 0.71522 -2.32659 0.22807 -1.74918 -2.16193 0.39941 -2.83351 0.05824 0.55904 -1.45405 2.114 0.53714,C N C O C H H H H H H H C C C C C C H H H H H H,-0.626,57_BenzenePeptideNHpi
c1cccnc1,c1cccnc1,0,0,11,11,11249,S66x8,3057154,-10,66867900,avdz,2.22613,-1.7455900000000002,-2.5118400000000003,-0.64395,-2.40576,-0.71446,-0.75985,-2.0313,-1.53805,0.49326,2.15615,-2.5038,-2.76924,-3.1169,2.16602,-2.30179,-2.7238,-2.85957,-2.65121,-2.8024,-3.29747,-2.80421,-9.78363,5.88162,0.12527,-10.24635,0.145,-9.84358,15.16303,15.0551,-3.09754,1.87167,-7.505910000000001,0.39273,0.60472,-2.08601,-4.50089,-3.27461,-3.44566,-3.10823,-2.07652 -1.33302 0.03929 -3.31631 -0.70334 0.0176 -3.3489 0.68702 -0.00709 -2.1431 1.38263 -0.00889 -0.94121 0.79004 0.01172 -0.92276 -0.55238 0.03538 -1.99653 -2.41059 0.05888 -4.23157 -1.27908 0.01979 -4.28544 1.2261 -0.02466 -2.1381 2.46565 -0.02778 0.05724 -1.01559 0.05135 4.6124 -0.85697 0.02104 4.58008 0.53333 -0.00671 3.3404 1.16362 -0.00919 2.18649 0.38361 0.01601 2.20469 -0.95875 0.04296 3.40647 -1.55193 0.04504 5.54884 -1.39651 0.02413 5.49546 1.10858 -0.02589 3.26063 2.24118 -0.03027 1.20658 0.84727 0.01434 3.40124 -2.63489 0.06693,C C C C N C H H H H H C C C C N C H H H H H,-2.89,58_PyridinePyridineCHN
c1cccnc1,c1cccnc1,0,0,11,11,11249,S66x8,3057154,-5,66867901,avdz,0.2065,-1.45277,-2.02553,-0.58787,-1.94796,-0.59313,-0.63145,-3.27179,-2.92246,0.34933000000000003,0.18145,-2.00383,-2.21466,-4.03704,0.1887,-1.85682,-2.18122,-3.84934,-2.11112,-2.23906,-4.16873,-3.81939,-7.16327,2.61356,0.0841,-7.4358,0.09975,-7.21277,9.49914,9.45685,-1.97853,1.04227,-5.80282,0.25859,0.40926,-1.30166,-5.0865,-4.18104,-4.30577,-4.04409,-2.07652 -1.33302 0.03929 -3.31631 -0.70334 0.0176 -3.3489 0.68702 -0.00709 -2.1431 1.38263 -0.00889 -0.94121 0.79004 0.01172 -0.92276 -0.55238 0.03538 -1.99653 -2.41059 0.05888 -4.23157 -1.27908 0.01979 -4.28544 1.2261 -0.02466 -2.1381 2.46565 -0.02778 0.05724 -1.01559 0.05135 4.75006 -0.85332 0.02085 4.71774 0.53699 -0.00689 3.47806 1.16727 -0.00937 2.32415 0.38727 0.01582 2.34234 -0.9551 0.04277 3.54412 -1.54827 0.04485 5.6865 -1.39285 0.02395 5.63311 1.11224 -0.02608 3.39829 2.24483 -0.03046 1.34423 0.85093 0.01416 3.5389 -2.63124 0.06674,C C C C N C H H H H H C C C C N C H H H H H,-3.887,58_PyridinePyridineCHN
c1cccnc1,c1cccnc1,0,0,11,11,11249,S66x8,3057154,0,66867902,avdz,-1.18609,-1.12531,-1.50692,-0.5031399999999999,-1.45331,-0.45599,-0.48691,-3.81831,-3.59853,0.21979,-1.17638,-1.476,-1.62846,-4.28084,-1.1737799999999998,-1.38124,-1.60669,-4.16171,-1.54515,-1.64435,-4.3658800000000015,-4.14609,-4.80911,0.20768000000000006,0.04752,-4.90156,0.058420000000000014,-4.84358,4.92363,4.91245,-1.10374,0.44903,-4.09583,0.14105,0.23336,-0.71764,-5.013719999999998,-4.36932,-4.4764,-4.19595,-2.07652 -1.33302 0.03929 -3.31631 -0.70334 0.0176 -3.3489 0.68702 -0.00709 -2.1431 1.38263 -0.00889 -0.94121 0.79004 0.01172 -0.92276 -0.55238 0.03538 -1.99653 -2.41059 0.05888 -4.23157 -1.27908 0.01979 -4.28544 1.2261 -0.02466 -2.1381 2.46565 -0.02778 0.05724 -1.01559 0.05135 4.9437 -0.84817 0.02059 4.91138 0.54213 -0.00715 3.6717 1.17242 -0.00963 2.51779 0.39241 0.01556 2.53598 -0.94996 0.04251 3.73776 -1.54313 0.04459 5.88014 -1.38771 0.02369 5.82676 1.11738 -0.02634 3.59193 2.24998 -0.03072 1.53788 0.85607 0.0139 3.73254 -2.62609 0.06648,C C C C N C H H H H H C C C C N C H H H H H,-4.194,58_PyridinePyridineCHN
c1cccnc1,c1cccnc1,0,0,11,11,11249,S66x8,3057154,5,66867903,avdz,-1.6467,-0.8877200000000001,-1.1529200000000002,-0.42343,-1.11166,-0.35662,-0.38242,-3.68735,-3.53841,0.14894000000000002,-1.62522,-1.11888,-1.23307,-3.97716,-1.62593,-1.055,-1.21833,-3.89926,-1.16549,-1.24383,-4.03453,-3.8856,-3.45915,-0.77259,0.02768,-3.45211,0.03524,-3.48329,2.68096,2.67775,-0.67527,0.20099,-3.00552,0.07904,0.1365,-0.45155,-4.51815,-4.01815,-4.13189,-3.85595,-2.07652 -1.33302 0.03929 -3.31631 -0.70334 0.0176 -3.3489 0.68702 -0.00709 -2.1431 1.38263 -0.00889 -0.94121 0.79004 0.01172 -0.92276 -0.55238 0.03538 -1.99653 -2.41059 0.05888 -4.23157 -1.27908 0.01979 -4.28544 1.2261 -0.02466 -2.1381 2.46565 -0.02778 0.05724 -1.01559 0.05135 5.12396 -0.84339 0.02035 5.09164 0.54692 -0.0074 3.85196 1.1772 -0.00987 2.69805 0.39719 0.01532 2.71625 -0.94517 0.04227 3.91802 -1.53834 0.04435 6.0604 -1.38292 0.02344 6.00702 1.12217 -0.02658 3.77219 2.25476 -0.03096 1.71814 0.86086 0.01366 3.9128 -2.62131 0.06624,C C C C N C H H H H H C C C C N C H H H H H,-3.921,58_PyridinePyridineCHN
c1cccnc1,c1cccnc1,0,0,11,11,11249,S66x8,3057154,10,66867904,avdz,-1.7175,-0.7088,-0.90097,-0.35157,-0.86693,-0.28242,-0.30435,-3.3272699999999995,-3.21841,0.10885999999999997,-1.69304,-0.86651,-0.95518,-3.51472,-1.6958,-0.8216600000000001,-0.94481,-3.46228,-0.8992399999999999,-0.96274,-3.55501,-3.44616,-2.61931,-1.13445,0.01651,-2.55906,0.021730000000000003,-2.63652,1.51597,1.51499,-0.44555,0.09312,-2.27295,0.04522,0.08125,-0.3124,-3.93187,-3.56313,-3.62404,-3.46135,-2.07652 -1.33302 0.03929 -3.31631 -0.70334 0.0176 -3.3489 0.68702 -0.00709 -2.1431 1.38263 -0.00889 -0.94121 0.79004 0.01172 -0.92276 -0.55238 0.03538 -1.99653 -2.41059 0.05888 -4.23157 -1.27908 0.01979 -4.28544 1.2261 -0.02466 -2.1381 2.46565 -0.02778 0.05724 -1.01559 0.05135 5.29445 -0.83886 0.02012 5.26214 0.55145 -0.00763 4.02246 1.18173 -0.0101 2.86854 0.40172 0.01509 2.88674 -0.94064 0.04204 4.08852 -1.53382 0.04412 6.23089 -1.37839 0.02322 6.17751 1.1267 -0.02681 3.94268 2.25929 -0.03119 1.88863 0.86538 0.01343 4.08329 -2.61678 0.06601,C C C C N C H H H H H C C C C N C H H H H H,-3.474,58_PyridinePyridineCHN
c1cccnc1,c1cccnc1,0,0,11,11,11249,S66x8,3057154,25,66867905,avdz,-1.31929,-0.37885,-0.46995,-0.19265,-0.44668,-0.14833,-0.16247,-2.1681,-2.1069400000000003,0.06116,-1.2956299999999998,-0.43974,-0.48939,-2.22475,-1.30038,-0.42071,-0.48513,-2.20622,-0.45362,-0.49249,-2.24175,-2.18059,-1.37648,-1.0935,0.00385,-1.27622,0.00557,-1.38451,0.31513,0.31509000000000004,-0.17403,0.01164,-1.11854,0.00918,0.01829,-0.12633,-2.44917,-2.17491,-2.25769,-2.09338,-2.07652 -1.33302 0.03929 -3.31631 -0.70334 0.0176 -3.3489 0.68702 -0.00709 -2.1431 1.38263 -0.00889 -0.94121 0.79004 0.01172 -0.92276 -0.55238 0.03538 -1.99653 -2.41059 0.05888 -4.23157 -1.27908 0.01979 -4.28544 1.2261 -0.02466 -2.1381 2.46565 -0.02778 0.05724 -1.01559 0.05135 5.76841 -0.82627 0.01948 5.7361 0.56403 -0.00826 4.49642 1.19432 -0.01074 3.3425 0.41431 0.01445 3.3607 -0.92805 0.04141 4.56248 -1.52123 0.04349 6.70485 -1.36581 0.02258 6.65147 1.13928 -0.02744 4.41664 2.27188 -0.03183 2.36259 0.87797 0.01279 4.55725 -2.60419 0.06538,C C C C N C H H H H H C C C C N C H H H H H,-2.199,58_PyridinePyridineCHN
c1cccnc1,c1cccnc1,0,0,11,11,11249,S66x8,3057154,50,66867906,avdz,-0.68498,-0.15129,-0.19344,-0.06883,-0.17972,-0.05921000000000001,-0.06639,-1.02971,-0.99273,0.03697,-0.66991,-0.17219,-0.19872,-1.04082,-0.67262,-0.16527,-0.19748,-1.03537,-0.17724,-0.19962,-1.04677,-1.0098,-0.63092,-0.60874,0.00041,-0.55701,0.0006799999999999999,-0.6351100000000001,0.02618,0.02618,-0.05888,0.00066,-0.45087,0.00074,0.00176,-0.03508,-1.1506,-1.00681,-1.0522200000000002,-0.95948,-2.07652 -1.33302 0.03929 -3.31631 -0.70334 0.0176 -3.3489 0.68702 -0.00709 -2.1431 1.38263 -0.00889 -0.94121 0.79004 0.01172 -0.92276 -0.55238 0.03538 -1.99653 -2.41059 0.05888 -4.23157 -1.27908 0.01979 -4.28544 1.2261 -0.02466 -2.1381 2.46565 -0.02778 0.05724 -1.01559 0.05135 6.48935 -0.80713 0.01852 6.45703 0.58318 -0.00923 5.21735 1.21346 -0.01171 4.06343 0.43345 0.01349 4.08163 -0.90891 0.04044 5.28341 -1.50209 0.04252 7.42578 -1.34666 0.02161 7.3724 1.15843 -0.02841 5.13757 2.29102 -0.0328 3.08352 0.89712 0.01182 5.27819 -2.58505 0.06441,C C C C N C H H H H H C C C C N C H H H H H,-1.025,58_PyridinePyridineCHN
c1cccnc1,c1cccnc1,0,0,11,11,11249,S66x8,3057154,100,66867907,avdz,-0.20167,-0.034230000000000003,-0.05075,-0.00931,-0.04654,-0.01496,-0.017159999999999998,-0.28665,-0.27249,0.01416,-0.19547,-0.04012,-0.05148,-0.28707,-0.1963,-0.03817,-0.05127,-0.28574,-0.04154,-0.05164,-0.28865,-0.27449,-0.18229,-0.18218,1e-05,-0.1503,1e-05,-0.1835,0.00014,0.00014,-0.01344,0.0,-0.12239,1e-05,2e-05,-0.007859999999999999,-0.32701,-0.27848,-0.29475,-0.25996,-2.07652 -1.33302 0.03929 -3.31631 -0.70334 0.0176 -3.3489 0.68702 -0.00709 -2.1431 1.38263 -0.00889 -0.94121 0.79004 0.01172 -0.92276 -0.55238 0.03538 -1.99653 -2.41059 0.05888 -4.23157 -1.27908 0.01979 -4.28544 1.2261 -0.02466 -2.1381 2.46565 -0.02778 0.05724 -1.01559 0.05135 7.82097 -0.77176 0.01673 7.78865 0.61854 -0.01102 6.54897 1.24883 -0.0135 5.39506 0.46882 0.0117 5.41326 -0.87355 0.03865 6.61503 -1.46672 0.04073 8.75741 -1.3113 0.01982 8.70403 1.19379 -0.0302 6.4692 2.32639 -0.03458 4.41515 0.93248 0.01003 6.60981 -2.54968 0.06262,C C C C N C H H H H H C C C C N C H H H H H,-0.281,58_PyridinePyridineCHN
C#C,O,0,0,4,3,12703,S66x8,3057623,-10,66871652,avqz,-1.51223,-0.21889,-0.76727,0.10805,-0.91438,-0.21043,-0.19841,-2.49839,-2.52898,-0.0306,-1.51223,-0.21889,-0.76727,-2.49839,-1.48997,-0.12824000000000002,-0.7467699999999999,-2.36498,-0.28504,-0.78223,-2.5794900000000003,-2.61009,-6.07569,0.33436,0.04518,-5.66427,0.05074,-6.10601,6.22317,6.17879,-1.14742,0.48519,-2.17411,0.09857,0.15295999999999998,-1.06064,-3.5283,-2.68689,-2.8084,-2.56124,-1.00687 -0.03057 -0.02477 -2.21874 0.00317 0.0026 0.059 -0.06094 -0.04937 -3.27928 0.03352 0.0272 2.06572 -0.13796 -0.10953 2.63607 -0.72773 0.3875 2.63771 0.21303 -0.7949,C C H H O H H,-2.573,59_EthyneWaterCHO
C#C,O,0,0,4,3,12703,S66x8,3057623,-5,66871653,avqz,-2.01439,-0.14567,-0.6116199999999999,0.11386,-0.7407100000000001,-0.16910999999999998,-0.15875,-2.77168,-2.81035,-0.03867,-2.01439,-0.14567,-0.6116199999999999,-2.77168,-1.99796,-0.0755,-0.59553,-2.66899,-0.19687,-0.62337,-2.83462,-2.8733,-4.95444,-0.72619,0.0316,-4.55836,0.03603,-4.97487,4.09611,4.07605,-0.8041,0.27843,-1.7043400000000002,0.06572,0.10783,-0.70158,-3.6368,-2.92977,-3.02807,-2.82778,-1.00687 -0.03057 -0.02477 -2.21874 0.00317 0.0026 0.059 -0.06094 -0.04937 -3.27928 0.03352 0.0272 2.17719 -0.14224 -0.11287 2.74755 -0.73201 0.38416 2.74919 0.20875 -0.79824,C C H H O H H,-2.844,59_EthyneWaterCHO
C#C,O,0,0,4,3,12703,S66x8,3057623,0,66871654,avqz,-2.2400900000000004,-0.08967,-0.4885100000000001,0.11780999999999997,-0.60123,-0.13535999999999998,-0.12637,-2.81827,-2.85886,-0.04059,-2.2400900000000004,-0.08967,-0.4885100000000001,-2.81827,-2.2295,-0.03499,-0.47588,-2.74037,-0.12957,-0.49773,-2.86738,-2.90798,-4.10964,-1.32502,0.02199,-3.73302,0.025480000000000003,-4.12321,2.6974400000000003,2.6884,-0.58465,0.16167,-1.34454,0.04356,0.07526000000000001,-0.48122,-3.55568,-2.95383,-3.03209,-2.8727400000000003,-1.00687 -0.03057 -0.02477 -2.21874 0.00317 0.0026 0.059 -0.06094 -0.04937 -3.27928 0.03352 0.0272 2.28857 -0.14652 -0.11621 2.85893 -0.73629 0.38082 2.86057 0.20447 -0.80158,C C H H O H H,-2.883,59_EthyneWaterCHO
C#C,O,0,0,4,3,12703,S66x8,3057623,5,66871655,avqz,-2.29331,-0.04699,-0.39081,0.12018,-0.4889600000000001,-0.10784,-0.09998,-2.7311,-2.76992,-0.03882,-2.29331,-0.04699,-0.39081,-2.7311,-2.28751,-0.0040100000000000005,-0.38089,-2.67241,-0.07835,-0.39804,-2.76969,-2.80852,-3.46087,-1.63129,0.01522,-3.10648,0.01794,-3.47021,1.77839,1.77432,-0.43794,0.0944,-1.06699,0.02874,0.0519,-0.34344,-3.36516,-2.84537,-2.91529,-2.77382,-1.00687 -0.03057 -0.02477 -2.21874 0.00317 0.0026 0.059 -0.06094 -0.04937 -3.27928 0.03352 0.0272 2.40015 -0.1508 -0.11956 2.97051 -0.74057 0.37747 2.97215 0.20019 -0.80493,C C H H O H H,-2.7880000000000003,59_EthyneWaterCHO
C#C,O,0,0,4,3,12703,S66x8,3057623,10,66871656,avqz,-2.24263,-0.01476,-0.31336,0.12116,-0.39881,-0.08555,-0.07864,-2.57075,-2.60582,-0.03507,-2.24263,-0.01476,-0.31336,-2.57075,-2.24036,0.01942,-0.30556,-2.5265,-0.0397,-0.31906,-2.6013900000000003,-2.63646,-2.95533,-1.7543,0.0105,-2.6246,0.01259,-2.96228,1.17682,1.17498,-0.33623000000000003,0.0552,-0.8524700000000001,0.01894,0.03538,-0.25427,-3.11891,-2.66098,-2.72997,-2.59222,-1.00687 -0.03057 -0.02477 -2.21874 0.00317 0.0026 0.059 -0.06094 -0.04937 -3.27928 0.03352 0.0272 2.51163 -0.15508 -0.1229 3.08199 -0.74485 0.37413 3.08363 0.19591 -0.80827,C C H H O H H,-2.6180000000000003,59_EthyneWaterCHO
C#C,O,0,0,4,3,12703,S66x8,3057623,25,66871657,avqz,-1.84358,0.04007,-0.16360999999999998,0.11732,-0.22069,-0.04141,-0.03653,-1.96711,-1.98835,-0.02123,-1.84358,0.04007,-0.16360999999999998,-1.96711,-1.84697,0.05888,-0.15961,-1.9477,0.02635,-0.16652999999999998,-1.98376,-2.0049900000000003,-1.96388,-1.62566,0.00339,-1.7034599999999998,0.00429,-1.96816,0.35024,0.35007,-0.16907,0.01085,-0.45282,0.00543,0.01051,-0.11694,-2.32996,-2.02448,-2.0586900000000004,-1.9901,-1.00687 -0.03057 -0.02477 -2.21874 0.00317 0.0026 0.059 -0.06094 -0.04937 -3.27928 0.03352 0.0272 2.84607 -0.16792 -0.13292 3.41642 -0.75768 0.3641 3.41806 0.18307 -0.8183,C C H H O H H,-1.994,59_EthyneWaterCHO
C#C,O,0,0,4,3,12703,S66x8,3057623,50,66871658,avqz,-1.17203,0.06178,-0.05738,0.0974,-0.08912,-0.01031,-0.007259999999999998,-1.16763,-1.17406,-0.00643,-1.17203,0.06178,-0.05738,-1.16763,-1.17665,0.07107999999999999,-0.05562,-1.16119,0.05499,-0.05866,-1.17571,-1.18213,-1.13756,-1.09695,0.0005099999999999999,-0.96897,0.0007,-1.14025,0.04874,0.04873,-0.06677999999999999,0.00085,-0.18023,0.0006799999999999999,0.00127,-0.03536,-1.37109,-1.1949,-1.21546,-1.17474,-1.00687 -0.03057 -0.02477 -2.21874 0.00317 0.0026 0.059 -0.06094 -0.04937 -3.27928 0.03352 0.0272 3.40346 -0.18931 -0.14964 3.97381 -0.77908 0.34739 3.97545 0.16168 -0.83501,C C H H O H H,-1.177,59_EthyneWaterCHO
C#C,O,0,0,4,3,12703,S66x8,3057623,100,66871659,avqz,-0.4970600000000001,0.04392,-0.00658,0.055,-0.01974,0.00213,0.0036,-0.45972,-0.45967,4e-05,-0.4970600000000001,0.04392,-0.00658,-0.45972,-0.49858,0.0475,-0.0059700000000000005,-0.45705,0.04131,-0.00702,-0.46277,-0.46272,-0.4814600000000001,-0.48093,1e-05,-0.40616,2e-05,-0.48268,0.0005099999999999999,0.0005099999999999999,-0.01551,2e-05,-0.0422,1e-05,2e-05,-0.0084,-0.54823,-0.46264,-0.46875,-0.45685,-1.00687 -0.03057 -0.02477 -2.21874 0.00317 0.0026 0.059 -0.06094 -0.04937 -3.27928 0.03352 0.0272 4.51824 -0.2321 -0.18306 5.0886 -0.82187 0.31397 5.09024 0.11889 -0.86843,C C H H O H H,-0.46,59_EthyneWaterCHO
C#C,CC(=O)O,0,0,4,8,12708,S66x8,3057563,-10,66871172,avtz,-0.95379,-1.18824,-1.98122,-0.31195,-2.0585400000000003,-0.60546,-0.5865600000000001,-4.12325,-3.92974,0.19351,-0.95645,-1.39933,-2.04133,-4.39711,-0.95379,-1.18824,-1.98122,-4.12325,-1.55337,-2.0851900000000003,-4.59501,-4.40149,-11.23851,3.9508,0.10447,-10.38892,0.11334,-11.21537,14.968,14.76539,-4.77741,3.04155,-5.590319999999998,0.26677,0.4392,-3.11038,-5.97796,-4.5995599999999985,-4.9263900000000005,-4.2906900000000014,-0.61056 0.2275 -0.1706 -1.38628 -0.52533 0.37997 0.10739 0.86144 -0.63421 -2.0807 -1.17407 0.85438 4.02738 -1.04168 0.7564 2.65174 -0.56023 0.40625 2.39756 0.39588 -0.29259 1.70384 -1.33457 0.97394 4.76576 -0.40413 0.28555 4.15359 -1.02982 1.83644 4.14965 -2.06952 0.42317 0.84284 -0.96727 0.70617,C C H H C C O O H H H H,-4.295,60_EthyneAcOHOHpi
C#C,CC(=O)O,0,0,4,8,12708,S66x8,3057563,-5,66871173,avtz,-2.11629,-0.9139,-1.60429,-0.20153,-1.6923400000000002,-0.50273,-0.48536,-4.63448,-4.5129,0.12158,-2.11701,-1.07597,-1.65088,-4.84386,-2.11629,-0.9139,-1.60429,-4.63448,-1.19424,-1.68487,-4.99613,-4.8745400000000005,-9.04511,1.42085,0.07611,-8.230410000000001,0.08344,-9.04355,10.35448,10.25036,-3.3198,1.96365,-4.45385,0.18908,0.31191,-2.19961,-6.1976900000000015,-5.01209,-5.2854199999999985,-4.70092,-0.61056 0.2275 -0.1706 -1.38628 -0.52533 0.37997 0.10739 0.86144 -0.63421 -2.0807 -1.17407 0.85438 4.13253 -1.08841 0.79075 2.7569 -0.60696 0.4406 2.50272 0.34914 -0.25824 1.80899 -1.3813 1.00829 4.87092 -0.45086 0.3199 4.25874 -1.07656 1.87079 4.25481 -2.11626 0.45752 0.94799 -1.014 0.74052,C C H H C C O O H H H H,-4.788,60_EthyneAcOHOHpi
C#C,CC(=O)O,0,0,4,8,12708,S66x8,3057563,0,66871174,avtz,-2.72636,-0.69996,-1.30281,-0.11809,-1.39446,-0.41752,-0.40207,-4.72912,-4.65642,0.0727,-2.7264,-0.82442,-1.3389,-4.88972,-2.72636,-0.69996,-1.30281,-4.72912,-0.91524,-1.36524,-5.0068800000000016,-4.9341800000000005,-7.36972,-0.15783,0.05534,-6.603280000000002,0.06132000000000001,-7.38183,7.1627600000000005,7.1094300000000015,-2.33399,1.26112,-3.56819,0.13334,0.22027,-1.55176,-6.05829,-4.98038,-5.29368,-4.6953,-0.61056 0.2275 -0.1706 -1.38628 -0.52533 0.37997 0.10739 0.86144 -0.63421 -2.0807 -1.17407 0.85438 4.23716 -1.13491 0.82493 2.86152 -0.65346 0.47478 2.60734 0.30264 -0.22406 1.91362 -1.4278 1.04247 4.97555 -0.49736 0.35408 4.36337 -1.12306 1.90497 4.35944 -2.16276 0.4917 1.05262 -1.06051 0.7747,C C H H C C O O H H H H,-4.863,60_EthyneAcOHOHpi
C#C,CC(=O)O,0,0,4,8,12708,S66x8,3057563,5,66871175,avtz,-2.98405,-0.5325300000000001,-1.06054,-0.05512,-1.15125,-0.34656,-0.33315,-4.57712,-4.536980000000002,0.04014,-2.98371,-0.6282399999999999,-1.0885200000000002,-4.70046,-2.98405,-0.5325300000000001,-1.06054,-4.57712,-0.69807,-1.10894,-4.7907199999999985,-4.75058,-6.07287,-1.10799,0.04013,-5.36191,0.04495,-6.0914199999999985,4.94926,4.92209,-1.65775,0.8043600000000001,-2.87316,0.09351,0.15491,-1.09402,-5.71432,-4.76957,-4.97693,-4.538880000000002,-0.61056 0.2275 -0.1706 -1.38628 -0.52533 0.37997 0.10739 0.86144 -0.63421 -2.0807 -1.17407 0.85438 4.34159 -1.18133 0.85904 2.96595 -0.69988 0.50889 2.71177 0.25622 -0.18994 2.01805 -1.47422 1.07658 5.07997 -0.54378 0.38819 4.4678 -1.16947 1.93908 4.46386 -2.20917 0.52581 1.15705 -1.10692 0.80881,C C H H C C O O H H H H,-4.692,60_EthyneAcOHOHpi
C#C,CC(=O)O,0,0,4,8,12708,S66x8,3057563,10,66871176,avtz,-3.02125,-0.40184,-0.8658799999999999,-0.008159999999999999,-0.95288,-0.28761,-0.27614,-4.28897,-4.26989,0.01908,-3.02074,-0.47573,-0.88765,-4.3841199999999985,-3.02125,-0.40184,-0.8658799999999999,-4.28897,-0.52966,-0.90354,-4.4539300000000015,-4.43486,-5.05986,-1.64205,0.02906,-4.40706,0.0329,-5.07955,3.41845,3.40466,-1.19034,0.5101,-2.32658,0.06527999999999999,0.10882,-0.7731,-5.26692,-4.42678,-4.62398,-4.21429,-0.61056 0.2275 -0.1706 -1.38628 -0.52533 0.37997 0.10739 0.86144 -0.63421 -2.0807 -1.17407 0.85438 4.44561 -1.22756 0.89302 3.06997 -0.74611 0.54287 2.81579 0.20999 -0.15596 2.12207 -1.52045 1.11056 5.18399 -0.59001 0.42217 4.57182 -1.2157 1.97306 4.56788 -2.2554 0.55979 1.26107 -1.15315 0.84279,C C H H C C O O H H H H,-4.385,60_EthyneAcOHOHpi
C#C,CC(=O)O,0,0,4,8,12708,S66x8,3057563,25,66871177,avtz,-2.55169,-0.1586,-0.47917,0.06846000000000001,-0.5486300000000001,-0.16399,-0.15716,-3.18947,-3.19585,-0.006379999999999999,-2.55223,-0.19435,-0.48999,-3.23657,-2.55169,-0.1586,-0.47917,-3.18947,-0.22043,-0.49789,-3.27054,-3.27692,-3.09401,-1.98261,0.01091,-2.6076900000000003,0.01277,-3.10645,1.1205200000000002,1.11877,-0.47107,0.12689,-1.27621,0.02163,0.03794,-0.28003,-3.82677,-3.3095,-3.42023,-3.1602900000000003,-0.61056 0.2275 -0.1706 -1.38628 -0.52533 0.37997 0.10739 0.86144 -0.63421 -2.0807 -1.17407 0.85438 4.75614 -1.36558 0.99447 3.38051 -0.88413 0.64432 3.12633 0.07197 -0.05452 2.4326 -1.65847 1.212 5.49453 -0.72803 0.52362 4.88235 -1.35373 2.0745 4.87842 -2.39342 0.66123 1.57161 -1.29117 0.94423,C C H H C C O O H H H H,-3.248,60_EthyneAcOHOHpi
C#C,CC(=O)O,0,0,4,8,12708,S66x8,3057563,50,66871178,avtz,-1.54323,-0.00885,-0.18913,0.09023,-0.23146,-0.06448999999999999,-0.06147,-1.74121,-1.74895,-0.00774,-1.5424,-0.0229,-0.19358,-1.75888,-1.54323,-0.00885,-0.18913,-1.74121,-0.03316,-0.19683,-1.7723799999999998,-1.78011,-1.56001,-1.39047,0.00206,-1.27665,0.00255,-1.56483,0.17340999999999998,0.17336,-0.12703,0.01308,-0.5209600000000001,0.00319,0.0067,-0.06969,-2.08613,-1.80347,-1.85246,-1.7465099999999998,-0.61056 0.2275 -0.1706 -1.38628 -0.52533 0.37997 0.10739 0.86144 -0.63421 -2.0807 -1.17407 0.85438 5.27023 -1.59407 1.1624 3.89459 -1.11262 0.81225 3.64041 -0.15651 0.11341 2.94669 -1.88696 1.37994 6.00861 -0.95652 0.69155 5.39644 -1.58221 2.24244 5.3925 -2.62191 0.82917 2.08569 -1.51966 1.11217,C C H H C C O O H H H H,-1.769,60_EthyneAcOHOHpi
C#C,CC(=O)O,0,0,4,8,12708,S66x8,3057563,100,66871179,avtz,-0.54167,0.0257,-0.03745,0.05115,-0.05304,-0.01137,-0.01031,-0.55342,-0.55493,-0.00151,-0.53905,0.0222,-0.03828,-0.55514,-0.54167,0.0257,-0.03745,-0.55342,0.01964,-0.03889,-0.5583,-0.55982,-0.5234300000000001,-0.51922,7e-05,-0.4234100000000001,9e-05,-0.52542,0.00485,0.00485,-0.01794,0.00025,-0.12138,7e-05,0.00019,-0.01214,-0.67152,-0.56901,-0.5837399999999999,-0.55467,-0.61056 0.2275 -0.1706 -1.38628 -0.52533 0.37997 0.10739 0.86144 -0.63421 -2.0807 -1.17407 0.85438 6.29135 -2.04791 1.49597 4.91572 -1.56646 1.14582 4.66154 -0.61036 0.44698 3.96781 -2.3408 1.71351 7.02974 -1.41036 1.02512 6.41756 -2.03606 2.57601 6.41363 -3.07576 1.16274 3.10681 -1.9735 1.44574,C C H H C C O O H H H H,-0.557,60_EthyneAcOHOHpi
CC(=O)O,CCCCC,0,0,8,17,13814,S66x8,3057324,-10,66869260,avdz,3.65227,-2.76632,-2.91549,-1.92783,-2.74396,-0.83031,-0.8914700000000001,-2.02955,-1.84983,0.17972,3.63413,-3.23647,-3.1719,-2.77425,3.64014,-3.12814,-3.13231,-2.62032,-3.3155300000000003,-3.2008,-2.88219,-2.70248,-2.54584,4.55485,0.06679,-2.87893,0.07472000000000001,-2.51817,6.894310000000001,6.8812,-1.15032,0.89948,-7.13916,0.21637,0.37194,-0.7063,-3.13184,-2.48082,-2.66766,-2.26711,0.9881 0.12995 3.97771 -0.45217 -0.27972 3.96051 -0.87479 -1.3949 3.76336 -1.26586 0.77925 4.1931 1.61392 -0.74024 3.81956 1.16413 0.86422 3.19459 1.22541 0.59925 4.92951 -2.16663 0.42486 4.15256 -2.27534 -0.13507 0.83133 -0.9617 0.61928 0.6694 0.2265 -0.31471 0.47999 1.543 0.42117 0.269 2.72758 -0.52686 0.13746 -2.49072 -0.72793 -0.05757 -2.22632 -0.81845 1.67882 -3.11203 0.54494 0.9874 -0.7887 1.25043 1.5447 -1.02618 1.29545 -0.18646 0.30944 -0.97514 1.34804 0.03915 -0.966 -0.37879 1.71164 1.10777 1.10245 1.46609 1.04374 -0.62529 2.58874 -1.20321 -0.70576 3.6615 0.01169 -0.01597 2.83519 -1.13741 1.03408,C C O O H H H H C C C C C H H H H H H H H H H H H,-2.642,61_PentaneAcOH
CC(=O)O,CCCCC,0,0,8,17,13814,S66x8,3057324,-5,66869261,avdz,2.42871,-2.34755,-2.45947,-1.64893,-2.31967,-0.70844,-0.7610100000000001,-2.37832,-2.24833,0.12999000000000002,2.41595,-2.70595,-2.66058,-2.95058,2.41975,-2.6241,-2.6297200000000003,-2.83408,-2.76568,-2.6831,-3.03282,-2.90283,-1.78398,3.0721,0.04797,-2.02506,0.05415,-1.7633,4.72123,4.71487,-0.77056,0.5609,-5.87584,0.15119000000000002,0.2668,-0.5282399999999999,-3.23781,-2.7488,-2.88274,-2.57258,0.96487 0.12392 4.09667 -0.4754 -0.28575 4.07946 -0.89801 -1.40093 3.88231 -1.28909 0.77322 4.31205 1.59069 -0.74626 3.93851 1.1409 0.85819 3.31354 1.20218 0.59322 5.04847 -2.18985 0.41884 4.27151 -2.27534 -0.13507 0.83133 -0.9617 0.61928 0.6694 0.2265 -0.31471 0.47999 1.543 0.42117 0.269 2.72758 -0.52686 0.13746 -2.49072 -0.72793 -0.05757 -2.22632 -0.81845 1.67882 -3.11203 0.54494 0.9874 -0.7887 1.25043 1.5447 -1.02618 1.29545 -0.18646 0.30944 -0.97514 1.34804 0.03915 -0.966 -0.37879 1.71164 1.10777 1.10245 1.46609 1.04374 -0.62529 2.58874 -1.20321 -0.70576 3.6615 0.01169 -0.01597 2.83519 -1.13741 1.03408,C C O O H H H H C C C C C H H H H H H H H H H H H,-2.852,61_PentaneAcOH
CC(=O)O,CCCCC,0,0,8,17,13814,S66x8,3057324,0,66869262,avdz,1.59796,-1.99318,-2.07866,-1.4083,-1.96352,-0.60428,-0.64957,-2.4738900000000004,-2.37814,0.09574,1.58946,-2.2669900000000003,-2.2366900000000003,-2.9142200000000003,1.59181,-2.20502,-2.21255,-2.82575,-2.31222,-2.2543,-2.97706,-2.88132,-1.255,2.06362,0.03437,-1.42844,0.03916,-1.24014,3.2326900000000003,3.22961,-0.5251,0.34939000000000003,-4.85648,0.10507,0.19082,-0.40509,-3.1488400000000003,-2.74101,-2.86761,-2.53547,0.94167 0.1179 4.21548 -0.4986 -0.29176 4.19827 -0.92122 -1.40694 4.00112 -1.31229 0.7672 4.43086 1.56749 -0.75228 4.05732 1.1177 0.85218 3.43235 1.17898 0.5872 5.16728 -2.21306 0.41282 4.39032 -2.27534 -0.13507 0.83133 -0.9617 0.61928 0.6694 0.2265 -0.31471 0.47999 1.543 0.42117 0.269 2.72758 -0.52686 0.13746 -2.49072 -0.72793 -0.05757 -2.22632 -0.81845 1.67882 -3.11203 0.54494 0.9874 -0.7887 1.25043 1.5447 -1.02618 1.29545 -0.18646 0.30944 -0.97514 1.34804 0.03915 -0.966 -0.37879 1.71164 1.10777 1.10245 1.46609 1.04374 -0.62529 2.58874 -1.20321 -0.70576 3.6615 0.01169 -0.01597 2.83519 -1.13741 1.03408,C C O O H H H H C C C C C H H H H H H H H H H H H,-2.839,61_PentaneAcOH
CC(=O)O,CCCCC,0,0,8,17,13814,S66x8,3057324,5,66869263,avdz,1.03526,-1.69297,-1.7595900000000002,-1.20118,-1.6638,-0.51522,-0.55428,-2.4173,-2.34494,0.07236000000000001,1.03041,-1.90268,-1.88398,-2.75626,1.0318200000000002,-1.85562,-1.86502,-2.68883,-1.93702,-1.89782,-2.80444,-2.73207,-0.88641,1.3777,0.02455,-1.0104799999999998,0.02823,-0.8758799999999999,2.2111400000000003,2.20966,-0.36476,0.21733,-4.0293,0.07257000000000001,0.136,-0.31851,-2.95139,-2.64461,-2.78038,-2.49432,0.91843 0.11187 4.33444 -0.52183 -0.29779 4.31724 -0.94445 -1.41297 4.12009 -1.33553 0.76117 4.54983 1.54426 -0.75831 4.17629 1.09447 0.84615 3.55132 1.15574 0.58118 5.28625 -2.23629 0.40679 4.50929 -2.27534 -0.13507 0.83133 -0.9617 0.61928 0.6694 0.2265 -0.31471 0.47999 1.543 0.42117 0.269 2.72758 -0.52686 0.13746 -2.49072 -0.72793 -0.05757 -2.22632 -0.81845 1.67882 -3.11203 0.54494 0.9874 -0.7887 1.25043 1.5447 -1.02618 1.29545 -0.18646 0.30944 -0.97514 1.34804 0.03915 -0.966 -0.37879 1.71164 1.10777 1.10245 1.46609 1.04374 -0.62529 2.58874 -1.20321 -0.70576 3.6615 0.01169 -0.01597 2.83519 -1.13741 1.03408,C C O O H H H H C C C C C H H H H H H H H H H H H,-2.697,61_PentaneAcOH
CC(=O)O,CCCCC,0,0,8,17,13814,S66x8,3057324,10,66869264,avdz,0.65752,-1.43959,-1.49268,-1.02412,-1.41215,-0.43941,-0.47313,-2.27474,-2.21816,0.05658,0.65574,-1.60086,-1.5908799999999998,-2.53601,0.65654,-1.56496,-1.5759,-2.48432,-1.62706,-1.60181,-2.57314,-2.51656,-0.62929,0.91379,0.0175,-0.71768,0.02031,-0.6221800000000001,1.51225,1.51154,-0.25905,0.13517,-3.35752,0.04989,0.09669,-0.25665,-2.7014,-2.4426,-2.54893,-2.31465,0.89523 0.10585 4.45328 -0.54504 -0.30381 4.43608 -0.96765 -1.41899 4.23893 -1.35873 0.75515 4.66867 1.52105 -0.76433 4.29513 1.07126 0.84013 3.67016 1.13254 0.57516 5.40508 -2.25949 0.40077 4.62813 -2.27534 -0.13507 0.83133 -0.9617 0.61928 0.6694 0.2265 -0.31471 0.47999 1.543 0.42117 0.269 2.72758 -0.52686 0.13746 -2.49072 -0.72793 -0.05757 -2.22632 -0.81845 1.67882 -3.11203 0.54494 0.9874 -0.7887 1.25043 1.5447 -1.02618 1.29545 -0.18646 0.30944 -0.97514 1.34804 0.03915 -0.966 -0.37879 1.71164 1.10777 1.10245 1.46609 1.04374 -0.62529 2.58874 -1.20321 -0.70576 3.6615 0.01169 -0.01597 2.83519 -1.13741 1.03408,C C O O H H H H C C C C C H H H H H H H H H H H H,-2.488,61_PentaneAcOH
CC(=O)O,CCCCC,0,0,8,17,13814,S66x8,3057324,25,66869265,avdz,0.13222,-0.8932700000000001,-0.92341,-0.6362899999999999,-0.87279,-0.27371,-0.29546,-1.68445,-1.6505599999999998,0.03389,0.1357,-0.96897,-0.97284,-1.80611,0.13567,-0.95244,-0.96523,-1.7819999999999998,-0.98104,-0.97839,-1.82373,-1.78984,-0.23369,0.25083,0.00626,-0.26534,0.00746,-0.2317,0.48257,0.48249,-0.10641,0.03218,-1.99219,0.015819999999999997,0.03415,-0.14912,-1.9147,-1.75663,-1.84506,-1.6417400000000002,0.82564 0.0878 4.80964 -0.61463 -0.32186 4.79243 -1.03724 -1.43704 4.59529 -1.42832 0.7371 5.02502 1.45146 -0.78238 4.65148 1.00168 0.82208 4.02651 1.06295 0.5571 5.76144 -2.32908 0.38272 4.98449 -2.27534 -0.13507 0.83133 -0.9617 0.61928 0.6694 0.2265 -0.31471 0.47999 1.543 0.42117 0.269 2.72758 -0.52686 0.13746 -2.49072 -0.72793 -0.05757 -2.22632 -0.81845 1.67882 -3.11203 0.54494 0.9874 -0.7887 1.25043 1.5447 -1.02618 1.29545 -0.18646 0.30944 -0.97514 1.34804 0.03915 -0.966 -0.37879 1.71164 1.10777 1.10245 1.46609 1.04374 -0.62529 2.58874 -1.20321 -0.70576 3.6615 0.01169 -0.01597 2.83519 -1.13741 1.03408,C C O O H H H H C C C C C H H H H H H H H H H H H,-1.775,61_PentaneAcOH
CC(=O)O,CCCCC,0,0,8,17,13814,S66x8,3057324,50,66869266,avdz,-0.026560000000000004,-0.36522,-0.37769,-0.25695,-0.35358,-0.11066,-0.11983,-0.76947,-0.74775,0.02172,-0.02375,-0.38591,-0.39227,-0.80193,-0.02384,-0.38165,-0.39008,-0.79557,-0.38901,-0.39387,-0.8066300000000001,-0.78491,-0.03713,0.0081,0.0007599999999999999,-0.04261,0.00095,-0.03726,0.0482,0.0482,-0.02999,0.0016300000000000002,-0.7806,0.00147,0.00388,-0.06258,-0.85525,-0.71263,-0.7933399999999999,-0.63695,0.68619 0.05163 5.52376 -0.75408 -0.35804 5.50655 -1.17669 -1.47322 5.3094 -1.56777 0.70093 5.73914 1.31201 -0.81855 5.3656 0.86222 0.7859 4.74063 0.9235 0.52093 6.47556 -2.46854 0.34655 5.6986 -2.27534 -0.13507 0.83133 -0.9617 0.61928 0.6694 0.2265 -0.31471 0.47999 1.543 0.42117 0.269 2.72758 -0.52686 0.13746 -2.49072 -0.72793 -0.05757 -2.22632 -0.81845 1.67882 -3.11203 0.54494 0.9874 -0.7887 1.25043 1.5447 -1.02618 1.29545 -0.18646 0.30944 -0.97514 1.34804 0.03915 -0.966 -0.37879 1.71164 1.10777 1.10245 1.46609 1.04374 -0.62529 2.58874 -1.20321 -0.70576 3.6615 0.01169 -0.01597 2.83519 -1.13741 1.03408,C C O O H H H H C C C C C H H H H H H H H H H H H,-0.784,61_PentaneAcOH
CC(=O)O,CCCCC,0,0,8,17,13814,S66x8,3057324,100,66869267,avdz,-0.00172,-0.0841,-0.08596000000000001,-0.05788,-0.07846,-0.02435,-0.02635,-0.17178,-0.16241,0.00937,-0.00125,-0.0875,-0.0882,-0.17695999999999998,-0.00119,-0.08676,-0.08786000000000001,-0.17582,-0.08804,-0.08845,-0.17774,-0.16837,0.0041,0.00436,1e-05,0.00164,1e-05,0.00413,0.00046,0.00046,-0.00572,1e-05,-0.17386,1e-05,4e-05,-0.01343,-0.18836,-0.1574,-0.1797,-0.1312,0.411 -0.01976 6.93295 -1.02927 -0.42942 6.91575 -1.45188 -1.5446 6.7186 -1.84296 0.62954 7.14834 1.03682 -0.88994 6.7748 0.58704 0.71452 6.14983 0.64831 0.44954 7.88475 -2.74372 0.27516 7.1078 -2.27534 -0.13507 0.83133 -0.9617 0.61928 0.6694 0.2265 -0.31471 0.47999 1.543 0.42117 0.269 2.72758 -0.52686 0.13746 -2.49072 -0.72793 -0.05757 -2.22632 -0.81845 1.67882 -3.11203 0.54494 0.9874 -0.7887 1.25043 1.5447 -1.02618 1.29545 -0.18646 0.30944 -0.97514 1.34804 0.03915 -0.966 -0.37879 1.71164 1.10777 1.10245 1.46609 1.04374 -0.62529 2.58874 -1.20321 -0.70576 3.6615 0.01169 -0.01597 2.83519 -1.13741 1.03408,C C O O H H H H C C C C C H H H H H H H H H H H H,-0.171,61_PentaneAcOH
CC(=O)N,CCCCC,0,0,9,17,13690,S66x8,3057297,-10,66869044,avdz,4.49806,-3.2749900000000003,-3.52646,-2.22926,-3.3267800000000003,-1.0162,-1.08716,-2.3033900000000003,-2.07417,0.22922,4.4654300000000005,-3.87172,-3.83883,-3.24513,4.47561,-3.73158,-3.78962,-3.04558,-3.973980000000001,-3.87475,-3.3833,-3.15409,-3.799830000000001,6.17031,0.09361,-4.26993,0.10407,-3.77473,9.65637,9.63429,-1.88495,1.26273,-8.86819,0.32539,0.53462,-0.97443,-3.72319,-2.6297200000000003,-2.9279,-2.336,-1.25223 -0.54662 4.18463 0.03799 0.19231 3.92017 0.0649 1.37739 3.62833 1.17057 -0.55956 4.02299 -1.10498 -1.50734 4.67175 -1.75846 -0.70493 3.23381 -1.89018 0.08061 4.7999 2.04151 -0.13698 3.75433 1.13163 -1.55145 4.15441 -2.58778 -0.32311 0.46946 -1.30956 0.49739 0.58506 -0.05683 -0.36826 0.55844 1.2316 0.44007 0.63203 2.47258 -0.44314 0.61922 -2.61039 -0.87637 -0.46962 -2.65974 -1.05189 1.27771 -3.47604 0.30562 0.50896 -1.31725 1.08326 1.50634 -1.26238 1.21557 -0.23678 -0.08618 -1.07336 1.39588 -0.05381 -0.97684 -0.35147 1.21328 1.05356 1.53459 1.2663 1.13138 -0.21311 2.52072 -1.03526 -0.2949 3.38773 0.14409 0.68391 2.4593 -1.13936 1.45862,C C O N H H H H H C C C C C H H H H H H H H H H H H,-3.079,62_PentaneAcNH2
CC(=O)N,CCCCC,0,0,9,17,13690,S66x8,3057297,-5,66869045,avdz,2.78106,-2.72103,-2.91173,-1.8712,-2.75725,-0.85345,-0.91334,-2.8517,-2.7008400000000004,0.15086,2.7589900000000003,-3.1617,-3.14867,-3.55139,2.76518,-3.0590200000000003,-3.1115,-3.40533,-3.23664,-3.1758,-3.65345,-3.50259,-2.5885,3.98438,0.06536,-2.91961,0.07352,-2.56862,6.37354,6.36408,-1.27474,0.7429399999999999,-7.117189999999999,0.21977,0.37272,-0.67882,-3.93039,-3.01378,-3.28387,-2.79262,-1.24942 -0.54062 4.31671 0.0408 0.19832 4.05225 0.06771 1.38339 3.76041 1.17338 -0.55356 4.15507 -1.10217 -1.50134 4.80383 -1.75565 -0.69893 3.36589 -1.88737 0.08662 4.93198 2.04432 -0.13098 3.88641 1.13444 -1.54544 4.2865 -2.58778 -0.32311 0.46946 -1.30956 0.49739 0.58506 -0.05683 -0.36826 0.55844 1.2316 0.44007 0.63203 2.47258 -0.44314 0.61922 -2.61039 -0.87637 -0.46962 -2.65974 -1.05189 1.27771 -3.47604 0.30562 0.50896 -1.31725 1.08326 1.50634 -1.26238 1.21557 -0.23678 -0.08618 -1.07336 1.39588 -0.05381 -0.97684 -0.35147 1.21328 1.05356 1.53459 1.2663 1.13138 -0.21311 2.52072 -1.03526 -0.2949 3.38773 0.14409 0.68391 2.4593 -1.13936 1.45862,C C O N H H H H H C C C C C H H H H H H H H H H H H,-3.442,62_PentaneAcNH2
CC(=O)N,CCCCC,0,0,9,17,13690,S66x8,3057297,0,66869046,avdz,1.6692599999999995,-2.26576,-2.41291,-1.57041,-2.29133,-0.71709,-0.7678699999999999,-3.00941,-2.90957,0.09984,1.6535,-2.59201,-2.59315,-3.53166,1.65711,-2.51664,-2.56497,-3.4245,-2.647,-2.6137200000000003,-3.60722,-3.5073800000000004,-1.7795299999999998,2.55301,0.04554,-2.01023,0.05184,-1.76478,4.21064,4.2066300000000005,-0.8886799999999999,0.43571,-5.74915,0.14774,0.25915,-0.48976,-3.83914,-3.0510900000000003,-3.27964,-2.86979,-1.24665 -0.53467 4.44745 0.04358 0.20427 4.18299 0.07049 1.38934 3.89115 1.17616 -0.54761 4.28581 -1.0994 -1.49539 4.93457 -1.75287 -0.69298 3.49663 -1.88459 0.09256 5.06272 2.0471 -0.12503 4.01715 1.13722 -1.5395 4.41724 -2.58778 -0.32311 0.46946 -1.30956 0.49739 0.58506 -0.05683 -0.36826 0.55844 1.2316 0.44007 0.63203 2.47258 -0.44314 0.61922 -2.61039 -0.87637 -0.46962 -2.65974 -1.05189 1.27771 -3.47604 0.30562 0.50896 -1.31725 1.08326 1.50634 -1.26238 1.21557 -0.23678 -0.08618 -1.07336 1.39588 -0.05381 -0.97684 -0.35147 1.21328 1.05356 1.53459 1.2663 1.13138 -0.21311 2.52072 -1.03526 -0.2949 3.38773 0.14409 0.68391 2.4593 -1.13936 1.45862,C C O N H H H H H C C C C C H H H H H H H H H H H H,-3.458,62_PentaneAcNH2
CC(=O)N,CCCCC,0,0,9,17,13690,S66x8,3057297,5,66869047,avdz,0.95332,-1.89028,-2.006,-1.31766,-1.90861,-0.60269,-0.6458699999999999,-2.94296,-2.87564,0.06732,0.94219,-2.13251,-2.14352,-3.3338300000000003,0.94414,-2.07709,-2.12207,-3.25502,-2.17295,-2.15917,-3.38993,-3.32261,-1.23648,1.61563,0.031639999999999995,-1.39495,0.03647,-1.22622,2.78198,2.7803,-0.63954,0.25482,-4.67177,0.09879,0.17961,-0.36572,-3.58805,-2.91411,-3.09761,-2.758,-1.24388 -0.52877 4.57735 0.04634 0.21017 4.31289 0.07325 1.39525 4.02105 1.17892 -0.54171 4.41571 -1.09663 -1.48949 5.06447 -1.75011 -0.68707 3.62653 -1.88183 0.09847 5.19262 2.04986 -0.11912 4.14705 1.13998 -1.53359 4.54714 -2.58778 -0.32311 0.46946 -1.30956 0.49739 0.58506 -0.05683 -0.36826 0.55844 1.2316 0.44007 0.63203 2.47258 -0.44314 0.61922 -2.61039 -0.87637 -0.46962 -2.65974 -1.05189 1.27771 -3.47604 0.30562 0.50896 -1.31725 1.08326 1.50634 -1.26238 1.21557 -0.23678 -0.08618 -1.07336 1.39588 -0.05381 -0.97684 -0.35147 1.21328 1.05356 1.53459 1.2663 1.13138 -0.21311 2.52072 -1.03526 -0.2949 3.38773 0.14409 0.68391 2.4593 -1.13936 1.45862,C C O N H H H H H C C C C C H H H H H H H H H H H H,-3.283,62_PentaneAcNH2
CC(=O)N,CCCCC,0,0,9,17,13690,S66x8,3057297,10,66869048,avdz,0.49844,-1.58104,-1.67387,-1.10627,-1.5944200000000002,-0.50702,-0.54385,-2.75647,-2.70928,0.04719,0.49123,-1.7617200000000002,-1.77925,-3.0497400000000003,0.49214,-1.7208,-1.7628400000000002,-2.9915,-1.79158,-1.79123,-3.09158,-3.04439,-0.87169,1.00521,0.02194,-0.97873,0.02562,-0.8647299999999999,1.84004,1.83935,-0.47539,0.14899,-3.82049,0.06579,0.12423,-0.2814,-3.26295,-2.67346,-2.83036,-2.54221,-1.24114 -0.5229 4.70627 0.04908 0.21604 4.44182 0.07599 1.40111 4.14998 1.18166 -0.53584 4.54464 -1.09389 -1.48362 5.1934 -1.74737 -0.68121 3.75546 -1.87909 0.10433 5.32154 2.0526 -0.11326 4.27598 1.14272 -1.52773 4.67606 -2.58778 -0.32311 0.46946 -1.30956 0.49739 0.58506 -0.05683 -0.36826 0.55844 1.2316 0.44007 0.63203 2.47258 -0.44314 0.61922 -2.61039 -0.87637 -0.46962 -2.65974 -1.05189 1.27771 -3.47604 0.30562 0.50896 -1.31725 1.08326 1.50634 -1.26238 1.21557 -0.23678 -0.08618 -1.07336 1.39588 -0.05381 -0.97684 -0.35147 1.21328 1.05356 1.53459 1.2663 1.13138 -0.21311 2.52072 -1.03526 -0.2949 3.38773 0.14409 0.68391 2.4593 -1.13936 1.45862,C C O N H H H H H C C C C C H H H H H H H H H H H H,-3.013,62_PentaneAcNH2
CC(=O)N,CCCCC,0,0,9,17,13690,S66x8,3057297,25,66869049,avdz,-0.06261,-0.94065,-0.99381,-0.65963,-0.94623,-0.30442,-0.32756,-1.99707,-1.97288,0.02418,-0.06175,-1.0184799999999998,-1.0429,-2.12313,-0.06197,-1.00135,-1.03519,-2.09851,-1.03099,-1.04853,-2.14126,-2.11707,-0.3417,0.19047,0.007240000000000002,-0.36917,0.0088,-0.33989,0.5343600000000001,0.53432,-0.22961,0.02977,-2.1663,0.01904,0.04053,-0.14561,-2.25769,-1.91156,-2.0442,-1.82752,-1.23301 -0.5055 5.08896 0.05722 0.23344 4.8245 0.08413 1.41851 4.53266 1.1898 -0.51844 4.92732 -1.08576 -1.46622 5.57608 -1.73923 -0.66381 4.13814 -1.87095 0.12174 5.70423 2.06074 -0.09586 4.65866 1.15086 -1.51033 5.05875 -2.58778 -0.32311 0.46946 -1.30956 0.49739 0.58506 -0.05683 -0.36826 0.55844 1.2316 0.44007 0.63203 2.47258 -0.44314 0.61922 -2.61039 -0.87637 -0.46962 -2.65974 -1.05189 1.27771 -3.47604 0.30562 0.50896 -1.31725 1.08326 1.50634 -1.26238 1.21557 -0.23678 -0.08618 -1.07336 1.39588 -0.05381 -0.97684 -0.35147 1.21328 1.05356 1.53459 1.2663 1.13138 -0.21311 2.52072 -1.03526 -0.2949 3.38773 0.14409 0.68391 2.4593 -1.13936 1.45862,C C O N H H H H H C C C C C H H H H H H H H H H H H,-2.102,62_PentaneAcNH2
CC(=O)N,CCCCC,0,0,9,17,13690,S66x8,3057297,50,66869050,avdz,-0.14983,-0.4224,-0.4484800000000001,-0.29192,-0.42339,-0.13617,-0.14715,-1.0207,-1.00131,0.01939,-0.14731,-0.4455,-0.46452,-1.05734,-0.1474,-0.44083,-0.46207,-1.0503,-0.44891,-0.4663100000000001,-1.06254,-1.04315,-0.11311,-0.04947,0.00111,-0.10905,0.00145,-0.1131,0.0679,0.0679,-0.09369,0.00194,-0.93982,0.00232,0.00596,-0.06423999999999999,-1.1327200000000002,-0.96129,-1.0278,-0.89602,-1.21964 -0.47692 5.71756 0.07058 0.26202 5.4531 0.09749 1.4471 5.16126 1.20316 -0.48986 5.55592 -1.07239 -1.43764 6.20468 -1.72587 -0.63522 4.76674 -1.85758 0.15032 6.33283 2.0741 -0.06728 5.28726 1.16422 -1.48174 5.68735 -2.58778 -0.32311 0.46946 -1.30956 0.49739 0.58506 -0.05683 -0.36826 0.55844 1.2316 0.44007 0.63203 2.47258 -0.44314 0.61922 -2.61039 -0.87637 -0.46962 -2.65974 -1.05189 1.27771 -3.47604 0.30562 0.50896 -1.31725 1.08326 1.50634 -1.26238 1.21557 -0.23678 -0.08618 -1.07336 1.39588 -0.05381 -0.97684 -0.35147 1.21328 1.05356 1.53459 1.2663 1.13138 -0.21311 2.52072 -1.03526 -0.2949 3.38773 0.14409 0.68391 2.4593 -1.13936 1.45862,C C O N H H H H H C C C C C H H H H H H H H H H H H,-1.041,62_PentaneAcNH2
CC(=O)N,CCCCC,0,0,9,17,13690,S66x8,3057297,100,66869051,avdz,-0.05849,-0.10593,-0.11394,-0.0699,-0.10525,-0.03333,-0.03604,-0.27836,-0.26697,0.01139,-0.05766,-0.10941,-0.11634,-0.28342,-0.05751000000000001,-0.10879,-0.11597,-0.28227,-0.10987,-0.1166,-0.28414,-0.27275,-0.0352,-0.03459,2e-05,-0.03042,3e-05,-0.03501,0.00082,0.00082,-0.02313,0.0,-0.2341,3e-05,0.0001,-0.0158,-0.30709000000000003,-0.25839,-0.289,-0.22487,-1.19247 -0.4188 6.99564 0.09776 0.32014 6.73119 0.12467 1.50521 6.43935 1.23034 -0.43174 6.83401 -1.04522 -1.37952 7.48277 -1.69869 -0.57711 6.04483 -1.83041 0.20844 7.61092 2.10128 -0.00916 6.56535 1.1914 -1.42362 6.96543 -2.58778 -0.32311 0.46946 -1.30956 0.49739 0.58506 -0.05683 -0.36826 0.55844 1.2316 0.44007 0.63203 2.47258 -0.44314 0.61922 -2.61039 -0.87637 -0.46962 -2.65974 -1.05189 1.27771 -3.47604 0.30562 0.50896 -1.31725 1.08326 1.50634 -1.26238 1.21557 -0.23678 -0.08618 -1.07336 1.39588 -0.05381 -0.97684 -0.35147 1.21328 1.05356 1.53459 1.2663 1.13138 -0.21311 2.52072 -1.03526 -0.2949 3.38773 0.14409 0.68391 2.4593 -1.13936 1.45862,C C O N H H H H H C C C C C H H H H H H H H H H H H,-0.276,62_PentaneAcNH2
CC(=O)O,c1ccccc1,0,0,8,12,13916,S66x8,3057347,-10,66869444,avdz,5.428730000000002,-3.91097,-4.12664,-2.33208,-3.3828,-1.07041,-1.12159,-2.60888,-1.35656,1.25233,5.38587,-4.6673,-4.52272,-3.80416,5.39128,-4.479430000000002,-4.45719,-3.54535,-4.8044,-4.57054,-3.98908,-2.73675,-7.090039999999999,7.50545,0.1256,-6.64827,0.12673,-7.06124,14.4822,14.3858,-3.94637,3.48885,-11.05757,0.52682,0.81075,-1.90095,-4.6575,-2.66247,-3.0697,-2.30828,-0.56913 0.72271 3.40599 0.45275 -0.32122 3.72667 1.64824 -0.15727 3.80319 -0.12675 -1.53263 3.92611 -0.09084 1.69365 3.35917 -1.02193 0.48951 2.44329 -1.35398 0.71717 4.15849 0.6077 -2.13374 4.11915 0.60678 1.33042 0.31643 1.11808 0.08725 0.68512 0.2929 -1.03609 0.66911 -1.04283 -0.91671 0.28819 -1.55359 0.32735 -0.07994 -0.72804 1.45084 -0.06685 1.2465 2.20226 0.33035 2.15006 -0.00389 0.99376 0.6885 -2.00096 0.95538 -1.68271 -1.78849 0.27935 -2.58923 0.42029 -0.37735 -1.12362 2.41566 -0.35386,C C O O H H H H C C C C C C H H H H H H,-2.574,63_BenzeneAcOH
CC(=O)O,c1ccccc1,0,0,8,12,13916,S66x8,3057347,-5,66869445,avdz,2.76645,-3.07786,-3.28474,-1.82189,-2.7159,-0.86308,-0.90184,-3.59615,-2.63443,0.96172,2.7661,-3.62145,-3.57541,-4.43077,2.77106,-3.4864,-3.52702,-4.24235,-3.72001,-3.61073,-4.56464,-3.60292,-4.8838599999999985,4.14369,0.08359,-4.49302,0.08484,-4.85042,8.88525,8.847480000000003,-2.31146,1.93926,-8.51062,0.33801,0.53609,-1.18085,-5.15474,-3.48308,-3.86757,-3.26587,-0.58649 0.74817 3.55932 0.4354 -0.29576 3.88 1.63089 -0.13181 3.95652 -0.14411 -1.50716 4.07944 -0.10819 1.71912 3.5125 -1.03929 0.51498 2.59661 -1.37134 0.74264 4.31182 0.59034 -2.10827 4.27248 0.60678 1.33042 0.31643 1.11808 0.08725 0.68512 0.2929 -1.03609 0.66911 -1.04283 -0.91671 0.28819 -1.55359 0.32735 -0.07994 -0.72804 1.45084 -0.06685 1.2465 2.20226 0.33035 2.15006 -0.00389 0.99376 0.6885 -2.00096 0.95538 -1.68271 -1.78849 0.27935 -2.58923 0.42029 -0.37735 -1.12362 2.41566 -0.35386,C C O O H H H H C C C C C C H H H H H H,-3.483,63_BenzeneAcOH
CC(=O)O,c1ccccc1,0,0,8,12,13916,S66x8,3057347,0,66869446,avdz,1.1816,-2.42584,-2.62317,-1.4205,-2.1852,-0.69668,-0.72632,-3.86741,-3.1207700000000003,0.74663,1.20743,-2.82116,-2.83819,-4.4519199999999985,1.21174,-2.72349,-2.80228,-4.314030000000002,-2.89244,-2.8644,-4.5494,-3.80277,-3.45745,2.1215900000000003,0.05539,-3.11086,0.05659,-3.4285,5.41788,5.4034900000000015,-1.38094,1.07483,-6.603389999999999,0.21484,0.35396,-0.72383,-5.07515,-3.71404,-3.9676,-3.55797,-0.60366 0.77338 3.71107 0.41822 -0.27055 4.03175 1.61371 -0.1066 4.10826 -0.16128 -1.48196 4.23119 -0.12537 1.74432 3.66424 -1.05646 0.54018 2.74836 -1.38851 0.76784 4.46357 0.57317 -2.08307 4.42422 0.60678 1.33042 0.31643 1.11808 0.08725 0.68512 0.2929 -1.03609 0.66911 -1.04283 -0.91671 0.28819 -1.55359 0.32735 -0.07994 -0.72804 1.45084 -0.06685 1.2465 2.20226 0.33035 2.15006 -0.00389 0.99376 0.6885 -2.00096 0.95538 -1.68271 -1.78849 0.27935 -2.58923 0.42029 -0.37735 -1.12362 2.41566 -0.35386,C C O O H H H H C C C C C C H H H H H H,-3.715,63_BenzeneAcOH
CC(=O)O,c1ccccc1,0,0,8,12,13916,S66x8,3057347,5,66869447,avdz,0.25744,-1.91404,-2.10112,-1.10489,-1.7617,-0.56258,-0.58544,-3.757730000000001,-3.17174,0.58599,0.29899000000000003,-2.20577,-2.26152,-4.1683,0.3024,-2.13473,-2.23482,-4.06715,-2.25761,-2.28101,-4.23962,-3.65364,-2.522,0.91915,0.0365,-2.21378,0.03756,-2.50135,3.28303,3.27774,-0.8468200000000001,0.59524,-5.16212,0.13535999999999998,0.23318000000000005,-0.4462,-4.7096800000000005,-3.58251,-3.73243,-3.45297,-0.62072 0.79841 3.86176 0.40116 -0.24552 4.18245 1.59666 -0.08157 4.25896 -0.17834 -1.45693 4.38188 -0.14243 1.76935 3.81494 -1.07352 0.56521 2.89906 -1.40557 0.79287 4.61426 0.55611 -2.05804 4.57492 0.60678 1.33042 0.31643 1.11808 0.08725 0.68512 0.2929 -1.03609 0.66911 -1.04283 -0.91671 0.28819 -1.55359 0.32735 -0.07994 -0.72804 1.45084 -0.06685 1.2465 2.20226 0.33035 2.15006 -0.00389 0.99376 0.6885 -2.00096 0.95538 -1.68271 -1.78849 0.27935 -2.58923 0.42029 -0.37735 -1.12362 2.41566 -0.35386,C C O O H H H H C C C C C C H H H H H H,-3.591,63_BenzeneAcOH
CC(=O)O,c1ccccc1,0,0,8,12,13916,S66x8,3057347,10,66869448,avdz,-0.26192,-1.51285,-1.6891200000000002,-0.8578899999999999,-1.42419,-0.45468,-0.47245,-3.46389,-2.99868,0.46521,-0.21079,-1.73206,-1.80995,-3.7528,-0.2085,-1.6800400000000002,-1.7901,-3.67864,-1.77002,-1.82444,-3.80526,-3.34004,-1.90018,0.22031,0.02395,-1.62532,0.02484,-1.88829,1.98247,1.98059,-0.5371600000000001,0.33095,-4.06752,0.08476,0.15328,-0.28539000000000003,-4.22689,-3.3057,-3.42695,-3.19055,-0.63765 0.82325 4.01132 0.38424 -0.22069 4.332 1.57973 -0.05673 4.40852 -0.19527 -1.43209 4.53144 -0.15935 1.79419 3.9645 -1.09045 0.59005 3.04861 -1.4225 0.81771 4.76382 0.53919 -2.0332 4.72448 0.60678 1.33042 0.31643 1.11808 0.08725 0.68512 0.2929 -1.03609 0.66911 -1.04283 -0.91671 0.28819 -1.55359 0.32735 -0.07994 -0.72804 1.45084 -0.06685 1.2465 2.20226 0.33035 2.15006 -0.00389 0.99376 0.6885 -2.00096 0.95538 -1.68271 -1.78849 0.27935 -2.58923 0.42029 -0.37735 -1.12362 2.41566 -0.35386,C C O O H H H H C C C C C C H H H H H H,-3.2960000000000003,63_BenzeneAcOH
CC(=O)O,c1ccccc1,0,0,8,12,13916,S66x8,3057347,25,66869449,avdz,-0.70978,-0.75685,-0.8985200000000001,-0.39813,-0.7672800000000001,-0.24192,-0.25064000000000003,-2.36515,-2.1171,0.24805,-0.64884,-0.8613,-0.95354,-2.46369,-0.65037,-0.83967,-0.94545,-2.43549,-0.8770899999999999,-0.95945,-2.48538,-2.23733,-0.97571,-0.48129,0.00659,-0.77873,0.00702,-0.98022,0.43994,0.43988,-0.17328,0.06045,-2.08317,0.02035,0.04263,-0.12243,-2.79573,-2.24178,-2.3294900000000003,-2.15233,-0.68788 0.89695 4.4551 0.33401 -0.14698 4.77578 1.5295 0.01697 4.85229 -0.24549 -1.35838 4.97522 -0.20958 1.8679 4.40827 -1.14068 0.66376 3.49239 -1.47273 0.89142 5.2076 0.48896 -1.95949 5.16826 0.60678 1.33042 0.31643 1.11808 0.08725 0.68512 0.2929 -1.03609 0.66911 -1.04283 -0.91671 0.28819 -1.55359 0.32735 -0.07994 -0.72804 1.45084 -0.06685 1.2465 2.20226 0.33035 2.15006 -0.00389 0.99376 0.6885 -2.00096 0.95538 -1.68271 -1.78849 0.27935 -2.58923 0.42029 -0.37735 -1.12362 2.41566 -0.35386,C C O O H H H H C C C C C C H H H H H H,-2.226,63_BenzeneAcOH
CC(=O)O,c1ccccc1,0,0,8,12,13916,S66x8,3057347,50,66869450,avdz,-0.5140899999999999,-0.24848,-0.33516,-0.10629,-0.29043,-0.0874,-0.09034,-1.09772,-0.99821,0.09951,-0.47404,-0.2873,-0.35253,-1.11387,-0.47784,-0.28042,-0.35051,-1.10877,-0.29232,-0.35401,-1.12037,-1.02086,-0.46704,-0.42466,0.0007,-0.35338,0.0007700000000000001,-0.47269,0.04313,0.04313,-0.04679,0.00439,-0.76778,0.00177,0.00448,-0.0649,-1.2984,-1.02162,-1.08429,-0.95592,-0.77267 1.02138 5.20426 0.24921 -0.02255 5.52494 1.44471 0.1414 5.60146 -0.33029 -1.23395 5.72438 -0.29438 1.99233 5.15744 -1.22547 0.78819 4.24155 -1.55752 1.01584 5.95676 0.40416 -1.83506 5.91742 0.60678 1.33042 0.31643 1.11808 0.08725 0.68512 0.2929 -1.03609 0.66911 -1.04283 -0.91671 0.28819 -1.55359 0.32735 -0.07994 -0.72804 1.45084 -0.06685 1.2465 2.20226 0.33035 2.15006 -0.00389 0.99376 0.6885 -2.00096 0.95538 -1.68271 -1.78849 0.27935 -2.58923 0.42029 -0.37735 -1.12362 2.41566 -0.35386,C C O O H H H H C C C C C C H H H H H H,-1.024,63_BenzeneAcOH
CC(=O)O,c1ccccc1,0,0,8,12,13916,S66x8,3057347,100,66869451,avdz,-0.18253,-0.0339,-0.06525,-0.0029,-0.0586,-0.01557,-0.01601,-0.28168000000000004,-0.2596,0.02208,-0.17113,-0.0431,-0.06799,-0.28221,-0.17231,-0.04132,-0.06767000000000001,-0.28131,-0.0444,-0.06822,-0.28374,-0.26166,-0.16335999999999998,-0.16297,1e-05,-0.12164,1e-05,-0.16464,0.00086,0.00086,-0.007909999999999999,2e-05,-0.15699000000000002,2e-05,5e-05,-0.01982,-0.34841,-0.27841,-0.28857,-0.26742,-0.94157 1.26923 6.69649 0.08031 0.22529 7.01717 1.27581 0.38925 7.09369 -0.49919 -0.98611 7.21661 -0.46328 2.24017 6.64967 -1.39437 1.03603 5.73378 -1.72642 1.26369 7.44899 0.23526 -1.58722 7.40965 0.60678 1.33042 0.31643 1.11808 0.08725 0.68512 0.2929 -1.03609 0.66911 -1.04283 -0.91671 0.28819 -1.55359 0.32735 -0.07994 -0.72804 1.45084 -0.06685 1.2465 2.20226 0.33035 2.15006 -0.00389 0.99376 0.6885 -2.00096 0.95538 -1.68271 -1.78849 0.27935 -2.58923 0.42029 -0.37735 -1.12362 2.41566 -0.35386,C C O O H H H H C C C C C C H H H H H H,-0.265,63_BenzeneAcOH
C=C,CNC(=O)C,0,0,6,12,13272,S66x8,3057261,-10,66868756,avdz,2.35092,-1.96778,-2.36127,-1.13592,-2.25854,-0.66208,-0.6917,-1.97814,-1.70562,0.27251,2.34755,-2.48451,-2.61511,-2.75207,2.36043,-2.3592,-2.57271,-2.57148,-2.57596,-2.64605,-2.87446,-2.6019400000000004,-4.77277,3.83717,0.07687000000000001,-4.57808,0.08096,-4.7396,8.27121,8.24155,-1.7109599999999998,1.19368,-6.2176800000000005,0.2488,0.40301,-0.7902100000000001,-3.34176,-2.45622,-2.67325,-2.23539,-0.07757 0.51996 3.56585 0.69094 -0.567 3.63566 -0.08245 1.26214 4.35173 -0.7261 0.68773 2.71717 1.33625 -0.73882 4.48579 0.68583 -1.3022 2.84335 -2.15001 0.26597 0.09505 -0.7735 0.70251 0.02208 0.26183 -0.13286 0.31456 0.09925 -1.30962 0.61184 1.62971 0.50301 0.27011 -2.14474 -0.81941 0.10091 -2.64054 0.61582 1.0036 -2.70774 0.62075 -0.76826 -0.56901 1.66656 -0.16581 1.64157 1.45924 -0.24808 2.31532 -0.18355 -0.21759 1.96975 0.64936 1.29398,C C H H H H C N C O C H H H H H H H,-2.528,64_PeptideEthene
C=C,CNC(=O)C,0,0,6,12,13272,S66x8,3057261,-5,66868757,avdz,1.08945,-1.62131,-1.94947,-0.93863,-1.87633,-0.5535,-0.57648,-2.48133,-2.27902,0.20232,1.09627,-2.01158,-2.1453,-3.0606,1.10415,-1.91747,-2.11267,-2.92599,-2.08025,-2.16911,-3.15308,-2.95076,-3.52376,2.15541,0.05393,-3.33091,0.05727,-3.49778,5.43548,5.42248,-1.15287,0.70928,-4.98175,0.16776,0.28076,-0.51351,-3.55263,-2.80884,-2.99079,-2.6306700000000003,-0.0583 0.51877 3.69328 0.71021 -0.56819 3.76309 -0.06318 1.26095 4.47916 -0.70683 0.68654 2.8446 1.35552 -0.74002 4.61322 0.7051 -1.30339 2.97078 -2.15001 0.26597 0.09505 -0.7735 0.70251 0.02208 0.26183 -0.13286 0.31456 0.09925 -1.30962 0.61184 1.62971 0.50301 0.27011 -2.14474 -0.81941 0.10091 -2.64054 0.61582 1.0036 -2.70774 0.62075 -0.76826 -0.56901 1.66656 -0.16581 1.64157 1.45924 -0.24808 2.31532 -0.18355 -0.21759 1.96975 0.64936 1.29398,C C H H H H C N C O C H H H H H H H,-2.893,64_PeptideEthene
C=C,CNC(=O)C,0,0,6,12,13272,S66x8,3057261,0,66868758,avdz,0.31295,-1.33576,-1.61317,-0.77262,-1.56108,-0.46252,-0.48049,-2.63598,-2.48327,0.15272,0.32327,-1.6315,-1.76446,-3.0727,0.3277,-1.56063,-1.7393299999999998,-2.97226,-1.6832200000000002,-1.7828099999999998,-3.14276,-2.99004,-2.65561,1.0917,0.03773,-2.4685,0.04039,-2.63705,3.57677,3.57104,-0.79905,0.42272,-4.01352,0.11248,0.19493,-0.34873000000000004,-3.49145,-2.8437900000000003,-3.00286,-2.69978,-0.03905 0.51758 3.82054 0.72946 -0.56938 3.89035 -0.04393 1.25976 4.60643 -0.68759 0.68535 2.97186 1.37476 -0.7412 4.74048 0.72435 -1.30458 3.09804 -2.15001 0.26597 0.09505 -0.7735 0.70251 0.02208 0.26183 -0.13286 0.31456 0.09925 -1.30962 0.61184 1.62971 0.50301 0.27011 -2.14474 -0.81941 0.10091 -2.64054 0.61582 1.0036 -2.70774 0.62075 -0.76826 -0.56901 1.66656 -0.16581 1.64157 1.45924 -0.24808 2.31532 -0.18355 -0.21759 1.96975 0.64936 1.29398,C C H H H H C N C O C H H H H H H H,-2.945,64_PeptideEthene
C=C,CNC(=O)C,0,0,6,12,13272,S66x8,3057261,5,66868759,avdz,-0.15111,-1.10004,-1.33744,-0.63332,-1.30035,-0.38622,-0.40038,-2.5886,-2.471,0.1176,-0.14003,-1.32518,-1.45457,-2.9197900000000003,-0.13795,-1.27162,-1.43518,-2.84475,-1.36427,-1.46872,-2.97303,-2.85543,-2.0436400000000003,0.42778,0.0263,-1.86537,0.02838,-2.03152,2.35606,2.35353,-0.56965,0.25312,-3.24981,0.07497000000000001,0.13484000000000002,-0.24965,-3.2816400000000003,-2.70917,-2.83678,-2.58772,-0.01979 0.51639 3.94794 0.74872 -0.57057 4.01775 -0.02467 1.25857 4.73383 -0.66832 0.68416 3.09926 1.39403 -0.7424 4.86788 0.74361 -1.30577 3.22545 -2.15001 0.26597 0.09505 -0.7735 0.70251 0.02208 0.26183 -0.13286 0.31456 0.09925 -1.30962 0.61184 1.62971 0.50301 0.27011 -2.14474 -0.81941 0.10091 -2.64054 0.61582 1.0036 -2.70774 0.62075 -0.76826 -0.56901 1.66656 -0.16581 1.64157 1.45924 -0.24808 2.31532 -0.18355 -0.21759 1.96975 0.64936 1.29398,C C H H H H C N C O C H H H H H H H,-2.82,64_PeptideEthene
C=C,CNC(=O)C,0,0,6,12,13272,S66x8,3057261,10,66868760,avdz,-0.41429,-0.90621,-1.11159,-0.51746,-1.08516,-0.32252,-0.33374000000000004,-2.4321,-2.33943,0.09267,-0.40316,-1.07874,-1.2026,-2.6845,-0.40271,-1.0380200000000002,-1.18759,-2.62832,-1.10845,-1.21355,-2.72516,-2.63249,-1.60693,0.02382,0.01829,-1.43959,0.01989,-1.59994,1.55574,1.55461,-0.4177,0.15283,-2.64606,0.04975,0.09305,-0.18807,-3.0004,-2.49455,-2.60039,-2.38974,-0.00054 0.5152 4.07519 0.76797 -0.57176 4.145 -0.00543 1.25738 4.86108 -0.64908 0.68297 3.22651 1.41327 -0.74358 4.99513 0.76285 -1.30696 3.35269 -2.15001 0.26597 0.09505 -0.7735 0.70251 0.02208 0.26183 -0.13286 0.31456 0.09925 -1.30962 0.61184 1.62971 0.50301 0.27011 -2.14474 -0.81941 0.10091 -2.64054 0.61582 1.0036 -2.70774 0.62075 -0.76826 -0.56901 1.66656 -0.16581 1.64157 1.45924 -0.24808 2.31532 -0.18355 -0.21759 1.96975 0.64936 1.29398,C C H H H H C N C O C H H H H H H H,-2.605,64_PeptideEthene
C=C,CNC(=O)C,0,0,6,12,13272,S66x8,3057261,25,66868761,avdz,-0.61836,-0.50921,-0.64827,-0.27823000000000003,-0.63874,-0.18851,-0.19425,-1.77583,-1.72384,0.052000000000000005,-0.60755,-0.5905100000000001,-0.69201,-1.89006,-0.60945,-0.57175,-0.6849,-1.8661,-0.6042,-0.69719,-1.90894,-1.85694,-0.8780899999999999,-0.40898,0.00608,-0.74793,0.00675,-0.87875,0.45443,0.45433,-0.18932,0.03574,-1.47474,0.01424,0.03012,-0.09679,-2.10507,-1.78277,-1.86523,-1.69792,0.05715 0.51164 4.45669 0.82566 -0.57532 4.5265 0.05227 1.25381 5.24258 -0.59138 0.67941 3.60801 1.47096 -0.74715 5.37663 0.82055 -1.31052 3.73419 -2.15001 0.26597 0.09505 -0.7735 0.70251 0.02208 0.26183 -0.13286 0.31456 0.09925 -1.30962 0.61184 1.62971 0.50301 0.27011 -2.14474 -0.81941 0.10091 -2.64054 0.61582 1.0036 -2.70774 0.62075 -0.76826 -0.56901 1.66656 -0.16581 1.64157 1.45924 -0.24808 2.31532 -0.18355 -0.21759 1.96975 0.64936 1.29398,C C H H H H C N C O C H H H H H H H,-1.846,64_PeptideEthene
C=C,CNC(=O)C,0,0,6,12,13272,S66x8,3057261,50,66868762,avdz,-0.41932,-0.18551,-0.25985,-0.08728999999999999,-0.25884,-0.07375,-0.07542,-0.86469,-0.83921,0.025480000000000003,-0.41275,-0.21138,-0.27289,-0.8970299999999999,-0.41459,-0.20553,-0.27083,-0.89095,-0.21566,-0.27439,-0.9028,-0.8773200000000001,-0.3973,-0.34881,0.00079,-0.32241,0.0009,-0.39921,0.05078,0.05078,-0.062320000000000014,0.0031,-0.57063,0.0014,0.00364,-0.03973,-1.01297,-0.85101,-0.90015,-0.8014399999999999,0.16228 0.50514 5.1519 0.93079 -0.58182 5.2217 0.1574 1.24732 5.93778 -0.48625 0.67291 4.30321 1.57609 -0.75364 6.07183 0.92568 -1.31702 4.4294 -2.15001 0.26597 0.09505 -0.7735 0.70251 0.02208 0.26183 -0.13286 0.31456 0.09925 -1.30962 0.61184 1.62971 0.50301 0.27011 -2.14474 -0.81941 0.10091 -2.64054 0.61582 1.0036 -2.70774 0.62075 -0.76826 -0.56901 1.66656 -0.16581 1.64157 1.45924 -0.24808 2.31532 -0.18355 -0.21759 1.96975 0.64936 1.29398,C C H H H H C N C O C H H H H H H H,-0.878,64_PeptideEthene
C=C,CNC(=O)C,0,0,6,12,13272,S66x8,3057261,100,66868763,avdz,-0.12368,-0.02329,-0.04449,-0.00376,-0.04551,-0.01169,-0.01159,-0.19145,-0.18464,0.006809999999999999,-0.12142,-0.02771,-0.04577,-0.19491,-0.12183,-0.026660000000000003,-0.04559,-0.19409,-0.02847,-0.04591,-0.1958,-0.18899,-0.11206,-0.11183,1e-05,-0.08942,1e-05,-0.11248,0.00037,0.00037,-0.00967,2e-05,-0.09879,1e-05,2e-05,-0.0075200000000000015,-0.22805,-0.19412,-0.20327,-0.18469,0.40674 0.49004 6.76844 1.17525 -0.59692 6.83825 0.40186 1.23221 7.55432 -0.24179 0.65781 5.91976 1.82056 -0.76875 7.68838 1.17014 -1.33212 6.04594 -2.15001 0.26597 0.09505 -0.7735 0.70251 0.02208 0.26183 -0.13286 0.31456 0.09925 -1.30962 0.61184 1.62971 0.50301 0.27011 -2.14474 -0.81941 0.10091 -2.64054 0.61582 1.0036 -2.70774 0.62075 -0.76826 -0.56901 1.66656 -0.16581 1.64157 1.45924 -0.24808 2.31532 -0.18355 -0.21759 1.96975 0.64936 1.29398,C C H H H H C N C O C H H H H H H H,-0.191,64_PeptideEthene
C#C,c1cccnc1,0,0,4,11,26571,S66x8,3057216,-10,66868396,avdz,-1.41516,-0.46262,-1.28492,0.33259,-1.36982,-0.36876,-0.37274,-3.16269,-2.82115,0.34154,-1.46826,-0.8972,-1.4074799999999998,-3.77294,-1.45958,-0.7767,-1.38532,-3.6216,-0.98514,-1.42366,-3.87705,-3.53551,-9.06695,2.0079,0.08252000000000001,-8.94766,0.09472,-9.13961,10.75521,10.61368,-2.60142,1.4921,-3.95312,0.20362,0.31722,-2.15327,-5.079269999999998,-3.91499,-4.09209,-3.73988,0.44339 -0.0054 5.33481 0.31132 -0.00595 4.12857 0.5588 -0.00482 6.38983 0.19317 -0.00569 3.06406 -0.44678 -1.19176 -1.00451 -0.57468 0.00344 -1.70431 -0.45346 1.19724 -1.00092 -0.20931 1.14451 0.36837 -0.08303 0.00071 1.0552 -0.20285 -1.14173 0.36493 -0.53365 -2.14586 -1.50417 -0.76368 0.00448 -2.76873 -0.54563 2.15227 -1.4978 -0.11017 2.0567 0.94357 -0.09849 -2.0551 0.93743,C C H H C C C C N C H H H H H,-3.647,65_PyridineEthyne
C#C,c1cccnc1,0,0,4,11,26571,S66x8,3057216,-5,66868397,avdz,-2.16776,-0.39756,-1.06779,0.25768,-1.14478,-0.31279,-0.31676,-3.63311,-3.36765,0.26546,-2.19657,-0.73517,-1.16338,-4.09513,-2.18869,-0.6418699999999999,-1.14611,-3.97667,-0.80325,-1.17599,-4.17581,-3.91035,-7.31889,0.27514,0.05972,-7.183160000000001,0.06998,-7.37936,7.3806600000000016,7.31151,-1.85758,0.9768,-3.17835,0.14611,0.2286,-1.48629,-5.16941,-4.24365,-4.40954,-4.08685,0.45873 -0.00575 5.44641 0.32666 -0.0063 4.24016 0.57414 -0.00518 6.50143 0.20851 -0.00604 3.17566 -0.44678 -1.19176 -1.00451 -0.57468 0.00344 -1.70431 -0.45346 1.19724 -1.00092 -0.20931 1.14451 0.36837 -0.08303 0.00071 1.0552 -0.20285 -1.14173 0.36493 -0.53365 -2.14586 -1.50417 -0.76368 0.00448 -2.76873 -0.54563 2.15227 -1.4978 -0.11017 2.0567 0.94357 -0.09849 -2.0551 0.93743,C C H H C C C C N C H H H H H,-4.002,65_PyridineEthyne
C#C,c1cccnc1,0,0,4,11,26571,S66x8,3057216,0,66868398,avdz,-2.55843,-0.34345,-0.89074,0.19864,-0.95874,-0.26526,-0.26933,-3.79262,-3.58379,0.20883,-2.5672200000000003,-0.6047100000000001,-0.96455,-4.1364800000000015,-2.56124,-0.53235,-0.95105,-4.04464,-0.65751,-0.9744,-4.19913,-3.9903,-5.98941,-0.78827,0.04302,-5.84085,0.05151,-6.0372,5.06535,5.03164,-1.34912,0.63993,-2.57111,0.10377,0.16446,-1.04437,-5.02829,-4.2762699999999985,-4.42312,-4.1347,0.47406 -0.00611 5.55791 0.34199 -0.00666 4.35166 0.58947 -0.00554 6.61292 0.22384 -0.0064 3.28716 -0.44678 -1.19176 -1.00451 -0.57468 0.00344 -1.70431 -0.45346 1.19724 -1.00092 -0.20931 1.14451 0.36837 -0.08303 0.00071 1.0552 -0.20285 -1.14173 0.36493 -0.53365 -2.14586 -1.50417 -0.76368 0.00448 -2.76873 -0.54563 2.15227 -1.4978 -0.11017 2.0567 0.94357 -0.09849 -2.0551 0.93743,C C H H C C C C N C H H H H H,-4.065,65_PyridineEthyne
C#C,c1cccnc1,0,0,4,11,26571,S66x8,3057216,5,66868399,avdz,-2.71016,-0.29774,-0.74573,0.15284,-0.80448,-0.22485,-0.22905,-3.75363,-3.58665,0.16698,-2.70488,-0.49903,-0.80211,-4.00602,-2.70119,-0.44275,-0.79156,-3.9355,-0.5401,-0.80982,-4.0547900000000014,-3.88781,-4.9642,-1.40871,0.03084,-4.8072599999999985,0.03775,-5.00087,3.47757,3.46119,-0.99433,0.41894,-2.09161,0.07305,0.11802,-0.75134,-4.75056,-4.13536,-4.2668300000000015,-4.00586,0.48942 -0.00647 5.66961 0.35735 -0.00702 4.46336 0.60483 -0.00589 6.72462 0.2392 -0.00675 3.39886 -0.44678 -1.19176 -1.00451 -0.57468 0.00344 -1.70431 -0.45346 1.19724 -1.00092 -0.20931 1.14451 0.36837 -0.08303 0.00071 1.0552 -0.20285 -1.14173 0.36493 -0.53365 -2.14586 -1.50417 -0.76368 0.00448 -2.76873 -0.54563 2.15227 -1.4978 -0.11017 2.0567 0.94357 -0.09849 -2.0551 0.93743,C C H H C C C C N C H H H H H,-3.948,65_PyridineEthyne
C#C,c1cccnc1,0,0,4,11,26571,S66x8,3057216,10,66868400,avdz,-2.70796,-0.25851,-0.6268699999999999,0.11825,-0.67673,-0.19057,-0.19491,-3.59334,-3.45701,0.13633,-2.69466,-0.41325,-0.66959,-3.7775,-2.69307,-0.36922,-0.66132,-3.72361,-0.44538,-0.6756300000000001,-3.81567,-3.67934,-4.16603,-1.7371,0.02203,-4.0051,0.02759,-4.19395,2.3934900000000003,2.38552,-0.7437699999999999,0.27437,-1.71213,0.05113,0.08446000000000001,-0.5553899999999999,-4.40179,-3.88957,-4.00464,-3.77832,0.50476 -0.00682 5.78121 0.37269 -0.00737 4.57496 0.62017 -0.00625 6.83622 0.25455 -0.00711 3.51045 -0.44678 -1.19176 -1.00451 -0.57468 0.00344 -1.70431 -0.45346 1.19724 -1.00092 -0.20931 1.14451 0.36837 -0.08303 0.00071 1.0552 -0.20285 -1.14173 0.36493 -0.53365 -2.14586 -1.50417 -0.76368 0.00448 -2.76873 -0.54563 2.15227 -1.4978 -0.11017 2.0567 0.94357 -0.09849 -2.0551 0.93743,C C H H C C C C N C H H H H H,-3.727,65_PyridineEthyne
C#C,c1cccnc1,0,0,4,11,26571,S66x8,3057216,25,66868401,avdz,-2.28825,-0.16694,-0.38045,0.06212,-0.40873,-0.11569000000000003,-0.12012,-2.83564,-2.75055,0.08509,-2.27221,-0.23823000000000005,-0.39875,-2.90919,-2.27441,-0.21598,-0.39463,-2.88501,-0.25447,-0.40176,-2.92844,-2.84335,-2.62481,-1.85333,0.007890000000000001,-2.47166,0.01062,-2.63778,0.7964399999999999,0.7955,-0.33854,0.07755,-0.97363,0.017169999999999998,0.02997,-0.25802,-3.28686,-2.97193,-3.0341,-2.91511,0.5508 -0.00789 6.116 0.41873 -0.00844 4.90975 0.66621 -0.00731 7.17101 0.30058 -0.00818 3.84525 -0.44678 -1.19176 -1.00451 -0.57468 0.00344 -1.70431 -0.45346 1.19724 -1.00092 -0.20931 1.14451 0.36837 -0.08303 0.00071 1.0552 -0.20285 -1.14173 0.36493 -0.53365 -2.14586 -1.50417 -0.76368 0.00448 -2.76873 -0.54563 2.15227 -1.4978 -0.11017 2.0567 0.94357 -0.09849 -2.0551 0.93743,C C H H C C C C N C H H H H H,-2.87,65_PyridineEthyne
C#C,c1cccnc1,0,0,4,11,26571,S66x8,3057216,50,66868402,avdz,-1.4489,-0.07335,-0.17632,0.04054,-0.18611,-0.05007,-0.053570000000000007,-1.6985599999999998,-1.64454,0.054020000000000006,-1.43678,-0.09768,-0.18157,-1.71603,-1.4407299999999998,-0.08847000000000001,-0.18,-1.7092,-0.1044,-0.18271,-1.72389,-1.66987,-1.41687,-1.30356,0.00139,-1.30351,0.0021100000000000003,-1.42356,0.13467,0.13464,-0.11565,0.01005,-0.42714,0.0027,0.00475,-0.08623,-1.90042,-1.7331299999999998,-1.7613900000000002,-1.7057400000000005,0.62751 -0.00967 6.67399 0.49544 -0.01022 5.46774 0.74292 -0.00909 7.729 0.3773 -0.00995 4.40324 -0.44678 -1.19176 -1.00451 -0.57468 0.00344 -1.70431 -0.45346 1.19724 -1.00092 -0.20931 1.14451 0.36837 -0.08303 0.00071 1.0552 -0.20285 -1.14173 0.36493 -0.53365 -2.14586 -1.50417 -0.76368 0.00448 -2.76873 -0.54563 2.15227 -1.4978 -0.11017 2.0567 0.94357 -0.09849 -2.0551 0.93743,C C H H C C C C N C H H H H H,-1.6840000000000002,65_PyridineEthyne
C#C,c1cccnc1,0,0,4,11,26571,S66x8,3057216,100,66868403,avdz,-0.5812,-0.00927,-0.04751,0.03032,-0.04929,-0.0103,-0.01156,-0.63799,-0.61047,0.02752,-0.57645,-0.01587,-0.04823,-0.64055,-0.57816,-0.01294,-0.04787,-0.6389699999999999,-0.018009999999999998,-0.04849,-0.64295,-0.61543,-0.5544899999999999,-0.5522199999999999,4e-05,-0.50273,8e-05,-0.55778,0.00306,0.00306,-0.02311,0.00017,-0.11658,6e-05,0.00012,-0.01551,-0.70958,-0.63613,-0.64613,-0.62564,0.78095 -0.01322 7.78997 0.64888 -0.01377 6.58372 0.89636 -0.01265 8.84498 0.53073 -0.01351 5.51922 -0.44678 -1.19176 -1.00451 -0.57468 0.00344 -1.70431 -0.45346 1.19724 -1.00092 -0.20931 1.14451 0.36837 -0.08303 0.00071 1.0552 -0.20285 -1.14173 0.36493 -0.53365 -2.14586 -1.50417 -0.76368 0.00448 -2.76873 -0.54563 2.15227 -1.4978 -0.11017 2.0567 0.94357 -0.09849 -2.0551 0.93743,C C H H C C C C N C H H H H H,-0.623,65_PyridineEthyne
CN,c1cccnc1,0,0,7,11,26572,S66x8,3057477,-10,66870484,avdz,2.79915,-2.95116,-3.13422,-1.71748,-2.66931,-0.8274299999999999,-0.86969,-3.2862400000000003,-2.41507,0.8711700000000001,2.78526,-3.53059,-3.42812,-4.17345,2.80358,-3.38234,-3.37841,-3.95718,-3.63877,-3.4644,-4.31791,-3.44674,-7.20067,4.99644,0.09951,-7.17752,0.10318,-7.175669999999998,11.79924,11.7015,-2.50532,1.99419,-7.9988899999999985,0.37498,0.5451199999999999,-1.44822,-4.4145699999999986,-3.09894,-3.5157300000000005,-2.7219900000000004,-0.0788 1.04239 0.73846 -0.54106 0.02958 -0.209 -0.72015 1.91941 0.67198 -0.05076 0.72382 1.78551 0.92643 1.3566 0.462 0.05555 -0.78612 -0.13029 -1.46967 -0.27471 0.05314 3.4382 0.59161 -0.89617 4.09904 0.76116 0.31609 3.7589 -0.07381 1.37522 2.77512 -1.0386 1.17603 2.12843 -1.21286 0.01518 2.46687 -0.40052 -0.99654 3.66305 1.21596 -1.74902 4.85689 1.52339 0.43248 4.24149 0.01666 2.33792 2.48904 -1.70234 1.98264 1.9242 -0.54506 -1.92192,C N H H H H H C C C C N C H H H H H,-3.357,66_MeNH2Pyridine
CN,c1cccnc1,0,0,7,11,26572,S66x8,3057477,-5,66870485,avdz,1.30108,-2.4746,-2.6198200000000003,-1.45446,-2.24172,-0.6986,-0.7335699999999999,-3.79334,-3.0937,0.6996399999999999,1.30721,-2.92043,-2.85109,-4.46431,1.3219,-2.8060400000000003,-2.8116,-4.29574,-3.0039,-2.87991,-4.5766,-3.87696,-5.52582,2.83887,0.07247,-5.49774,0.0758,-5.50387,8.04514,7.99776,-1.6665900000000002,1.25968,-6.53084,0.26588,0.39853,-0.93775,-4.66982,-3.5608800000000005,-3.88271,-3.25843,-0.0788 1.04239 0.73846 -0.54106 0.02958 -0.209 -0.72015 1.91941 0.67198 -0.05076 0.72382 1.78551 0.92643 1.3566 0.462 0.05555 -0.78612 -0.13029 -1.46967 -0.27471 0.05314 3.55335 0.56791 -0.88809 4.21419 0.73745 0.32418 3.87406 -0.09751 1.3833 2.89028 -1.0623 1.18412 2.24358 -1.23657 0.02326 2.58202 -0.42423 -0.98846 3.7782 1.19225 -1.74094 4.97204 1.49969 0.44056 4.35665 -0.00705 2.346 2.60419 -1.72605 1.99073 2.03935 -0.56876 -1.91384,C N H H H H H C C C C N C H H H H H,-3.803,66_MeNH2Pyridine
CN,c1cccnc1,0,0,7,11,26572,S66x8,3057477,0,66870486,avdz,0.33403,-2.07903,-2.1953400000000003,-1.23168,-1.88557,-0.59046,-0.61971,-3.94034,-3.37368,0.56666,0.35262,-2.42177,-2.3772,-4.44635,0.36355,-2.33344,-2.34585,-4.31574,-2.48623,-2.40008,-4.53368,-3.96702,-4.30645,1.42836,0.05261,-4.27208,0.055520000000000014,-4.2870599999999985,5.48301,5.46006,-1.12686,0.79603,-5.35444,0.18714,0.29038,-0.6160100000000001,-4.62782,-3.73674,-3.95653,-3.5338800000000004,-0.0788 1.04239 0.73846 -0.54106 0.02958 -0.209 -0.72015 1.91941 0.67198 -0.05076 0.72382 1.78551 0.92643 1.3566 0.462 0.05555 -0.78612 -0.13029 -1.46967 -0.27471 0.05314 3.66841 0.54422 -0.88001 4.32925 0.71376 0.33225 3.98911 -0.1212 1.39137 3.00533 -1.08599 1.19219 2.35864 -1.26026 0.03133 2.69708 -0.44791 -0.98038 3.89326 1.16856 -1.73286 5.0871 1.476 0.44863 4.4717 -0.03074 2.35407 2.71925 -1.74974 1.9988 2.15441 -0.59245 -1.90576,C N H H H H H C C C C N C H H H H H,-3.907,66_MeNH2Pyridine
CN,c1cccnc1,0,0,7,11,26572,S66x8,3057477,5,66870487,avdz,-0.27225,-1.74905,-1.84337,-1.04227,-1.58792,-0.49919,-0.52385,-3.86466,-3.40164,0.46303,-0.24755,-2.01244,-1.9863,-4.2463,-0.24006,-1.94421,-1.96148,-4.14575,-2.06223,-2.00442,-4.3142,-3.85118,-3.40892,0.51889,0.03805,-3.3688,0.04053,-3.3922800000000004,3.73577,3.72467,-0.77476,0.5031800000000001,-4.40634,0.13078,0.21074,-0.4177300000000001,-4.41063,-3.67531,-3.88382,-3.5302300000000004,-0.0788 1.04239 0.73846 -0.54106 0.02958 -0.209 -0.72015 1.91941 0.67198 -0.05076 0.72382 1.78551 0.92643 1.3566 0.462 0.05555 -0.78612 -0.13029 -1.46967 -0.27471 0.05314 3.78366 0.52049 -0.87193 4.4445 0.69004 0.34034 4.10437 -0.14493 1.39946 3.12058 -1.10972 1.20028 2.47389 -1.28398 0.03942 2.81233 -0.47164 -0.97229 4.00851 1.14483 -1.72478 5.20235 1.45227 0.45672 4.58695 -0.05446 2.36216 2.8345 -1.77346 2.00689 2.26966 -0.61618 -1.89767,C N H H H H H C C C C N C H H H H H,-3.803,66_MeNH2Pyridine
CN,c1cccnc1,0,0,7,11,26572,S66x8,3057477,10,66870488,avdz,-0.634,-1.47396,-1.55165,-0.88174,-1.3395,-0.42229,-0.44322,-3.65961,-3.27754,0.38207,-0.60773,-1.67671,-1.6641099999999998,-3.94855,-0.6030800000000001,-1.62393,-1.64448,-3.8715,-1.71523,-1.6784400000000002,-4.00139,-3.61932,-2.74318,-0.05272,0.02745,-2.69871,0.02951,-2.72971,2.5497,2.54432,-0.54303,0.31895,-3.64167,0.09091,0.15247,-0.29725,-4.09962,-3.48432,-3.61754,-3.35246,-0.0788 1.04239 0.73846 -0.54106 0.02958 -0.209 -0.72015 1.91941 0.67198 -0.05076 0.72382 1.78551 0.92643 1.3566 0.462 0.05555 -0.78612 -0.13029 -1.46967 -0.27471 0.05314 3.89881 0.49679 -0.86384 4.55965 0.66633 0.34842 4.21952 -0.16863 1.40754 3.23574 -1.13342 1.20836 2.58905 -1.30769 0.0475 2.92748 -0.49535 -0.96421 4.12367 1.12113 -1.7167 5.31751 1.42857 0.4648 4.70211 -0.07817 2.37024 2.94965 -1.79717 2.01497 2.38482 -0.63988 -1.88959,C N H H H H H C C C C N C H H H H H,-3.582,66_MeNH2Pyridine
CN,c1cccnc1,0,0,7,11,26572,S66x8,3057477,25,66870489,avdz,-0.95796,-0.89074,-0.93878,-0.5332399999999999,-0.81228,-0.25649,-0.26966,-2.78748,-2.55997,0.22751,-0.93699,-0.9852,-0.99428,-2.91648,-0.93733,-0.96037,-0.98463,-2.88233,-1.00332,-1.0013299999999998,-2.94164,-2.71413,-1.56998,-0.7046,0.01019,-1.52169,0.01127,-1.56479,0.82368,0.82305,-0.21178,0.08356,-2.10788,0.02978,0.05656,-0.14494,-3.0358,-2.67537,-2.77292,-2.57662,-0.0788 1.04239 0.73846 -0.54106 0.02958 -0.209 -0.72015 1.91941 0.67198 -0.05076 0.72382 1.78551 0.92643 1.3566 0.462 0.05555 -0.78612 -0.13029 -1.46967 -0.27471 0.05314 4.24428 0.42567 -0.8396 4.90512 0.59521 0.37266 4.56498 -0.23975 1.43179 3.5812 -1.20454 1.2326 2.93451 -1.37881 0.07174 3.27295 -0.56647 -0.93997 4.46913 1.05001 -1.69245 5.66297 1.35744 0.48905 5.04757 -0.14929 2.39449 3.29512 -1.86829 2.03921 2.73028 -0.71101 -1.86535,C N H H H H H C C C C N C H H H H H,-2.697,66_MeNH2Pyridine
CN,c1cccnc1,0,0,7,11,26572,S66x8,3057477,50,66870490,avdz,-0.74448,-0.40074,-0.428,-0.23341,-0.36812,-0.11432,-0.12070999999999997,-1.57323,-1.46034,0.11289,-0.73156,-0.4305600000000001,-0.44643,-1.60854,-0.7335,-0.4225100000000001,-0.44339,-1.5994,-0.43643,-0.44864,-1.61663,-1.50374,-0.79063,-0.65909,0.00191,-0.75271,0.00221,-0.79118,0.13373,0.13371,-0.06464,0.01008,-0.92084,0.00443,0.01014,-0.06398,-1.68225,-1.5066,-1.57093,-1.44156,-0.0788 1.04239 0.73846 -0.54106 0.02958 -0.209 -0.72015 1.91941 0.67198 -0.05076 0.72382 1.78551 0.92643 1.3566 0.462 0.05555 -0.78612 -0.13029 -1.46967 -0.27471 0.05314 4.82005 0.30713 -0.79919 5.48089 0.47667 0.41307 5.14076 -0.35829 1.47219 4.15697 -1.32308 1.27301 3.51028 -1.49735 0.11215 3.84872 -0.685 -0.89956 5.0449 0.93147 -1.65205 6.23874 1.23891 0.52945 5.62334 -0.26783 2.43489 3.87089 -1.98683 2.07962 3.30605 -0.82954 -1.82494,C N H H H H H C C C C N C H H H H H,-1.5019999999999998,66_MeNH2Pyridine
CN,c1cccnc1,0,0,7,11,26572,S66x8,3057477,100,66870491,avdz,-0.32252,-0.09636,-0.10779,-0.04973,-0.0905,-0.02618,-0.02775,-0.52666,-0.48892,0.03774,-0.31833,-0.10154,-0.11038,-0.5302399999999999,-0.31883,-0.09971,-0.1099,-0.5284300000000001,-0.10287,-0.11073,-0.53193,-0.49419,-0.30753,-0.30471,6e-05,-0.2912,8e-05,-0.30817,0.00359,0.00359,-0.013030000000000002,0.00014,-0.22673,9e-05,0.00027,-0.01739,-0.56123,-0.49609,-0.5355,-0.452,-0.0788 1.04239 0.73846 -0.54106 0.02958 -0.209 -0.72015 1.91941 0.67198 -0.05076 0.72382 1.78551 0.92643 1.3566 0.462 0.05555 -0.78612 -0.13029 -1.46967 -0.27471 0.05314 5.98999 0.06627 -0.71709 6.65083 0.23582 0.49517 6.3107 -0.59915 1.5543 5.32692 -1.56394 1.35511 4.68023 -1.7382 0.19425 5.01866 -0.92586 -0.81746 6.21484 0.69061 -1.56994 7.40869 0.99805 0.61156 6.79329 -0.50868 2.517 5.04083 -2.22768 2.16172 4.476 -1.0704 -1.74284,C N H H H H H C C C C N C H H H H H,-0.4970000000000001,66_MeNH2Pyridine
